,"('Meat & Cheese', 'Cold Drinks')","('Meat & Cheese', 'Hot Drinks')","('Snack Bars', 'Cold Drinks')","('Snack Bars', 'Hot Drinks')","('Fruit & Nuts', 'Cold Drinks')","('Fruit & Nuts', 'Hot Drinks')","('Popcorn & Chips', 'Cold Drinks')","('Popcorn & Chips', 'Hot Drinks')"
0,3.123702878909969,0.8055892425463336,2.5893157894736847,2.876299122807017,16.284736842105264,13.945555555555556,3.336787952969103,3.1037210925039878
1,3.4306725758796666,0.8055892425463336,2.3750909832721345,2.876299122807017,16.081333333333333,13.945555555555556,3.154546092503987,3.1037210925039878
2,1.1748128807840117,0.8055892425463336,1.2611542731462086,2.876299122807017,2.3621396895787137,13.945555555555556,1.3845689765088132,3.1037210925039878
3,3.831624956832047,0.8055892425463336,2.4353414304993253,2.876299122807017,16.13609756097561,13.945555555555556,3.198476527286596,3.1037210925039878
4,1.7304268328020864,0.8055892425463336,2.400484780449894,2.876299122807017,26.07927272727273,13.945555555555556,3.175008097165992,3.1037210925039878
5,1.8897072163505289,1.354929325993156,2.0522566806297844,1.280489417989418,5.662711538461538,2.1324465894465896,2.05954170774377,1.2144247065914973
6,1.7811791981502123,1.2497759829178852,1.9579476744186048,1.2779682539682542,5.214311111111111,1.995783166109253,2.0263728407157218,1.1852703388565458
7,1.8897072163505289,1.8707618062008955,2.0522566806297844,1.741508491508491,5.662711538461538,2.7416514431859698,2.05954170774377,1.649471904146274
8,2.15681292675686,1.4369362126245846,2.4617400318979263,1.3504276237858328,16.16913043478261,2.352158385093168,3.2446402101510463,1.2719767826833046
9,2.5113392425463337,2.731050598394183,2.519149122807017,2.038893178893179,16.22142857142857,4.082692307692308,3.2867929010146257,1.9397750799924711
10,1.491144205050441,1.2879568144499178,2.255268170426065,1.6382615384615384,12.67528205128205,2.7800600474794024,3.105680395017394,1.6151654982045582
11,1.5490535282606193,1.2002552377657325,2.3086491228070174,1.6067999999999998,16.027419354838706,2.8486815920398016,3.1263610178771217,1.5692564336372845
12,1.5481216486594636,1.8789433811802236,2.275315789473684,1.7616407666407663,12.694086021505376,2.8070974677496414,3.1218381775333857,1.675473604826546
13,1.5091100656478809,1.8789433811802236,2.261735144312394,1.7616407666407663,12.681354166666667,2.8070974677496414,3.1109102086819904,1.675473604826546
14,2.3132215954875095,5.796912280701755,2.489077694235589,2.489666666666667,16.19409090909091,10.814375,3.26485629658562,2.5214804804804807
15,1.642177952223753,0.968627583108715,2.338720551378446,1.3835604395604395,16.055517241379313,2.0095075757575755,3.1502984734563686,1.3768067226890754
16,1.5490535282606193,1.4809453997312119,2.3086491228070174,1.7263670388910282,16.027419354838706,3.0445589225589225,3.1263610178771217,1.6751186813186814
17,2.5113392425463337,1.4809453997312119,2.519149122807017,1.7263670388910282,16.22142857142857,3.0445589225589225,3.2867929010146257,1.6751186813186814
18,1.642177952223753,11.64066310160428,2.338720551378446,3.3134432234432234,16.055517241379313,16.5304,3.1502984734563686,2.877501831501831
19,1.5490535282606193,11.64066310160428,2.3086491228070174,3.3134432234432234,16.027419354838706,16.5304,3.1263610178771217,2.877501831501831
20,1.491144205050441,11.64066310160428,2.255268170426065,3.3134432234432234,12.67528205128205,16.5304,3.105680395017394,2.877501831501831
21,1.5490535282606193,11.64066310160428,2.3086491228070174,3.3134432234432234,16.027419354838706,16.5304,3.1263610178771217,2.877501831501831
22,3.9857839756592286,11.64066310160428,2.6893355523195344,3.3134432234432234,26.341714285714282,16.5304,3.3855080971659914,2.877501831501831
23,2.315124183006536,1.7893508634222919,2.564835269993165,1.3345155041354777,6.1940909090909075,2.1453571428571427,3.274325993555317,1.2227696736297506
24,3.9857839756592286,1.4227473839518785,2.6893355523195344,1.372809279921956,26.341714285714282,2.0226018474279344,3.3855080971659914,1.1339443546649428
25,2.3141663286004057,2.20695652173913,2.52530957829356,1.7029159420289854,26.19409090909091,2.695293236175589,3.2695183012476248,1.8211915708812259
26,3.9857839756592286,1.923835954363244,2.6893355523195344,1.419316742081448,26.341714285714282,2.37033910119731,3.3855080971659914,1.2770129870129872
27,1.88174183006536,3.1724404924760603,2.478916902646226,2.0630822966507174,6.115294117647059,4.090202702702703,3.2098872180451123,2.077416642598119
28,2.5132418300653594,1.8283333333333327,2.5949066985645937,1.6164221701795474,6.221428571428571,2.7410952380952383,3.2962625979843225,1.7784285714285717
29,1.8897072163505289,1.8496666666666663,2.0522566806297844,1.5878463203463202,5.662711538461538,2.7998275058275057,2.05954170774377,1.7479372180451125
30,1.7811791981502123,2.221354359925788,1.9579476744186048,1.7286787878787881,5.214311111111111,2.7655194805194805,2.0263728407157218,1.8412751977984176
31,1.8897072163505289,2.221354359925788,2.0522566806297844,1.7286787878787881,5.662711538461538,2.7655194805194805,2.05954170774377,1.8412751977984176
32,1.764797385620915,6.107808731808733,2.449175929333824,2.682154499151104,6.087777777777778,11.201999999999998,3.186951382694023,2.521936507936508
33,1.764797385620915,1.3134558378705383,2.449175929333824,1.3221569207229786,6.087777777777778,1.9424608724608723,3.186951382694023,1.558128450496871
34,1.932819420100857,2.0729368803239767,1.5398022173852166,1.716431623931624,4.107136645962733,3.009344514325647,1.3561546382443839,1.838754408958175
35,1.9095931911226027,2.0729368803239767,1.522758733477453,1.716431623931624,4.0640031225605,3.009344514325647,1.3476541961577353,1.838754408958175
36,2.7505687531422818,11.601117647058823,2.606393540669856,14.159428571428574,3.6415,13.9625,2.885149122807017,4.774761904761903
37,3.1038554664289952,11.601117647058823,2.6433233652312595,14.159428571428574,3.674736842105263,13.9625,2.9112576499387997,4.774761904761903
38,13.437491830065358,11.601117647058823,2.877212254120149,14.159428571428574,3.8810344827586207,13.9625,3.0667569659442715,4.774761904761903
39,4.391316526610645,11.601117647058823,2.51703532728881,14.159428571428574,6.216274509803923,13.9625,2.6837223828802768,4.774761904761903
40,1.688299723816595,11.601117647058823,1.6369451871657752,14.159428571428574,3.3639445887445887,13.9625,2.2334825174825177,4.774761904761903
41,0.8264073629451779,1.780650863422292,2.8647157894736837,1.8861693548387093,13.222222222222225,2.1254413145539908,3.5341982521602504,1.500043956043956
42,0.8273392425463335,1.4124311784182817,2.8980491228070173,1.964607425183512,16.555555555555557,1.994370122630992,3.5387210925039865,1.3818633010182304
43,2.186078431372549,2.1975,2.3151021877539266,2.6539495798319326,6.034666666666666,2.679962868868478,2.5412300751879697,2.0903194274413783
44,5.777930589680591,1.9143794326241133,2.5799807692307697,2.052502432551968,9.963375,2.347370129870129,2.9243203497615267,1.5915864661654138
45,1.4345606229143493,3.1571773345813234,1.9348739701159052,3.4996464646464647,4.443699059561129,4.036666666666667,2.1253609831029183,2.5872085561497324
46,2.5178073804660466,1.8159047619047617,2.347483048433048,2.560438095238095,8.59609756097561,2.700776285861032,2.7767855072463767,1.983728315709448
47,1.317665598290598,1.8383679653679652,1.5891759571342152,2.521631701631702,2.4318962769810226,2.766354166666667,1.5505446428571428,1.941158267020336
48,1.9528030303030304,2.2110381543921918,1.7749917180149737,2.709905462184873,2.8193003663003657,2.745408893432149,1.6853794871794872,2.1212741312741312
49,2.5604915982765744,2.2110381543921918,1.9837973827569229,2.709905462184873,3.774398550724638,2.745408893432149,1.9134234198181372,2.1212741312741312
50,1.5956669350509929,6.079127413127412,1.5358269320843092,5.836214285714287,3.175492063492064,10.79603448275862,1.4546015986882557,3.6269037267080737
51,1.2489452314383347,1.3047558378705384,1.624680893300248,2.001470588235294,2.7673281926406927,1.921809523809524,1.6042375293531628,1.6136913145539904
52,1.3800561473892399,2.0605083088954053,1.8062566768027164,2.7487320517553067,3.9742299396031058,2.9710554260554263,1.7987346064098289,2.0984894091415827
53,1.278667672197084,2.0605083088954053,1.5815895530536093,2.7487320517553067,2.45132058287796,2.9710554260554263,1.5634415584415584,2.0984894091415827
54,1.4783668039277793,37.294000000000004,1.8257794089968,7.089047619047619,3.9506578947368416,3.936351778656127,1.8205580711948173,7.762348484848485
55,1.0889369184007482,37.294000000000004,1.5085222222222219,7.089047619047619,2.46971259537049,3.936351778656127,1.5329192839096042,7.762348484848485
56,1.2440220430325382,37.294000000000004,1.6181680727874277,7.089047619047619,2.8328926282051277,3.936351778656127,1.559652913968547,7.762348484848485
57,0.9782740633074936,37.294000000000004,2.0145707082780957,7.089047619047619,2.2971657509157506,3.936351778656127,1.5132845744680852,7.762348484848485
58,1.7935485933503834,37.294000000000004,1.8344066387166076,7.089047619047619,2.7002941176470587,3.936351778656127,2.219694910352805,7.762348484848485
59,1.7005813592902057,2.141701127819549,1.3856412901424062,1.65925284783866,4.356890282131661,1.484043956043956,1.7161623627093796,1.7680895100834124
60,2.82056223893066,2.153496411187196,1.6946297403586037,1.7727419737125618,13.998828282828278,1.4659947620419034,1.965175824175824,1.7907466307277626
61,1.152651635835015,2.626235294117647,1.1817227772227772,2.1903861003861005,2.425647631779985,1.9851735548020373,1.079805534071336,2.5124218346253233
62,1.1847785164999785,2.339419882443138,1.2793730911719527,1.7921353162966067,4.3966344203463885,1.5747694462400346,1.1686671388616467,1.9075220531455828
63,8.214867647058822,3.991282051282052,3.0416662881368763,2.836437012263098,11.001666666666667,2.4204642857142864,2.8789179805701544,3.322347480106101
64,8.93437851662404,2.2013333333333334,2.8730544945250833,2.1078072367883687,10.827441860465116,1.9146901737101372,2.6063913193724515,2.299012373285629
65,1.557708265139116,2.1381051367331856,1.332808373590982,2.0588278474399164,2.4850357142857136,1.8722857142857143,1.2898303030303029,2.2286089743589743
66,9.165591331269347,2.680058823529412,2.930463585434174,2.238332954803543,10.887692307692307,2.0186097455176397,2.645297749869178,2.559967576461479
67,7.405962008141111,2.680058823529412,2.9366314731020613,2.238332954803543,20.776603773584906,2.0186097455176397,2.7336085440663758,2.559967576461479
68,3.2355601613576304,8.3325,2.158621974807756,4.3569426877470345,5.759591973244147,3.209835164835165,2.159081615328644,5.145547511312216
69,3.1510952380952384,1.5229312865497076,2.003352037045417,1.6554683527376848,5.309361111111111,1.569529546372325,2.1330011123470523,1.7822255536381941
70,3.2355601613576304,2.48886613259027,2.158621974807756,2.254797101449275,5.759591973244147,2.017016508731152,2.159081615328644,2.480222222222222
71,7.688617647058822,2.48886613259027,2.9202969187675074,2.254797101449275,10.874090909090908,2.017016508731152,2.7975653235653235,2.480222222222222
72,7.899117647058822,2.428235294117647,2.975061146409784,5.066074660633483,10.9315,4.728099033816425,2.8349875457875457,5.764285714285713
73,7.219296932928884,2.428235294117647,2.6584129901960787,5.066074660633483,7.367619047619049,4.728099033816425,2.67301382259964,5.764285714285713
74,7.267617647058822,2.428235294117647,2.7730619460899115,5.066074660633483,10.720999999999998,4.728099033816425,2.6906446886446886,5.764285714285713
75,7.263355072463769,2.428235294117647,2.6778238508518166,5.066074660633483,7.387666666666666,4.728099033816425,2.6878435681965094,5.764285714285713
76,7.23328364389234,2.428235294117647,2.6646778711484598,5.066074660633483,7.374086021505378,4.728099033816425,2.6778197586727,5.764285714285713
77,7.78429946524064,1.8126836506159016,2.94640544589929,1.5924197677322678,10.901428571428573,1.3044678853754943,2.8155567765567766,1.7039144269423925
78,7.337784313725491,1.6539035204991088,2.802121480171016,1.6365482564973228,10.751071428571427,1.3148279053428722,2.7125148185148182,1.5549182019159908
79,7.267617647058822,2.3701962949331365,2.7730619460899115,2.209857142857143,10.720999999999998,1.9009459298871059,2.6906446886446886,2.37167264752791
80,7.899117647058822,1.9404761904761905,2.975061146409784,1.7064493905341362,10.9315,1.3861286412512217,2.8349875457875457,1.8259068627450976
81,7.337784313725491,3.4731538461538465,2.802121480171016,2.7556731382208057,10.751071428571427,2.3959847494553377,2.7125148185148182,3.0387001951536834
82,7.267617647058822,1.839987238567884,2.7730619460899115,2.090143843772327,10.720999999999998,1.6086787025703793,2.6906446886446886,2.223498065277041
83,7.219296932928884,1.7653306451612902,2.6584129901960787,2.0457894736842106,7.367619047619049,1.5404396551724138,2.67301382259964,2.1999934112009583
84,7.267617647058822,2.3967248154322456,2.7730619460899115,2.2474035087719297,10.720999999999998,1.9211572871572868,2.6906446886446886,2.4061818181818184
85,8.58358438576349,2.3967248154322456,3.211794871794871,2.2474035087719297,21.065454545454546,1.9211572871572868,2.9200980235791105,2.4061818181818184
86,7.79321212121212,7.035928571428572,3.184500683994528,3.815896103896104,0.9014285714285716,3.3367673992673987,2.8213639774859285,4.408634974533109
87,8.58358438576349,1.3436935568666393,3.211794871794871,1.6890714285714286,21.065454545454546,1.2961337920074938,2.9200980235791105,1.7537638897476164
88,7.788689280868383,2.0741259079903145,3.0562955557894,2.2261365177650005,20.90142857142857,1.74496201640336,2.818425393883225,2.384967032967033
89,8.58358438576349,2.0741259079903145,3.211794871794871,2.2261365177650005,21.065454545454546,1.74496201640336,2.9200980235791105,2.384967032967033
90,7.516064785788922,27.358690476190468,3.102258823529412,6.7386813186813175,0.8155102040816328,3.4939285714285715,2.7637303399370365,5.764285714285713
91,7.908030303030302,27.358690476190468,3.2131563845050217,6.7386813186813175,0.9315,3.4939285714285715,2.8407947467166976,5.764285714285713
92,3.2355601613576304,27.358690476190468,2.158621974807756,6.7386813186813175,5.759591973244147,3.4939285714285715,2.159081615328644,5.764285714285713
93,3.1510952380952384,27.358690476190468,2.003352037045417,6.7386813186813175,5.309361111111111,3.4939285714285715,2.1330011123470523,5.764285714285713
94,3.2355601613576304,27.358690476190468,2.158621974807756,6.7386813186813175,5.759591973244147,3.4939285714285715,2.159081615328644,5.764285714285713
95,7.434405303030302,1.7405992063492064,3.0736625971143177,2.031234604467481,0.7857692307692308,1.3501459873459871,2.7430141015554077,1.7039144269423925
96,7.434405303030302,1.5632025943481889,3.0736625971143177,1.8287783108909867,0.7857692307692308,1.3208126463700234,2.7430141015554077,1.5549182019159908
97,3.3263130860860017,2.2419625779625774,1.6245476847543816,2.57843956043956,4.0940824587706155,1.921836655233151,1.4462306496792263,2.37167264752791
98,3.3067716727716734,1.8582737932382252,1.6015390756610266,2.2278883371530425,4.0504689265536715,1.4258860938383269,1.4390500727725,1.8259068627450976
99,8.000909090909092,3.2064102564102566,3.2276923076923074,3.799736842105263,6.184736842105262,2.296751347708895,2.6878447467166984,3.0387001951536834
100,8.176325757575757,1.742132083602672,3.2627027027027027,2.5915009580583352,6.221666666666667,1.7557979133682458,2.7107251814993063,2.223498065277041
101,10.206147186147186,1.6768118466898954,3.4821428571428568,2.659155844155844,6.455555555555557,1.7078140426824635,2.8442974494194004,2.1999934112009583
102,8.637777777777776,2.2632069275753484,2.7746358320042526,2.634840906840907,7.032708333333334,1.9434500716674632,2.622107892107892,2.4061818181818184
103,1.8766580086580085,2.2632069275753484,1.528532302597152,2.634840906840907,4.1549945887445885,1.9434500716674632,2.1319222177842865,2.4061818181818184
104,11.683855072463768,5.980095238095237,3.2352639517345403,9.778300248138956,7.977066666666667,2.907560416627849,3.048700711053652,4.408634974533109
105,11.688117647058823,1.2859748747984043,3.3305020469726347,1.8741962350999848,11.3104,1.4658288195969356,3.051501831501831,1.7537638897476164
106,7.631038647342992,1.9616007689746,2.5832721956406166,2.837323232323232,6.83077519379845,1.8619696969696968,2.497283094264226,2.384967032967033
107,4.256259740259741,1.9616007689746,2.9078821879382883,2.837323232323232,12.526,1.8619696969696968,2.657391472868217,2.384967032967033
108,1.8106376956376955,,2.0677231121281467,9.412698412698411,4.794253246753248,4.476233333333333,2.083081036168133,5.221142857142857
109,2.917137851029622,,2.6404705882352943,9.412698412698411,11.137692307692307,4.476233333333333,2.521711051026581,5.221142857142857
110,1.698053861347979,,1.5477394636015327,9.412698412698411,2.3803801169590644,4.476233333333333,1.7181107288717292,5.221142857142857
111,2.2671152294910057,,1.7414363636363634,9.412698412698411,2.778870431893688,4.476233333333333,1.8501011936055456,5.221142857142857
112,2.976234252638747,,1.9865875457875457,9.412698412698411,3.7801353928299006,4.476233333333333,2.0508360805860804,5.221142857142857
113,2.2603582126046815,,1.6673552522746071,2.0728442728442733,3.225209471766848,1.5706154684095859,1.4349475802181508,1.6296910315850481
114,1.7982619047619046,,1.6032761904761903,1.8739652014652013,2.727514592933948,1.495906629318394,1.7684047619047618,1.5014896163744091
115,2.354045248868778,,1.8482067448680355,2.694917980570154,3.981481457881993,2.245483766233766,1.941459699678408,2.197833333333333
116,1.6743421676362853,,1.5396507936507935,2.2726145955493786,2.4049032699880164,1.667014925373134,1.7263739364909223,1.7384436304436304
117,2.425331248778581,,1.858116883116883,3.955192307692308,3.9599870129870127,2.718438633438633,1.962046757164404,2.7689038208168646
118,1.58574358974359,,1.4632068844397612,2.732276497695852,2.4266491228070177,2.195153846153846,1.6998583042973288,2.128214285714286
119,1.8784632034632032,,1.5996428571428574,2.7929889513471604,2.7790860215053765,2.1618021978021984,1.7427793749078575,2.1018705884279654
120,1.9360990777338605,,2.669125,2.75609954675172,2.225153558052434,2.2804612794612793,1.692625382747334,2.2341847290640398
121,7.281252189580102,,1.774148717948718,2.75609954675172,3.0555102040816324,2.2804612794612793,2.2922623271421547,2.2341847290640398
122,3.2061478521478524,,1.3833376549712342,10.287836538461539,4.5847219251336915,3.6253333333333333,1.6801087665400058,3.973773755656109
123,6.414390119684238,,1.6876104676104675,1.9950565425140891,14.217159329140461,1.8229350525635355,1.9815550174872207,1.7016216216216216
124,1.9295172413793105,,1.2486540034806406,2.9762727272727267,2.4370814479638008,2.302019786143775,1.1115925809822358,2.2569596037385797
125,2.9182044911610134,,1.3783094469789696,2.9762727272727267,4.411748148909914,2.302019786143775,1.2209846839320522,2.2569596037385797
126,8.167413101604279,,13.707967032967035,4.696538461538461,16.241714285714284,7.693538461538462,5.1124630541871925,4.074632352941176
127,8.886923971169495,,13.301883116883118,4.696538461538461,16.06142857142857,7.693538461538462,4.843095238095239,4.074632352941176
128,1.5385170886685278,,2.023458646616541,4.696538461538461,2.3647468354430377,7.693538461538462,1.6770919905617092,4.074632352941176
129,9.118136785814805,,13.407463054187193,4.696538461538461,16.12473684210526,7.693538461538462,4.930803571428571,4.074632352941176
130,7.358507462686566,,23.323870431893692,4.696538461538461,26.00576923076923,7.693538461538462,4.798722271517303,4.074632352941176
131,3.2138101613576304,,4.032759784075574,1.595868829485338,5.597794871794872,2.0478858797837183,2.7339070248129778,1.3421101146154666
132,3.129345238095238,,3.5684795321637424,1.5352810975187734,5.146557919621749,1.8281922303049063,2.6774737286675667,1.210824013346408
133,3.2138101613576304,,4.032759784075574,1.9519423076923077,5.597794871794872,3.385590187590187,2.7339070248129778,1.9409166666666668
134,7.641163101604277,,13.47936974789916,1.709625350140056,16.107441860465116,2.2429099821746883,4.924131274131273,1.4194342945190404
135,7.851663101604277,,13.57842857142857,2.5095175907683647,16.167692307692302,4.535886574725584,5.006883116883117,2.3675662386739385
136,7.17184238747434,,9.879699011680144,1.9178745844319611,12.594086021505374,3.3452637741895734,4.684656862745098,1.8035128205128208
137,7.220163101604277,,13.241628571428572,1.8951298701298702,15.948135593220336,3.4387272727272733,4.7180323450134765,1.7599344515133992
138,7.2159005270092225,,9.908295238095238,1.9918082497212928,12.614802259887007,3.42956862745098,4.710189207758575,1.9642489451476792
139,7.185829098437795,,9.888864468864467,1.9918082497212928,12.600765027322405,3.42956862745098,4.692858161446397,1.9642489451476792
140,7.736844919786097,,13.525803571428574,3.6253581901969,16.13609756097561,10.269838709677419,4.9631428571428575,3.214102216191768
141,7.290329768270945,,13.285559006211178,1.4917392453102107,15.979272727272726,2.6757942662730767,4.7569387755102035,1.4891742845958709
142,7.220163101604277,,13.241628571428572,2.04212111736502,15.948135593220336,3.602169792296833,4.7180323450134765,1.9093050348344467
143,7.851663101604277,,13.57842857142857,2.04212111736502,16.167692307692302,3.602169792296833,5.006883116883117,1.9093050348344467
144,7.290329768270945,,13.285559006211178,3.807515151515152,15.979272727272726,14.613333333333333,4.7569387755102035,3.3244796380090498
145,7.220163101604277,,13.241628571428572,3.807515151515152,15.948135593220336,14.613333333333333,4.7180323450134765,3.3244796380090498
146,7.17184238747434,,9.879699011680144,3.807515151515152,12.594086021505374,14.613333333333333,4.684656862745098,3.3244796380090498
147,7.220163101604277,,13.241628571428572,3.807515151515152,15.948135593220336,14.613333333333333,4.7180323450134765,3.3244796380090498
148,8.536129840308945,,23.83468944099379,3.807515151515152,26.309375,14.613333333333333,5.221130298273156,3.3244796380090498
149,7.745757575757575,,3.5258035714285714,1.4527731163657935,6.1360975609756085,2.208282051282051,4.979809523809523,1.16098063973064
150,8.536129840308945,,23.83468944099379,1.4184669455751544,26.309375,2.067330785156872,5.221130298273156,1.0942850786567777
151,7.741234735413839,,23.525803571428572,1.8226521828243487,26.13609756097561,3.0752237111060636,4.97130612244898,1.4790605637083625
152,8.536129840308945,,23.83468944099379,1.545079656862745,26.309375,2.4356428571428568,5.221130298273156,1.21904973973395
153,7.468610240334378,,3.3841208791208794,2.2698459383753504,6.046249999999999,4.4769999999999985,4.859523809523808,1.7886185110942143
154,7.860575757575757,,3.578428571428572,1.74298336338584,6.167692307692307,3.0492444662255984,5.023549783549783,1.4586692350027517
155,3.2138101613576304,,4.032759784075574,1.7037847394540944,5.597794871794872,3.1071839080459767,2.7339070248129778,1.4157878808445097
156,3.129345238095238,,3.5684795321637424,1.8550708725224507,5.146557919621749,3.140669735669736,2.6774737286675667,1.5054609164420485
157,3.2138101613576304,,4.032759784075574,1.8550708725224507,5.597794871794872,3.140669735669736,2.7339070248129778,1.5054609164420485
158,7.386950757575757,,3.337857142857142,3.077027417027417,6.015294117647057,11.323260869565216,4.8194285714285705,2.4944654169360048
159,7.386950757575757,,3.337857142857142,1.389657142857143,6.015294117647057,2.2495322236449,4.8194285714285705,1.2127311912225704
160,3.3207001828601954,,2.5259467963386726,1.849970408163265,4.089294540699575,3.3344166300688034,1.8668885647122249,1.5177674023769099
161,3.301158769545866,,2.4789751163623337,1.849970408163265,4.045422003284072,3.3344166300688034,1.853451314767104,1.5177674023769099
162,7.961363636363636,,3.3775714285714287,4.260277056277056,3.5927027027027023,17.763076923076927,4.2029339477726575,5.294115384615385
163,8.136780303030303,,3.4469670329670334,4.260277056277056,3.6317142857142857,17.763076923076927,4.259129720853858,5.294115384615385
164,10.16660173160173,,3.961310924369747,4.260277056277056,3.8815384615384616,17.763076923076927,4.651095238095238,5.294115384615385
165,8.604316239316239,,6.782943722943723,4.260277056277056,6.188172043010753,17.763076923076927,3.9171989417989415,5.294115384615385
166,1.8431964701964705,,2.7149100022784234,4.260277056277056,3.296191397255227,17.763076923076927,2.7736790146096952,5.294115384615385
167,11.636400527009226,,11.087095238095241,1.5232938076416338,13.239166666666666,2.2655238095238093,5.6369187675070025,1.4342277978760651
168,11.64066310160428,,14.420428571428571,1.5100911801993893,16.572499999999998,2.1353571840453403,5.6447619047619035,1.3526351998540431
169,7.597577108881456,,6.40021645021645,1.8750016226002597,5.9747619047619045,3.21057732708468,3.608465608465608,2.106003734827264
170,4.216714285714286,,8.392000000000001,1.6293806499872676,9.945034482758619,2.502596903096903,4.107876254180602,1.5249435897435901
171,1.781956376956377,,4.019342328152397,2.385297349709114,4.367454545454545,4.717899999999998,2.6048090444027747,2.6659670329670333
172,2.877592396484168,,6.962726790450928,1.8057390635680108,8.544736842105262,3.1463452380952384,3.754425798258345,1.827794801641587
173,1.6877376558143822,,2.383002364066193,1.7693933808127356,2.3548321123321125,3.187815894797027,1.8799023809523807,1.76625
174,2.2567990239574094,,2.732418831168832,1.912308741099833,2.7593956043956043,3.280803571428572,2.1402380952380957,2.1288697592858283
175,2.9609710947440098,,3.3127950310559,1.912308741099833,3.7256012534273397,3.280803571428572,2.5246158070442286,2.1288697592858283
176,2.246621370499419,,2.6556359979889392,3.343789321789322,3.174111111111111,12.063333333333333,1.8644744144744148,3.7694954183747287
177,1.7858333333333334,,2.541007326007326,1.411809216589862,2.6867390532964306,2.3013419913419915,1.9663972693972689,1.470059692556919
178,2.3369864253393664,,3.171778146665365,1.9252905923344945,3.895648820326679,3.4488383017163504,2.293367602546707,1.9731569264069264
179,1.6630434663375842,,2.382815759637188,1.9252905923344945,2.3727394636015324,3.4488383017163504,1.8891529304029304,1.9731569264069264
180,2.4082724252491694,,3.1649696969696968,7.865857142857143,3.8752777777777787,,2.3294585561497323,3.028655462184874
181,1.5733150183150184,,2.2945922871695372,7.865857142857143,2.384135891906463,,1.844173524150268,3.028655462184874
182,1.8681469979296064,,2.5263782051282053,7.865857142857143,2.752303488860866,,1.9362324342324344,3.028655462184874
183,1.9280683085030912,,1.7005706340700404,7.865857142857143,2.2066287878787882,,1.9378612272056224,3.028655462184874
184,7.252570870898782,,3.3248351648351644,7.865857142857143,2.63125,,3.1041298701298703,3.028655462184874
185,3.181290709290709,,2.356477033492823,1.9088649253731345,4.32725974025974,,2.2638690371413484,1.2896321722179844
186,6.389532976827093,,2.9714974160206715,1.8039219533883284,13.965324786324786,,2.7332256728778463,1.2254243712460915
187,1.923904338153504,,1.7822058823529414,3.2261684981684984,2.428858670741024,,1.4310407232753506,1.8876490697521529
188,2.9107685937251158,,2.1470307692307693,2.057061866916004,4.396094787565377,,1.6507830907830907,1.3500717703349283
189,14.313,,6.730748768472908,4.001660714285714,3.8420320855614976,,6.804322169059012,2.1681198767132277
190,14.737473684210526,,6.461380952380952,3.1748742310321254,3.6151884700665184,,6.346386946386947,1.8476400700748528
191,2.1322555385790682,,1.7986712050653717,3.1614858299595143,1.6141037296037295,,1.9802266877266876,1.815011607761608
192,15.092000000000002,,6.5490892857142855,3.274835164835165,3.6817936117936116,,6.5230303030303025,1.9108054542571744
193,23.079034482758626,,7.408844720496894,3.274835164835165,3.637675070028011,,6.3583333333333325,1.9108054542571744
194,3.984643356643357,,3.1724195804195805,5.7977333333333325,2.5615308254963423,,3.431926634085554,2.6453351648351653
195,3.461611111111111,,2.8432057860838347,2.6307995647479587,2.4568255346011205,,3.2073806926541852,1.606215003024803
196,3.984643356643357,,3.1724195804195805,3.34531015037594,2.5615308254963423,,3.431926634085554,1.9130860215053764
197,13.470999999999998,,6.5424169884169885,3.34531015037594,3.700519480519481,,6.410404040404041,1.9130860215053764
198,13.78675,,6.625168831168832,4.210468253968254,3.763827751196173,,6.573109354413703,3.300454545454545
199,9.522358974358974,,5.644119047619048,4.210468253968254,3.4736635780470424,,5.872463768115942,3.300454545454545
200,12.909666666666665,,6.336318059299192,4.210468253968254,3.5346081504702203,,6.062290345313603,3.300454545454545
201,9.576333333333334,,5.6696513926325265,4.210468253968254,3.4950824587706157,,5.91077519379845,3.300454545454545
202,9.53940350877193,,5.652320346320346,4.210468253968254,3.4805652173913044,,5.884666666666666,3.300454545454545
203,13.611333333333334,,6.581428571428572,1.5352822236448995,3.7305909090909086,,6.485248484848485,1.305031045751634
204,12.997375,,6.375224489795919,1.481521105705888,3.5668686868686867,,6.122540792540794,1.316275743863979
205,12.909666666666665,,6.336318059299192,1.8816435411373853,3.5346081504702203,,6.062290345313603,1.6073998759305212
206,13.78675,,6.625168831168832,1.641422459893048,3.763827751196173,,6.573109354413703,1.3773723443223442
207,12.997375,,6.375224489795919,2.392741702741703,3.5668686868686867,,6.122540792540794,1.957090909090909
208,12.909666666666665,,6.336318059299192,1.822918201915991,3.5346081504702203,,6.062290345313603,1.5906366359806523
209,9.522358974358974,,5.644119047619048,1.7965909878165314,3.4736635780470424,,5.872463768115942,1.5462121263243134
210,12.909666666666665,,6.336318059299192,1.91750138427464,3.5346081504702203,,6.062290345313603,1.6399025641025642
211,25.014666666666667,,7.831252747252747,1.91750138427464,3.957219662058372,,7.235416666666667,1.6399025641025642
212,3.611333333333333,,9.24809523809524,3.349010673234811,3.8215,,6.889288888888888,2.636608187134503
213,25.014666666666667,,7.831252747252747,1.425313852813853,3.957219662058372,,7.235416666666667,1.3046273036712257
214,23.61133333333333,,7.581428571428572,1.94286353181702,3.7738809523809516,,6.667066666666666,1.6617731858305629
215,25.014666666666667,,7.831252747252747,1.94286353181702,3.957219662058372,,7.235416666666667,1.6617731858305629
216,3.2184,,9.127809523809523,4.894448051948052,3.7274468085106394,,6.668263888888887,
217,3.78675,,9.291835497835498,4.894448051948052,3.8547368421052632,,6.9771497584541065,
218,3.984643356643357,,3.1724195804195805,4.894448051948052,2.5615308254963423,,3.431926634085554,
219,3.461611111111111,,2.8432057860838347,4.894448051948052,2.4568255346011205,,3.2073806926541852,
220,3.984643356643357,,3.1724195804195805,4.894448051948052,2.5615308254963423,,3.431926634085554,
221,3.110142857142857,,9.087714285714286,1.6521554460365433,3.6952,,6.600603174603174,
222,3.110142857142857,,9.087714285714286,1.4855501947141383,3.6952,,6.600603174603174,
223,3.1973063938618926,,2.0660521596051007,2.2020979451212006,1.7750670179860235,,2.2244572447700763,
224,3.1398476190476194,,2.028037244237244,1.7669094673442498,1.7565826596271243,,2.1908488612836443,
225,3.8382857142857145,,9.167219662058372,2.7792051282051276,3.6306666666666665,,6.211746031746031,
226,4.138999999999999,,9.223415435139573,2.1304213075060536,3.671941176470588,,6.338362573099415,
227,10.454,,9.615380952380953,2.133569078947368,3.9394,,7.534888888888888,
228,8.400547619047616,,4.7940507936507935,2.233401782895627,3.3662307692307687,,5.369,
229,2.4075603782182724,,2.259524062010806,2.233401782895627,2.2755347281636458,,3.039548854604956,
230,34.13466666666666,,6.596380952380952,3.931153530377668,4.157826086956521,,8.480833333333333,
231,37.468,,7.263047619047619,1.698285747560862,4.197351778656127,,8.632348484848485,
232,6.572521303258145,,4.48531746031746,2.2719327246102163,3.140328330206379,,4.656538461538462,
233,10.662,,5.531719516181758,2.2719327246102163,3.52182913165266,,6.0372527472527455,
234,3.6024097593582893,,3.2204277864992146,,2.5011533538146438,,3.3688351648351653,
235,7.083090909090909,,4.850375,,3.250036036036036,,5.104753246753246,
236,2.0437832102537983,,1.9781228146107943,,1.819808441558441,,2.17213492063492,
237,2.7465325077399383,,2.2572969187675067,,2.0332787350646786,,2.5959504824443846,
238,3.6880209721628487,,2.7002025350412446,,2.3545102184637066,,3.1809682539682536,
239,2.9957618657618656,,2.2554444444444437,,1.8507517489943892,,2.348805675805676,
240,2.16440350877193,,2.0904761904761906,,1.9001729323308267,,2.272903846153846,
241,2.8560125313283207,,2.553193473193473,,2.194273862102809,,2.743406593406593,
242,2.0192341269841267,,1.9778832218506133,,1.8254436090225559,,2.170744810744811,
243,2.8965053763440864,,2.554148550724637,,2.2148992281303603,,2.782084322211364,
244,1.8482580971659919,,1.88896571720962,,1.7695418719211822,,2.062157583342815,
245,2.167553241392251,,2.063392156862745,,1.870583333333333,,2.2350109890109886,
246,1.262246963562753,,7.950310041749067,,2.3178089424187425,,3.7112254901960786,
247,3.3269,,2.5347591362126245,,2.5014944275582573,,3.2882049319727886,
248,2.8246438152011932,,1.922105341467044,,1.9107166597424177,,2.3649160353230707,
249,4.264771856495995,,2.343330257947949,,2.270536974789916,,2.92874269005848,
250,1.996813071895425,,1.5205218869924575,,1.3716826416903811,,1.6412925618034273,
251,2.4347577013150783,,1.7458227548313754,,1.535834243807528,,1.8819900687547744,
252,4.898598930481283,,4.575549450549451,,2.9580727180269517,,5.405399999999998,
253,5.2055686274509805,,4.257978021978022,,2.5601374953548857,,5.084375,
254,1.7404848484848483,,1.6550130647130643,,1.3301264327070776,,1.8110847283577465,
255,5.6065210084033605,,4.351102445941156,,2.7367808519982435,,5.197142857142857,
256,3.522203463203464,,4.456962148962148,,2.346138716356108,,5.029761904761903,
257,2.8540074696545283,,2.907601665453958,,2.137658834627028,,3.2251544566544568,
258,2.7049667519181577,,2.691214640198511,,2.040546531267593,,3.1183921961360985,
259,2.8540074696545283,,2.907601665453958,,2.137658834627028,,3.2251544566544568,
260,3.931708978328173,,4.375073260073259,,2.5641545893719804,,5.160454545454545,
261,4.286235294117647,,4.462781593406594,,2.726859903381642,,5.26603448275862,
262,3.2501654135338343,,3.9508611388611374,,2.1627144535840186,,4.85,
263,3.3239495798319325,,4.159175824175824,,2.2160408942815413,,4.910510204081632,
264,3.3071428571428565,,3.977357642357643,,2.2010258792665263,,4.879740973312401,
265,3.2681312741312736,,3.9593661893661896,,2.1749173521347442,,4.8595248868778285,
266,4.088117647058824,,4.416347769877182,,2.638999033816425,,5.2098387096774195,
267,3.4170740037950664,,4.199656593406593,,2.2762913415087325,,4.956333333333333,
268,3.3239495798319325,,4.159175824175824,,2.2160408942815413,,4.910510204081632,
269,4.286235294117647,,4.462781593406594,,2.726859903381642,,5.26603448275862,
270,3.4170740037950664,,4.199656593406593,,2.2762913415087325,,4.956333333333333,
271,3.3239495798319325,,4.159175824175824,,2.2160408942815413,,4.910510204081632,
272,3.2501654135338343,,3.9508611388611374,,2.1627144535840186,,4.85,
273,3.3239495798319325,,4.159175824175824,,2.2160408942815413,,4.910510204081632,
274,5.7775606060606055,,4.906028815628815,,3.2232220496894413,,5.576515151515151,
275,4.124882352941176,,4.916347769877182,,2.6716787723785167,,5.2794039270687225,
276,5.7775606060606055,,4.906028815628815,,3.2232220496894413,,5.576515151515151,
277,4.1059429590017835,,4.638569992099403,,2.654872049689441,,5.243172043010752,
278,5.7775606060606055,,4.906028815628815,,3.2232220496894413,,5.576515151515151,
279,3.6915,,4.789504154382203,,2.4506537723785167,,5.129302059496567,
280,4.323,,4.962781593406594,,2.759539641943734,,5.335599700149925,
281,2.8540074696545283,,2.907601665453958,,2.137658834627028,,3.2251544566544568,
282,2.7049667519181577,,2.691214640198511,,2.040546531267593,,3.1183921961360985,
283,2.8540074696545283,,2.907601665453958,,2.137658834627028,,3.2251544566544568,
284,3.5745555555555555,,4.747497502497502,,2.3829930580928025,,5.080662778366913,
285,3.5745555555555555,,4.747497502497502,,2.3829930580928025,,5.080662778366913,
286,2.62259679144385,,1.9858451612903227,,1.5466386195042845,,2.3345705543300364,
287,2.593589915966387,,1.9557779886148008,,1.5259200231816863,,2.3141230520173623,
288,4.408076923076923,,4.922192307692309,,2.8061359152356595,,4.965120772946858,
289,4.761363636363637,,4.982335164835165,,2.9327524565890433,,5.039965217391304,
290,15.094999999999995,,5.409665991902834,,4.129278772378516,,5.6083152173913025,
291,5.850601503759399,,3.988763736263736,,3.1515889328063236,,4.7915123152709365,
292,2.339056787932564,,2.177325825825826,,1.8866814615201712,,2.6747551371596314,
293,2.5854285714285714,,4.9774707645295875,,4.7710840188014085,,6.168516483516482,
294,2.602235294117647,,5.159288946347769,,4.786099033816424,,6.199285714285714,
295,3.645363408521303,,3.657978021978022,,2.4391273943447858,,4.378030172413792,
296,7.006646464646464,,4.270681818181818,,3.4392498554077497,,4.421881091617934,
297,2.2557883220805204,,2.813681578947368,,1.9334224664224664,,2.7833186274509805,
298,3.699826254826255,,3.7921160376126415,,2.6236919861747445,,3.903428571428572,
299,1.7785514705882348,,1.989337955277805,,1.5876607142857142,,2.083805793322374,
300,2.4705844645550528,,2.267451127819549,,1.9571401931401933,,2.4301022727272725,
301,3.2625374625374617,,2.6477327188940096,,2.3124295230053744,,2.929589501149604,
302,2.259523809523809,,2.063015716904744,,1.5827292822120411,,2.1814334494773524,
303,1.8009756555563008,,2.072152390780874,,1.5825701754385963,,2.203281978842468,
304,2.1520980392156863,,2.431244942421413,,1.7605926175501647,,2.651940476190476,
305,1.7513088235294116,,1.9843850267379681,,1.5700178571428571,,2.0857825013969085,
306,2.243615384615385,,2.446942606829966,,1.8169127680311887,,2.6887071881606763,
307,1.58687537993921,,1.8936717893679207,,1.4395292826396389,,2.0285056746532155,
308,1.7973421713934048,,2.0551461988304096,,1.5630944170771757,,2.2026526082130964,
309,1.8349732142857145,,3.861696007696008,,1.608204991087344,,2.5681172535903998,
310,2.9527777777777784,,2.482456535334584,,1.98768874853114,,3.707197159565581,
311,2.548863777089783,,1.829363324847196,,1.4290831717302306,,2.52095771513682,
312,3.871645119586297,,2.2643924963924973,,1.8365789883874988,,3.2794592413236483,
313,1.6675249857061174,,1.4680000000000002,,1.1883808428793965,,1.7106062158522968,
314,1.9133275862068964,,1.6575595533824097,,1.2464039215686271,,2.114251458762737,
315,4.296904761904761,,9.059845559845561,,2.9232341269841267,,5.405399999999998,
316,4.721378446115288,,8.891233766233764,,2.6306197478991598,,5.084375,
317,1.6200608705020472,,2.248626743626743,,1.373448695151535,,1.8110847283577465,
318,5.075904761904762,,8.948642857142856,,2.729678571428571,,5.197142857142857,
319,3.0745536465216867,,9.321111111111113,,2.578576203208556,,5.029761904761903,
320,2.6452461911007967,,5.146557919621749,,2.233618367531411,,3.2251544566544568,
321,2.517033468559837,,4.883075421472936,,2.155982226570462,,3.1183921961360985,
322,2.6452461911007967,,5.146557919621749,,2.233618367531411,,3.2251544566544568,
323,3.454904761904761,,8.938476190476191,,2.709392857142857,,5.160454545454545,
324,3.770654761904761,,8.993240418118468,,2.8025172811059904,,5.26603448275862,
325,2.8285228724763605,,8.4146875,,2.4395833333333328,,4.85,
326,2.893571428571428,,8.791241217798595,,2.4829726890756296,,4.910510204081632,
327,2.88249723145072,,8.434098360655737,,2.4670996732026143,,4.879740973312401,
328,2.8455674068893164,,8.42095238095238,,2.4484093291404614,,4.8595248868778285,
329,3.595238095238095,,8.964584717607973,,2.753133116883117,,5.2098387096774195,
330,2.9812797619047617,,8.8203007518797,,2.525125379939209,,4.956333333333333,
331,2.893571428571428,,8.791241217798595,,2.4829726890756296,,4.910510204081632,
332,3.770654761904761,,8.993240418118468,,2.8025172811059904,,5.26603448275862,
333,2.9812797619047617,,8.8203007518797,,2.525125379939209,,4.956333333333333,
334,2.893571428571428,,8.791241217798595,,2.4829726890756296,,4.910510204081632,
335,2.8285228724763605,,8.4146875,,2.4395833333333328,,4.85,
336,2.893571428571428,,8.791241217798595,,2.4829726890756296,,4.910510204081632,
337,5.010185830429732,,9.59627450980392,,3.0569852941176467,,5.576515151515151,
338,3.6190476190476186,,10.107441860465118,,2.787765151515152,,5.2794039270687225,
339,5.010185830429732,,9.59627450980392,,3.0569852941176467,,5.576515151515151,
340,3.606852497096399,,9.440775193798448,,2.7699398395721926,,5.243172043010752,
341,5.010185830429732,,9.59627450980392,,3.0569852941176467,,5.576515151515151,
342,3.226114285714286,,10.0252,,2.653810606060606,,5.129302059496567,
343,3.794464285714285,,10.136097560975609,,2.8371493157380248,,5.335599700149925,
344,2.6452461911007967,,5.146557919621749,,2.233618367531411,,3.2251544566544568,
345,2.517033468559837,,4.883075421472936,,2.155982226570462,,3.1183921961360985,
346,2.6452461911007967,,5.146557919621749,,2.233618367531411,,3.2251544566544568,
347,3.1178571428571424,,9.996603773584905,,2.6097524665257215,,5.080662778366913,
348,3.1178571428571424,,9.996603773584905,,2.6097524665257215,,5.080662778366913,
349,2.53844070961718,,3.918992736077482,,1.613676227247656,,2.3345705543300364,
350,2.5122535014005605,,3.8872266009852217,,1.5971003590056223,,2.3141230520173623,
351,3.9267857142857143,,7.5576923076923075,,2.8208450888192274,,4.965120772946858,
352,4.2275,,7.592702702702702,,2.8853661616161617,,5.039965217391304,
353,10.5425,,7.812142857142858,,3.3531439393939397,,5.6083152173913025,
354,5.142282608695651,,4.623636363636363,,2.8968313823857303,,4.7915123152709365,
355,2.112179245283019,,3.2529146306409884,,1.9657125097125097,,2.6747551371596314,
356,27.44083056478405,,8.991538461538461,,3.5505555555555555,,6.168516483516482,
357,27.45190476190476,,9.34868131868132,,3.5664285714285717,,6.199285714285714,
358,3.3142562929061783,,4.4322727272727285,,2.541511689291101,,4.378030172413792,
359,5.846136363636362,,7.111060931899642,,3.0005405405405403,,4.421881091617934,
360,2.026865196078432,,3.783157894736842,,2.0743948604586904,,2.7833186274509805,
361,3.2659444444444437,,6.5115,,2.6128612440191388,,3.903428571428572,
362,1.6913492822966505,,2.2715272476332196,,1.709905072463768,,2.083805793322374,
363,2.3296806117858746,,2.6475984825984824,,1.9646769624237648,,2.4301022727272725,
364,3.024031746031746,,3.535311355311355,,2.238329778925868,,2.929589501149604,
365,2.138780288909599,,2.9189845722300136,,1.6209589430177664,,2.1814334494773524,
366,1.7052022590412683,,2.5783549783549784,,1.737107569306093,,2.203281978842468,
367,2.0155544794188858,,3.661833333333333,,1.9288153846153848,,2.651940476190476,
368,1.6628721804511282,,2.2904715447154467,,1.702591914569031,,2.0857825013969085,
369,2.103029185867896,,3.658571428571429,,1.9654889253486467,,2.6887071881606763,
370,1.5054333656539538,,2.313189130875496,,1.6151425217974515,,2.0285056746532155,
371,1.7101879699248117,,2.6439194139194138,,1.7196095455906777,,2.2026526082130964,
372,1.6801738261738255,,6.20025,,1.8326695668241264,,2.5681172535903998,
373,2.7524,,2.554644444444444,,2.1437680572851807,,3.707197159565581,
374,2.411444935649372,,4.273884195538681,,1.5817032753874858,,2.52095771513682,
375,3.704122447425533,,13.879582655826557,,1.9516732542819497,,3.2794592413236483,
376,1.6104722904722906,,2.3451387768349794,,1.2372567568706436,,1.7106062158522968,
377,1.8430137568537424,,4.26503195317546,,1.3321848052334224,,2.114251458762737,
