,"('Bakery', 'Hot Drinks')","('Cold Sandwiches', 'Cold Drinks')","('Cold Sandwiches', 'Hot Drinks')","('Warm Sandwiches', 'Cold Drinks')","('Warm Sandwiches', 'Hot Drinks')"
0,2.6559236467236467,1.3612887989203777,1.4158538262427822,1.4757495756276244,1.695223443223443
1,2.6559236467236467,1.2902023010300825,1.4158538262427822,1.3459020146520146,1.695223443223443
2,2.6559236467236467,0.8094589055899399,1.4158538262427822,0.8331674208144797,1.695223443223443
3,2.6559236467236467,1.3072554655870443,1.4158538262427822,1.3937429237429235,1.695223443223443
4,2.6559236467236467,1.2948326382315147,1.4158538262427822,1.2957763837102758,1.695223443223443
5,1.1932519952779923,1.2030351390177358,0.8600451887293993,1.2810053178584486,0.8955661738680606
6,0.9761754320158984,1.1932855353228045,0.7473193858810421,1.259698131801215,0.8180948947604121
7,1.6027440993788817,1.2030351390177358,1.077921171171171,1.2810053178584486,1.2090852211775982
8,1.251739827855467,1.3262054655870446,0.8893925825964659,1.3751622187336472,0.9314837398373984
9,1.8738161802355355,1.342823886639676,1.1876591845905906,1.420985347985348,1.350974025974026
10,1.5665080213903744,1.2650558647286396,1.039397531030761,1.2305221104835375,1.0940219009061114
11,1.5837729210261178,1.2735804655870444,1.0373007757835864,1.2482673992673992,1.0724413919413922
12,1.6135144927536231,1.2730293495771243,1.0826590909090907,1.247666906863628,1.2131498267231422
13,1.6135144927536231,1.267659451617941,1.0826590909090907,1.236066447621378,1.2131498267231422
14,2.3527113237639554,1.3343016194331982,1.3338157081014226,1.3970988231626529,1.5428001506855675
15,1.3396320790859626,1.2850206829783493,0.9261931311329168,1.273750375307752,0.9570320171013325
16,1.6405857300594142,1.2735804655870444,1.0766886817714447,1.2482673992673992,1.152004019919865
17,1.6405857300594142,1.342823886639676,1.0766886817714447,1.420985347985348,1.152004019919865
18,2.204103896103896,1.2850206829783493,1.192446155428089,1.273750375307752,1.4487406846027535
19,2.204103896103896,1.2735804655870444,1.192446155428089,1.2482673992673992,1.4487406846027535
20,2.204103896103896,1.2650558647286396,1.192446155428089,1.2305221104835375,1.4487406846027535
21,2.204103896103896,1.2735804655870444,1.192446155428089,1.2482673992673992,1.4487406846027535
22,2.204103896103896,1.3770993700341525,1.192446155428089,1.5249959844362286,1.4487406846027535
23,1.0999798704120738,1.3354214402618656,0.742192100323354,1.398319824383654,0.8461808924827793
24,0.9222861397178808,1.3770993700341525,0.7052014202688865,1.5249959844362286,0.7565376132070138
25,1.2965642922457774,1.3348585673585671,0.9450454205988186,1.397705950841604,1.1816269651479134
26,1.1527360273212677,1.3770993700341525,0.7653202247191012,1.5249959844362286,0.8713456445993032
27,1.5401565971993951,1.308751757003947,1.0244689265536722,1.3286507936507936,1.2704025974025974
28,1.2931061007957558,1.3439437074683434,0.8805751649943874,1.4222063492063493,1.1370194195165333
29,1.3070501567398118,1.2030351390177358,0.8639079721503574,1.2810053178584486,1.1293393511250651
30,1.3097053565364365,1.1932855353228045,0.94863362128068,1.259698131801215,1.1856915706934574
31,1.3097053565364365,1.2030351390177358,0.94863362128068,1.2810053178584486,1.1856915706934574
32,1.9539615618424129,1.2986207409611663,1.1223868353868354,1.3040309106098578,1.3820382459236629
33,1.0859010976068622,1.2986207409611663,0.7923361889879584,1.3040309106098578,1.0402622352713096
34,1.3521748239118654,1.029058940145816,0.9147461215853704,1.0635555588930274,1.1702077087731122
35,1.3521748239118654,1.0257831655162917,0.9147461215853704,1.056807726139236,1.1702077087731122
36,1.9504242424242424,1.344226637767063,,1.4418863049095605,1.944862404544608
37,1.9504242424242424,1.353708619749045,,1.4705420054200542,1.944862404544608
38,1.9504242424242424,1.4038276673680932,,1.6438194444444443,1.944862404544608
39,1.9504242424242424,1.3630249102019871,,1.5275629177564656,1.944862404544608
40,1.9504242424242424,1.035779229519387,,1.1537795865930356,1.944862404544608
41,1.0330539061219286,1.4240027102328623,,1.7010515222482436,1.0349293858282622
42,0.9872091959195921,1.4245538262427824,,1.7016520146520149,0.9267938222366404
43,1.4009051054829726,1.311301157409731,,1.3711102150537635,1.4248602654176423
44,1.0714091660369278,1.2590272727272729,,1.5034534161490682,1.0746031746031748
45,1.5610856812360572,1.0412010632874518,,1.121197499314748,1.5841460642227907
46,1.3626248403575993,1.1955427324788654,,1.3446990171990172,1.3648382494218112
47,1.3387902272019918,1.0104440720569752,,1.0860675029868578,1.3521201021005829
48,1.4144680642633232,1.086655926352129,,1.2238896226415092,1.433566829124206
49,1.4144680642633232,1.1718345097805998,,1.3296306946194676,1.433566829124206
50,1.7923400793342146,0.955330690763633,,1.0006517881517882,1.8044514168055688
51,1.2103488971346117,1.0340276330715774,,1.0824214416638611,1.2103459563543002
52,1.405360730593607,1.1132531322806922,,1.1488783242511258,1.4158330721909669
53,1.405360730593607,1.0088687628161312,,1.076681801994302,1.4158330721909669
54,2.3990592740592738,1.124476301686928,,1.1746883116883118,9.144045454545452
55,2.3990592740592738,0.9930567330176908,,1.0210096422167887,9.144045454545452
56,2.3990592740592738,1.0408140107805557,,1.0852530206112294,9.144045454545452
57,2.3990592740592738,1.0148805611409866,,0.9998965308703062,9.144045454545452
58,2.3990592740592738,1.2659214098594904,,1.2904072987943955,9.144045454545452
59,1.1122267839687194,1.0283082409551212,,0.9884083914053424,1.5963924422159714
60,1.0729760000338564,1.1906456215444978,,1.2058294285664974,1.5189405731523378
61,1.6352827778180616,0.8459464267359005,,0.851896463891386,2.3765150375939847
62,1.1548515507084085,0.920718274503746,,0.887390408943807,1.7097682370820668
63,1.8294860347985344,1.0954597701149424,,1.3857389711737536,3.173462998102467
64,1.630050440205429,1.0199864847795883,,1.252020435704646,2.0718232323232324
65,1.6022471412246673,0.703002492863174,,0.7763139900183107,1.9898253968253967
66,1.6547976363930712,1.0454694608199415,,1.270485347985348,2.4123087318087317
67,1.6547976363930712,0.9974069364161848,,1.3139800725635236,2.4123087318087317
68,2.153979150775489,0.9893554295983964,,1.2654580356544278,5.177666666666666
69,1.4565064935064933,0.9758970340068738,,1.2549462100681612,1.6120552530752168
70,1.6696373626373624,0.9893554295983964,,1.2654580356544278,2.2455693581780536
71,1.6696373626373624,1.042669801462905,,1.3477039627039626,2.2455693581780536
72,5.188260869565218,1.067361883574342,,1.3656794119122886,
73,5.188260869565218,0.9564621848739496,,1.2821765222482433,
74,5.188260869565218,0.9679913092234372,,1.291264917877821,
75,5.188260869565218,0.9673344947735192,,1.2906644254740498,
76,5.188260869565218,0.96,,1.2849462590903489,
77,1.7025608465608464,1.054630028735632,,1.3564520146520145,
78,1.6237392085039144,0.983788682581786,,1.3034722393711156,
79,1.6951785714285712,0.9679913092234372,,1.291264917877821,
80,1.8038254686489976,1.067361883574342,,1.3656794119122886,
81,2.225597069597069,0.983788682581786,,1.3034722393711156,
82,1.6584280805401497,0.9679913092234372,,1.291264917877821,
83,1.6085677655677653,0.9564621848739496,,1.2821765222482433,
84,1.7370874033374033,0.9679913092234372,,1.291264917877821,
85,1.7370874033374033,1.119879663688912,,1.4029864150582383,
86,3.4558095238095228,1.055966569767442,,1.3576730158730157,
87,1.2570827067669172,1.119879663688912,,1.4029864150582383,
88,1.7660028374986356,1.0552944364161851,,1.3570591423309657,
89,1.7660028374986356,1.119879663688912,,1.4029864150582383,
90,3.300912087912088,1.0170537176547658,,1.3289217963608206,
91,3.300912087912088,1.0686984246061515,,1.3669004131332898,
92,3.300912087912088,0.9893554295983964,,1.2654580356544278,
93,3.300912087912088,0.9758970340068738,,1.2549462100681612,
94,3.300912087912088,0.9893554295983964,,1.2654580356544278,
95,1.2449464967916621,1.0026304211187933,,1.3180494864612509,
96,1.1691626739158871,1.0026304211187933,,1.3180494864612509,
97,2.337592829705505,0.8373943701226312,,1.0087570240944923,
98,1.295669321540579,0.8329729357369109,,1.005256872101969,
99,2.572812021282416,1.07733588794926,,1.370219092331768,
100,2.3409855202268988,1.0918531293285705,,1.380531400966183,
101,2.3160533126293994,1.1718460920308926,,1.4354444444444443,
102,2.359937065497074,1.1155417401042815,,1.393475599669148,
103,2.359937065497074,0.9249419071976618,,1.149027664859982,
104,2.9819885398981323,1.1967325227963526,,1.4545687636275535,
105,2.135232855895395,1.1973893372462705,,1.455169256031325,
106,2.387806437389771,1.0363793469418885,,1.337228636106395,
107,2.387806437389771,1.1148847098847101,,1.3426915113871636,
108,1.8919759465886223,0.914551355748077,,1.1509193633781114,
109,1.8919759465886223,1.0384324238568836,,1.2814414414414412,
110,1.8919759465886223,0.8764882647454428,,1.1193148148148149,
111,1.8919759465886223,0.954521733168792,,1.190008043694141,
112,1.8919759465886223,1.013516157358623,,1.2579634820416752,
113,1.018364516839093,0.8100754751999009,,0.9247431577750728,
114,0.9291395960638704,0.8732406702208682,,1.131301253132832,
115,1.1860776942355888,0.9120767142494892,,1.1887560416424299,
116,1.0600693285909868,0.8713522663551025,,1.1165595193856064,
117,1.3761951661091807,0.9277314352314352,,1.2007337662337665,
118,1.1955188643275685,0.8337472137791286,,1.0935291227362691,
119,1.1847432654329206,0.8715184450775905,,1.1341328320802004,
120,1.2026393950979144,0.8143625219167641,,1.0982223069428558,
121,1.2026393950979144,0.9811321276716904,,1.2906783015044223,
122,1.6862552576203194,0.7923630111216459,,0.990380949920274,
123,1.026006887023508,0.9284593406593408,,1.1640331174197454,
124,1.2339633938853098,0.6930835770369752,,0.7919098988445797,
125,1.2339633938853098,0.7093190302611688,,0.8407915388873098,
126,2.5042290796099858,,,1.841787606700942,
127,2.5042290796099858,,,1.6861838331160364,
128,2.5042290796099858,,,0.9897635976852472,
129,2.5042290796099858,,,1.7162552616874651,
130,2.5042290796099858,,,1.7274896214896216,
131,1.128550316212855,,,1.5924750116100452,
132,1.0671918824005986,,,1.57435298692641,
133,1.6405576923076919,,,1.5924750116100452,
134,1.172124351099663,,,1.7792821937717742,
135,1.8469309381638148,,,1.8083417278528784,
136,1.653625,,,1.6795095345830642,
137,1.629392488161859,,,1.6932357811679843,
138,1.6613872549019608,,,1.691811482635012,
139,1.6613872549019608,,,1.6835063700261022,
140,2.2149708624708633,,,1.7933194263363756,
141,1.473664457754556,,,1.7112112303763105,
142,1.69104926999028,,,1.6932357811679843,
143,1.69104926999028,,,1.8083417278528784,
144,3.7601731601731605,,,1.7112112303763105,
145,3.7601731601731605,,,1.6932357811679843,
146,3.7601731601731605,,,1.6795095345830642,
147,3.7601731601731605,,,1.6932357811679843,
148,3.7601731601731605,,,1.8718324786324785,
149,1.3370130325814535,,,1.7962416940160952,
150,1.236129172997792,,,1.8718324786324785,
151,2.537844230637384,,,1.7947680718528178,
152,1.3992484472049689,,,1.8718324786324785,
153,2.8348836996336995,,,1.7508333735230288,
154,2.4680341278728744,,,1.8112639955325984,
155,2.433819879015436,,,1.5924750116100452,
156,2.5591547548470674,,,1.57435298692641,
157,2.5591547548470674,,,1.5924750116100452,
158,3.3434246309246305,,,1.7341930573174953,
159,2.2182036007894133,,,1.7341930573174953,
160,2.542184981684982,,,1.24531162019693,
161,2.542184981684982,,,1.2398522920203736,
162,3.089319105691057,,,1.8056288280684831,
163,3.089319105691057,,,1.8229598743806616,
164,3.089319105691057,,,1.920447009886665,
165,3.089319105691057,,,1.8341957615328603,
166,3.089319105691057,,,1.4211198735904618,
167,1.1929815052417465,,,1.965188106011636,
168,1.105598037704834,,,1.966612404544608,
169,2.3363262305962533,,,1.7396855574512275,
170,1.2401027676027676,,,1.7536968085106384,
171,2.5435,,,1.426307712220904,
172,2.280636307966375,,,1.64892647424346,
173,2.253468899521531,,,1.3308090865985602,
174,2.351887634105025,,,1.4404684684684683,
175,2.351887634105025,,,1.562685569669617,
176,2.8602686839702622,,,1.1683442460916929,
177,2.092898507547384,,,1.356533136812901,
178,2.336148842395922,,,1.4601422376499775,
179,2.336148842395922,,,1.329262053735738,
180,5.876871980676329,,,1.477517825311943,
181,5.876871980676329,,,1.299633211732088,
182,5.876871980676329,,,1.3563822596199189,
183,5.876871980676329,,,1.3172871084673297,
184,5.876871980676329,,,1.6486247086247086,
185,1.6861267507002802,,,1.2628677718965349,
186,1.6283247145011852,,,1.4982840434419382,
187,2.937428571428572,,,0.9807951697425382,
188,1.794910839160839,,,1.064879226020258,
189,3.484269841269841,,,8.280795454545453,
190,2.8932998500749627,,,7.740306324110673,
191,2.8529877369007797,,,1.8434285714285716,
192,2.978952380952381,,,7.971519138755982,
193,2.978952380952381,,,7.478070824524312,
194,4.626142857142859,,,3.0594605394605394,
195,2.477434210526316,,,2.9597619047619044,
196,3.0111246824311118,,,3.0594605394605394,
197,3.0111246824311118,,,7.754545454545455,
198,3.068211180124224,,,7.965045454545454,
199,3.068211180124224,,,7.2793863049095595,
200,3.068211180124224,,,7.333545454545454,
201,3.068211180124224,,,7.3234444444444415,
202,3.068211180124224,,,7.293373015873017,
203,1.2794781194559433,,,7.850227272727272,
204,1.2284820812135406,,,7.403712121212121,
205,1.8421128951408603,,,7.333545454545454,
206,1.3385943652823449,,,7.965045454545454,
207,2.1215935672514616,,,7.403712121212121,
208,1.8357248157248156,,,7.333545454545454,
209,1.803461907900932,,,7.2793863049095595,
210,1.8680517099380345,,,7.333545454545454,
211,1.8680517099380345,,,8.65569320214669,
212,2.6315264788403083,,,7.8718722943722925,
213,1.5971321950360853,,,8.65569320214669,
214,1.8925472837022133,,,7.860798097251584,
215,1.8925472837022133,,,8.65569320214669,
216,4.596038647342995,,,7.594724958949096,
217,4.596038647342995,,,7.986690476190474,
218,4.596038647342995,,,3.0594605394605394,
219,4.596038647342995,,,2.9597619047619044,
220,4.596038647342995,,,3.0594605394605394,
221,1.7271071428571427,,,7.513065476190474,
222,1.6634339581986637,,,7.513065476190474,
223,1.7131785714285712,,,1.9752862926547132,
224,1.8335137803373092,,,1.9535797535797532,
225,2.2469621489621487,,,5.517023809523809,
226,1.6690498500749626,,,5.692440476190474,
227,1.6252734511864948,,,7.722261904761906,
228,1.7547023809523807,,,5.289166666666667,
229,1.7547023809523807,,,3.3918734968734974,
230,3.3614761904761905,,,11.743944444444445,
231,1.2621184210526315,,,11.754045454545455,
232,1.783410396716826,,,4.282427536231884,
233,1.783410396716826,,,6.3184749163879586,
234,3.278612047359778,,,2.9750251572327047,
235,3.278612047359778,,,5.0807198848184285,
236,3.278612047359778,,,1.9830043618278916,
237,3.278612047359778,,,2.4580696013739494,
238,3.278612047359778,,,3.056625641025641,
239,1.241004753416518,,,2.0371451800232285,
240,1.179774633632343,,,2.0417518037518034,
241,2.3729169590643266,,,2.413061160151324,
242,1.292428234046655,,,1.9814555052790344,
243,2.6057604921394395,,,2.481794930875576,
244,2.3376355367951573,,,1.8740646853146847,
245,2.305963116910449,,,1.9964590964590965,
246,2.3932306220095687,,,1.9341274327122155,
247,2.3932306220095687,,,3.447436921783011,
248,2.9862576499388007,,,2.4194592384359828,
249,2.1315797650625234,,,2.9905706842177433,
250,2.392441128148959,,,1.4949388723798889,
251,2.392441128148959,,,1.680882764294529,
252,7.440675136116152,,,,
253,7.440675136116152,,,,
254,7.440675136116152,,,,
255,7.440675136116152,,,,
256,7.440675136116152,,,,
257,1.409635767022149,,,,
258,1.0655552695838952,,,,
259,1.8780098605098603,,,,
260,1.5040463967405144,,,,
261,2.4446819238333632,,,,
262,1.866157437638762,,,,
263,1.94249136577708,,,,
264,1.892802621906396,,,,
265,1.892802621906396,,,,
266,4.3898548199767715,,,,
267,1.5034585155362064,,,,
268,1.9979061457465903,,,,
269,1.9979061457465903,,,,
270,3.234050751879699,,,,
271,3.234050751879699,,,,
272,3.234050751879699,,,,
273,3.234050751879699,,,,
274,3.234050751879699,,,,
275,1.222979597024762,,,,
276,1.1530175706646295,,,,
277,2.3026846265862284,,,,
278,1.2715539541759056,,,,
279,2.5288956883304707,,,,
280,2.313703933747412,,,,
281,2.289303063774713,,,,
282,2.3250288623777964,,,,
283,2.3250288623777964,,,,
284,2.9248529411764705,,,,
285,2.1160071926697315,,,,
286,2.3566355053806034,,,,
287,2.3566355053806034,,,,
288,2.223703243616287,,,,
289,2.223703243616287,,,,
290,2.223703243616287,,,,
291,2.223703243616287,,,,
292,2.223703243616287,,,,
293,1.2972569046378322,,,,
294,1.2437387650721248,,,,
295,1.1173536200570848,,,,
296,1.3486512564796034,,,,
297,1.3630272727272723,,,,
298,1.1348047807036568,,,,
299,1.1025492300811446,,,,
300,1.1432924348542588,,,,
301,1.1432924348542588,,,,
302,1.823010718095464,,,,
303,0.9253410707029665,,,,
304,1.1781516197455737,,,,
305,1.1781516197455737,,,,
306,2.1544124788255226,,,,
307,2.1544124788255226,,,,
308,2.1544124788255226,,,,
309,2.1544124788255226,,,,
310,2.1544124788255226,,,,
311,1.0881022508576688,,,,
312,1.083622082569608,,,,
313,1.425047322047322,,,,
314,1.1322853870070364,,,,
315,1.619389925373134,,,,
316,1.4242814747520631,,,,
317,1.3973414777006108,,,,
318,1.4455318024791708,,,,
319,1.4455318024791708,,,,
320,1.9283050397877983,,,,
321,1.2490823910389128,,,,
322,1.4642627843603078,,,,
323,1.4642627843603078,,,,
324,5.1169704433497545,,,,
325,5.1169704433497545,,,,
326,5.1169704433497545,,,,
327,5.1169704433497545,,,,
328,5.1169704433497545,,,,
329,1.7140299114578768,,,,
330,1.4665882857755848,,,,
331,1.8682124819624817,,,,
332,1.8215036231884056,,,,
333,2.4852418108207583,,,,
334,1.7038925194406922,,,,
335,1.6858246391171725,,,,
336,1.8950129870129868,,,,
337,1.8950129870129868,,,,
338,3.8053070175438592,,,,
339,1.277760751555066,,,,
340,1.856562467336088,,,,
341,1.856562467336088,,,,
342,3.3918522207898745,,,,
343,3.3918522207898745,,,,
344,3.3918522207898745,,,,
345,3.3918522207898745,,,,
346,3.3918522207898745,,,,
347,1.2909344262295082,,,,
348,1.0304194812442165,,,,
349,1.8839093701996927,,,,
350,1.358973218787573,,,,
351,2.2211704085388293,,,,
352,1.8565692640692641,,,,
353,1.8881838761125689,,,,
354,1.8960099955876863,,,,
355,1.8960099955876863,,,,
356,2.905789350222848,,,,
357,1.5934087333691642,,,,
358,1.94399503031082,,,,
359,1.94399503031082,,,,
360,2.5854845559845563,,,,
361,2.5854845559845563,,,,
362,2.5854845559845563,,,,
363,2.5854845559845563,,,,
364,2.5854845559845563,,,,
365,1.423712581536111,,,,
366,1.248502786377709,,,,
367,1.3669262914699147,,,,
368,1.4893201754385963,,,,
369,1.6766770186335402,,,,
370,1.2989438159879334,,,,
371,1.2797086834733893,,,,
372,1.385817896389325,,,,
373,1.385817896389325,,,,
374,2.198380952380952,,,,
375,1.0383198055379412,,,,
376,1.3795017291137979,,,,
377,1.3795017291137979,,,,
378,3.7250434782608695,,,,
379,3.7250434782608695,,,,
380,3.7250434782608695,,,,
381,3.7250434782608695,,,,
382,3.7250434782608695,,,,
383,1.3197735507246378,,,,
384,1.3178490396158462,,,,
385,2.4183269686907023,,,,
386,1.3822884437423466,,,,
387,2.710380116959064,,,,
388,2.4274347290640392,,,,
389,2.390693711967545,,,,
390,2.448270833333333,,,,
391,2.448270833333333,,,,
392,3.248969841269841,,,,
393,2.182089467365894,,,,
394,2.483210558926194,,,,
395,2.483210558926194,,,,
396,3.9001159420289864,,,,
397,3.9001159420289864,,,,
398,3.9001159420289864,,,,
399,3.9001159420289864,,,,
400,3.9001159420289864,,,,
401,1.5796873978424322,,,,
402,1.3797732076942475,,,,
403,1.4840977564102564,,,,
404,1.6638149130562925,,,,
405,1.9243245614035085,,,,
406,1.5060202702702703,,,,
407,1.4980761114878758,,,,
408,1.5157025375939852,,,,
409,1.5157025375939852,,,,
410,2.9038153846153847,,,,
411,1.1651464063886423,,,,
412,1.5918084471962533,,,,
413,1.5918084471962533,,,,
414,2.9206848739495803,,,,
415,2.9206848739495803,,,,
416,2.9206848739495803,,,,
417,2.9206848739495803,,,,
418,2.9206848739495803,,,,
419,1.1341077865322655,,,,
420,1.0753556797863433,,,,
421,2.188970558580359,,,,
422,1.174452570820992,,,,
423,2.3750095818815327,,,,
424,2.204439578349984,,,,
425,2.182185170612281,,,,
426,2.2086663405885707,,,,
427,2.2086663405885707,,,,
428,2.688884540117417,,,,
429,2.039320447880565,,,,
430,2.2379402549697494,,,,
431,2.2379402549697494,,,,
432,2.7578981115502854,,,,
433,2.7578981115502854,,,,
434,2.7578981115502854,,,,
435,2.7578981115502854,,,,
436,2.7578981115502854,,,,
437,1.0929780271154743,,,,
438,1.027584026334026,,,,
439,2.1905121932900338,,,,
440,1.1307319749216298,,,,
441,2.351607403940061,,,,
442,2.156769874553257,,,,
443,2.132069598513429,,,,
444,2.2045431350258937,,,,
445,2.2045431350258937,,,,
446,2.5916709292412614,,,,
447,2.005530496783693,,,,
448,2.1978583797920184,,,,
449,2.1978583797920184,,,,
450,2.9747222222222214,,,,
451,2.9747222222222214,,,,
452,2.9747222222222214,,,,
453,2.9747222222222214,,,,
454,2.9747222222222214,,,,
455,1.09708482370976,,,,
456,1.0574453446613092,,,,
457,2.170390263691684,,,,
458,1.1358589981447125,,,,
459,2.3568294166301755,,,,
460,2.175330316742081,,,,
461,2.144310064935065,,,,
462,2.1904738906088754,,,,
463,2.1904738906088754,,,,
464,2.6966777257351024,,,,
465,2.0134840099543143,,,,
466,2.2085641606100324,,,,
467,2.2085641606100324,,,,
468,5.389047619047619,,,,
469,5.389047619047619,,,,
470,5.389047619047619,,,,
471,5.389047619047619,,,,
472,5.389047619047619,,,,
473,1.838133358471593,,,,
474,1.6808196721311477,,,,
475,1.9141481497904795,,,,
476,1.960131914893617,,,,
477,2.5615263951734537,,,,
478,1.8258539954127668,,,,
479,1.7995046825096082,,,,
480,1.9538036648266823,,,,
481,1.9538036648266823,,,,
482,3.941183428487776,,,,
483,1.3560159815416328,,,,
484,1.973198757763975,,,,
485,1.973198757763975,,,,
486,5.611801587301587,,,,
487,5.611801587301587,,,,
488,5.611801587301587,,,,
489,5.611801587301587,,,,
490,5.611801587301587,,,,
491,1.3546900826765746,,,,
492,1.0177897953060608,,,,
493,1.9853608881066809,,,,
494,1.4392383556293329,,,,
495,2.475600118835413,,,,
496,1.966895271910752,,,,
497,2.0299951298701298,,,,
498,1.998282439129497,,,,
499,1.998282439129497,,,,
500,3.9286135121708896,,,,
501,1.6405787107726273,,,,
502,2.083901458945377,,,,
503,2.083901458945377,,,,
504,2.3307450980392157,,,,
505,2.3307450980392157,,,,
506,2.3307450980392157,,,,
507,2.3307450980392157,,,,
508,2.3307450980392157,,,,
509,1.084651515151515,,,,
510,0.9998703058459156,,,,
511,1.5965848084818062,,,,
512,1.1246017489375613,,,,
513,1.7826395989974937,,,,
514,1.6023967104324246,,,,
515,1.5832905529650243,,,,
516,1.6141093865484109,,,,
517,1.6141093865484109,,,,
518,2.100405773420479,,,,
519,1.4377399096709442,,,,
520,1.6384555896859043,,,,
521,1.6384555896859043,,,,
522,3.189590786571918,,,,
523,3.189590786571918,,,,
524,3.189590786571918,,,,
525,3.189590786571918,,,,
526,3.189590786571918,,,,
527,1.1898718457898616,,,,
528,1.0938001641023385,,,,
529,2.284642857142857,,,,
530,1.235878787878788,,,,
531,2.5021664247701985,,,,
532,2.28460210479176,,,,
533,2.2612766963292548,,,,
534,2.304526539429331,,,,
535,2.304526539429331,,,,
536,2.8887831988261183,,,,
537,2.095092460241,,,,
538,2.3278430022943297,,,,
539,2.3278430022943297,,,,
540,3.0752919254658377,,,,
541,3.0752919254658377,,,,
542,3.0752919254658377,,,,
543,3.0752919254658377,,,,
544,3.0752919254658377,,,,
545,1.0917068621269441,,,,
546,1.0416688345596028,,,,
547,2.146169370829158,,,,
548,1.1298279987227258,,,,
549,2.3404225178615423,,,,
550,2.174095238095238,,,,
551,2.1449926854754446,,,,
552,2.168004650948609,,,,
553,2.168004650948609,,,,
554,2.7290959183673467,,,,
555,2.011469860478656,,,,
556,2.202242071010544,,,,
557,2.202242071010544,,,,
558,2.186124927703875,,,,
559,2.186124927703875,,,,
560,2.186124927703875,,,,
561,2.186124927703875,,,,
562,2.186124927703875,,,,
563,1.0945909090909092,,,,
564,0.9123113150218766,,,,
565,1.3118044516886622,,,,
566,1.1474868686868684,,,,
567,1.550007053374039,,,,
568,1.2872088237849106,,,,
569,1.3000474643017224,,,,
570,1.3228354540196643,,,,
571,1.3228354540196643,,,,
572,1.9469557429788709,,,,
573,1.0811734083804994,,,,
574,1.3508777692895342,,,,
575,1.3508777692895342,,,,
576,4.596038647342995,,,,
577,4.596038647342995,,,,
578,4.596038647342995,,,,
579,4.596038647342995,,,,
580,4.596038647342995,,,,
581,1.7271071428571427,,,,
582,1.6634339581986637,,,,
583,1.7131785714285712,,,,
584,1.8335137803373092,,,,
585,2.2469621489621487,,,,
586,1.6690498500749626,,,,
587,1.6252734511864948,,,,
588,1.7547023809523807,,,,
589,1.7547023809523807,,,,
590,3.3614761904761905,,,,
591,1.2621184210526315,,,,
592,1.783410396716826,,,,
593,1.783410396716826,,,,
594,2.7324999999999995,,,,
595,2.7324999999999995,,,,
596,2.7324999999999995,,,,
597,2.7324999999999995,,,,
598,2.7324999999999995,,,,
599,1.4727110807113544,,,,
600,1.306944127588769,,,,
601,1.427456377888629,,,,
602,1.5432464239867962,,,,
603,1.7596274131274128,,,,
604,1.3532976190476191,,,,
605,1.3323389355742297,,,,
606,1.4480049480455222,,,,
607,1.4480049480455222,,,,
608,2.3147018572825027,,,,
609,1.075246072698085,,,,
610,1.4399492945326278,,,,
611,1.4399492945326278,,,,
612,,,,,
613,,,,,
614,,,,,
615,,,,,
616,,,,,
617,,,,,
618,,,,,
619,,,,,
620,,,,,
621,,,,,
622,,,,,
623,,,,,
624,,,,,
625,,,,,
626,,,,,
627,,,,,
628,,,,,
629,,,,,
630,,,,,
631,,,,,
632,,,,,
633,,,,,
634,,,,,
635,,,,,
636,,,,,
637,,,,,
638,,,,,
639,,,,,
640,,,,,
641,,,,,
642,,,,,
643,,,,,
644,,,,,
645,,,,,
646,,,,,
647,,,,,
648,,,,,
649,,,,,
650,,,,,
651,,,,,
652,,,,,
653,,,,,
654,,,,,
655,,,,,
656,,,,,
657,,,,,
658,,,,,
659,,,,,
660,,,,,
661,,,,,
662,,,,,
663,,,,,
664,,,,,
665,,,,,
666,,,,,
667,,,,,
668,,,,,
669,,,,,
670,,,,,
671,,,,,
672,,,,,
673,,,,,
674,,,,,
675,,,,,
676,,,,,
677,,,,,
678,,,,,
679,,,,,
680,,,,,
681,,,,,
682,,,,,
683,,,,,
684,,,,,
685,,,,,
686,,,,,
687,,,,,
688,,,,,
689,,,,,
690,,,,,
691,,,,,
692,,,,,
693,,,,,
694,,,,,
695,,,,,
696,,,,,
697,,,,,
698,,,,,
699,,,,,
700,,,,,
701,,,,,
702,,,,,
703,,,,,
704,,,,,
705,,,,,
706,,,,,
707,,,,,
708,,,,,
709,,,,,
710,,,,,
711,,,,,
712,,,,,
713,,,,,
714,,,,,
715,,,,,
716,,,,,
717,,,,,
718,,,,,
719,,,,,
720,,,,,
721,,,,,
722,,,,,
723,,,,,
724,,,,,
725,,,,,
726,,,,,
727,,,,,
728,,,,,
729,,,,,
730,,,,,
731,,,,,
732,,,,,
733,,,,,
734,,,,,
735,,,,,
736,,,,,
737,,,,,
738,,,,,
739,,,,,
740,,,,,
741,,,,,
742,,,,,
743,,,,,
744,,,,,
745,,,,,
746,,,,,
747,,,,,
748,,,,,
749,,,,,
750,,,,,
751,,,,,
752,,,,,
753,,,,,
754,,,,,
755,,,,,
756,,,,,
757,,,,,
758,,,,,
759,,,,,
760,,,,,
761,,,,,
762,,,,,
763,,,,,
764,,,,,
765,,,,,
766,,,,,
767,,,,,
768,,,,,
769,,,,,
770,,,,,
771,,,,,
772,,,,,
773,,,,,
774,,,,,
775,,,,,
776,,,,,
777,,,,,
778,,,,,
779,,,,,
780,,,,,
781,,,,,
782,,,,,
783,,,,,
784,,,,,
785,,,,,
786,,,,,
787,,,,,
788,,,,,
789,,,,,
790,,,,,
791,,,,,
792,,,,,
793,,,,,
794,,,,,
795,,,,,
796,,,,,
797,,,,,
798,,,,,
799,,,,,
800,,,,,
801,,,,,
802,,,,,
803,,,,,
804,,,,,
805,,,,,
806,,,,,
807,,,,,
808,,,,,
809,,,,,
810,,,,,
811,,,,,
812,,,,,
813,,,,,
814,,,,,
815,,,,,
816,,,,,
817,,,,,
818,,,,,
819,,,,,
820,,,,,
821,,,,,
822,,,,,
823,,,,,
824,,,,,
825,,,,,
826,,,,,
827,,,,,
828,,,,,
829,,,,,
830,,,,,
831,,,,,
832,,,,,
833,,,,,
834,,,,,
835,,,,,
836,,,,,
837,,,,,
838,,,,,
839,,,,,
840,,,,,
841,,,,,
842,,,,,
843,,,,,
844,,,,,
845,,,,,
846,,,,,
847,,,,,
848,,,,,
849,,,,,
850,,,,,
851,,,,,
852,,,,,
853,,,,,
854,,,,,
855,,,,,
856,,,,,
857,,,,,
858,,,,,
859,,,,,
860,,,,,
861,,,,,
862,,,,,
863,,,,,
864,,,,,
865,,,,,
866,,,,,
867,,,,,
868,,,,,
869,,,,,
870,,,,,
871,,,,,
872,,,,,
873,,,,,
874,,,,,
875,,,,,
876,,,,,
877,,,,,
878,,,,,
879,,,,,
880,,,,,
881,,,,,
882,,,,,
883,,,,,
884,,,,,
885,,,,,
886,,,,,
887,,,,,
888,,,,,
889,,,,,
890,,,,,
891,,,,,
892,,,,,
893,,,,,
894,,,,,
895,,,,,
896,,,,,
897,,,,,
898,,,,,
899,,,,,
900,,,,,
901,,,,,
902,,,,,
903,,,,,
904,,,,,
905,,,,,
906,,,,,
907,,,,,
908,,,,,
909,,,,,
910,,,,,
911,,,,,
912,,,,,
913,,,,,
914,,,,,
915,,,,,
916,,,,,
917,,,,,
918,,,,,
919,,,,,
920,,,,,
921,,,,,
922,,,,,
923,,,,,
924,,,,,
925,,,,,
926,,,,,
927,,,,,
928,,,,,
929,,,,,
930,,,,,
931,,,,,
932,,,,,
933,,,,,
934,,,,,
935,,,,,
936,,,,,
937,,,,,
938,,,,,
939,,,,,
940,,,,,
941,,,,,
942,,,,,
943,,,,,
944,,,,,
945,,,,,
946,,,,,
947,,,,,
948,,,,,
949,,,,,
950,,,,,
951,,,,,
952,,,,,
953,,,,,
954,,,,,
955,,,,,
956,,,,,
957,,,,,
958,,,,,
959,,,,,
960,,,,,
961,,,,,
962,,,,,
963,,,,,
964,,,,,
965,,,,,
966,,,,,
967,,,,,
968,,,,,
969,,,,,
970,,,,,
971,,,,,
972,,,,,
973,,,,,
974,,,,,
975,,,,,
976,,,,,
977,,,,,
978,,,,,
979,,,,,
980,,,,,
981,,,,,
982,,,,,
983,,,,,
984,,,,,
985,,,,,
986,,,,,
987,,,,,
988,,,,,
989,,,,,
990,,,,,
991,,,,,
992,,,,,
993,,,,,
994,,,,,
995,,,,,
996,,,,,
997,,,,,
998,,,,,
999,,,,,
1000,,,,,
1001,,,,,
1002,,,,,
1003,,,,,
1004,,,,,
1005,,,,,
1006,,,,,
1007,,,,,
1008,,,,,
1009,,,,,
1010,,,,,
1011,,,,,
1012,,,,,
1013,,,,,
1014,,,,,
1015,,,,,
1016,,,,,
1017,,,,,
1018,,,,,
1019,,,,,
1020,,,,,
1021,,,,,
1022,,,,,
1023,,,,,
1024,,,,,
1025,,,,,
1026,,,,,
1027,,,,,
1028,,,,,
1029,,,,,
1030,,,,,
1031,,,,,
1032,,,,,
1033,,,,,
1034,,,,,
1035,,,,,
1036,,,,,
1037,,,,,
1038,,,,,
1039,,,,,
1040,,,,,
1041,,,,,
1042,,,,,
1043,,,,,
1044,,,,,
1045,,,,,
1046,,,,,
1047,,,,,
1048,,,,,
1049,,,,,
1050,,,,,
1051,,,,,
1052,,,,,
1053,,,,,
1054,,,,,
1055,,,,,
1056,,,,,
1057,,,,,
1058,,,,,
1059,,,,,
1060,,,,,
1061,,,,,
1062,,,,,
1063,,,,,
1064,,,,,
1065,,,,,
1066,,,,,
1067,,,,,
1068,,,,,
1069,,,,,
1070,,,,,
1071,,,,,
1072,,,,,
1073,,,,,
1074,,,,,
1075,,,,,
1076,,,,,
1077,,,,,
1078,,,,,
1079,,,,,
1080,,,,,
1081,,,,,
1082,,,,,
1083,,,,,
1084,,,,,
1085,,,,,
1086,,,,,
1087,,,,,
1088,,,,,
1089,,,,,
1090,,,,,
1091,,,,,
1092,,,,,
1093,,,,,
1094,,,,,
1095,,,,,
1096,,,,,
1097,,,,,
1098,,,,,
1099,,,,,
1100,,,,,
1101,,,,,
1102,,,,,
1103,,,,,
1104,,,,,
1105,,,,,
1106,,,,,
1107,,,,,
1108,,,,,
1109,,,,,
1110,,,,,
1111,,,,,
1112,,,,,
1113,,,,,
1114,,,,,
1115,,,,,
1116,,,,,
1117,,,,,
1118,,,,,
1119,,,,,
1120,,,,,
1121,,,,,
1122,,,,,
1123,,,,,
1124,,,,,
1125,,,,,
1126,,,,,
1127,,,,,
1128,,,,,
1129,,,,,
1130,,,,,
1131,,,,,
1132,,,,,
1133,,,,,
1134,,,,,
1135,,,,,
1136,,,,,
1137,,,,,
1138,,,,,
1139,,,,,
1140,,,,,
1141,,,,,
1142,,,,,
1143,,,,,
1144,,,,,
1145,,,,,
1146,,,,,
1147,,,,,
1148,,,,,
1149,,,,,
1150,,,,,
1151,,,,,
1152,,,,,
1153,,,,,
1154,,,,,
1155,,,,,
1156,,,,,
1157,,,,,
1158,,,,,
1159,,,,,
1160,,,,,
1161,,,,,
1162,,,,,
1163,,,,,
1164,,,,,
1165,,,,,
1166,,,,,
1167,,,,,
1168,,,,,
1169,,,,,
1170,,,,,
1171,,,,,
1172,,,,,
1173,,,,,
1174,,,,,
1175,,,,,
1176,,,,,
1177,,,,,
1178,,,,,
1179,,,,,
1180,,,,,
1181,,,,,
1182,,,,,
1183,,,,,
1184,,,,,
1185,,,,,
1186,,,,,
1187,,,,,
1188,,,,,
1189,,,,,
1190,,,,,
1191,,,,,
1192,,,,,
1193,,,,,
1194,,,,,
1195,,,,,
1196,,,,,
1197,,,,,
1198,,,,,
1199,,,,,
1200,,,,,
1201,,,,,
1202,,,,,
1203,,,,,
1204,,,,,
1205,,,,,
1206,,,,,
1207,,,,,
1208,,,,,
1209,,,,,
1210,,,,,
1211,,,,,
1212,,,,,
1213,,,,,
1214,,,,,
1215,,,,,
1216,,,,,
1217,,,,,
1218,,,,,
1219,,,,,
1220,,,,,
1221,,,,,
1222,,,,,
1223,,,,,
1224,,,,,
1225,,,,,
1226,,,,,
1227,,,,,
1228,,,,,
1229,,,,,
1230,,,,,
1231,,,,,
1232,,,,,
1233,,,,,
1234,,,,,
1235,,,,,
1236,,,,,
1237,,,,,
1238,,,,,
1239,,,,,
1240,,,,,
1241,,,,,
1242,,,,,
1243,,,,,
1244,,,,,
1245,,,,,
1246,,,,,
1247,,,,,
1248,,,,,
1249,,,,,
1250,,,,,
1251,,,,,
1252,,,,,
1253,,,,,
1254,,,,,
1255,,,,,
1256,,,,,
1257,,,,,
1258,,,,,
1259,,,,,
1260,,,,,
1261,,,,,
1262,,,,,
1263,,,,,
1264,,,,,
1265,,,,,
1266,,,,,
1267,,,,,
1268,,,,,
1269,,,,,
1270,,,,,
1271,,,,,
1272,,,,,
1273,,,,,
1274,,,,,
1275,,,,,
1276,,,,,
1277,,,,,
1278,,,,,
1279,,,,,
1280,,,,,
1281,,,,,
1282,,,,,
1283,,,,,
1284,,,,,
1285,,,,,
1286,,,,,
1287,,,,,
1288,,,,,
1289,,,,,
1290,,,,,
1291,,,,,
1292,,,,,
1293,,,,,
1294,,,,,
1295,,,,,
1296,,,,,
1297,,,,,
1298,,,,,
1299,,,,,
1300,,,,,
1301,,,,,
1302,,,,,
1303,,,,,
1304,,,,,
1305,,,,,
1306,,,,,
1307,,,,,
1308,,,,,
1309,,,,,
1310,,,,,
1311,,,,,
1312,,,,,
1313,,,,,
1314,,,,,
1315,,,,,
1316,,,,,
1317,,,,,
1318,,,,,
1319,,,,,
1320,,,,,
1321,,,,,
1322,,,,,
1323,,,,,
1324,,,,,
1325,,,,,
1326,,,,,
1327,,,,,
1328,,,,,
1329,,,,,
1330,,,,,
1331,,,,,
1332,,,,,
1333,,,,,
1334,,,,,
1335,,,,,
1336,,,,,
1337,,,,,
1338,,,,,
1339,,,,,
1340,,,,,
1341,,,,,
1342,,,,,
1343,,,,,
1344,,,,,
1345,,,,,
1346,,,,,
1347,,,,,
1348,,,,,
1349,,,,,
1350,,,,,
1351,,,,,
1352,,,,,
1353,,,,,
1354,,,,,
1355,,,,,
1356,,,,,
1357,,,,,
1358,,,,,
1359,,,,,
1360,,,,,
1361,,,,,
1362,,,,,
1363,,,,,
1364,,,,,
1365,,,,,
1366,,,,,
1367,,,,,
1368,,,,,
1369,,,,,
1370,,,,,
1371,,,,,
1372,,,,,
1373,,,,,
1374,,,,,
1375,,,,,
1376,,,,,
1377,,,,,
1378,,,,,
1379,,,,,
1380,,,,,
1381,,,,,
1382,,,,,
1383,,,,,
1384,,,,,
1385,,,,,
1386,,,,,
1387,,,,,
1388,,,,,
1389,,,,,
1390,,,,,
1391,,,,,
1392,,,,,
1393,,,,,
1394,,,,,
1395,,,,,
1396,,,,,
1397,,,,,
1398,,,,,
1399,,,,,
1400,,,,,
1401,,,,,
1402,,,,,
1403,,,,,
1404,,,,,
1405,,,,,
1406,,,,,
1407,,,,,
1408,,,,,
1409,,,,,
1410,,,,,
1411,,,,,
1412,,,,,
1413,,,,,
1414,,,,,
1415,,,,,
1416,,,,,
1417,,,,,
1418,,,,,
1419,,,,,
1420,,,,,
1421,,,,,
1422,,,,,
1423,,,,,
1424,,,,,
1425,,,,,
1426,,,,,
1427,,,,,
1428,,,,,
1429,,,,,
1430,,,,,
1431,,,,,
1432,,,,,
1433,,,,,
1434,,,,,
1435,,,,,
1436,,,,,
1437,,,,,
1438,,,,,
1439,,,,,
1440,,,,,
1441,,,,,
1442,,,,,
1443,,,,,
1444,,,,,
1445,,,,,
1446,,,,,
1447,,,,,
1448,,,,,
1449,,,,,
1450,,,,,
1451,,,,,
1452,,,,,
1453,,,,,
1454,,,,,
1455,,,,,
1456,,,,,
1457,,,,,
1458,,,,,
1459,,,,,
1460,,,,,
1461,,,,,
1462,,,,,
1463,,,,,
1464,,,,,
1465,,,,,
1466,,,,,
1467,,,,,
1468,,,,,
1469,,,,,
1470,,,,,
1471,,,,,
1472,,,,,
1473,,,,,
1474,,,,,
1475,,,,,
1476,,,,,
1477,,,,,
1478,,,,,
1479,,,,,
1480,,,,,
1481,,,,,
1482,,,,,
1483,,,,,
1484,,,,,
1485,,,,,
1486,,,,,
1487,,,,,
1488,,,,,
1489,,,,,
1490,,,,,
1491,,,,,
1492,,,,,
1493,,,,,
1494,,,,,
1495,,,,,
1496,,,,,
1497,,,,,
1498,,,,,
1499,,,,,
1500,,,,,
1501,,,,,
1502,,,,,
1503,,,,,
1504,,,,,
1505,,,,,
1506,,,,,
1507,,,,,
1508,,,,,
1509,,,,,
1510,,,,,
1511,,,,,
1512,,,,,
1513,,,,,
1514,,,,,
1515,,,,,
1516,,,,,
1517,,,,,
1518,,,,,
1519,,,,,
1520,,,,,
1521,,,,,
1522,,,,,
1523,,,,,
1524,,,,,
1525,,,,,
1526,,,,,
1527,,,,,
1528,,,,,
1529,,,,,
1530,,,,,
1531,,,,,
1532,,,,,
1533,,,,,
1534,,,,,
1535,,,,,
1536,,,,,
1537,,,,,
1538,,,,,
1539,,,,,
1540,,,,,
1541,,,,,
1542,,,,,
1543,,,,,
1544,,,,,
1545,,,,,
1546,,,,,
1547,,,,,
1548,,,,,
1549,,,,,
1550,,,,,
1551,,,,,
1552,,,,,
1553,,,,,
1554,,,,,
1555,,,,,
1556,,,,,
1557,,,,,
1558,,,,,
1559,,,,,
1560,,,,,
1561,,,,,
1562,,,,,
1563,,,,,
1564,,,,,
1565,,,,,
1566,,,,,
1567,,,,,
1568,,,,,
1569,,,,,
1570,,,,,
1571,,,,,
1572,,,,,
1573,,,,,
1574,,,,,
1575,,,,,
1576,,,,,
1577,,,,,
1578,,,,,
1579,,,,,
1580,,,,,
1581,,,,,
1582,,,,,
1583,,,,,
1584,,,,,
1585,,,,,
1586,,,,,
1587,,,,,
1588,,,,,
1589,,,,,
1590,,,,,
1591,,,,,
1592,,,,,
1593,,,,,
1594,,,,,
1595,,,,,
1596,,,,,
1597,,,,,
1598,,,,,
1599,,,,,
1600,,,,,
1601,,,,,
1602,,,,,
1603,,,,,
1604,,,,,
1605,,,,,
1606,,,,,
1607,,,,,
1608,,,,,
1609,,,,,
1610,,,,,
1611,,,,,
1612,,,,,
1613,,,,,
1614,,,,,
1615,,,,,
1616,,,,,
1617,,,,,
1618,,,,,
1619,,,,,
1620,,,,,
1621,,,,,
1622,,,,,
1623,,,,,
1624,,,,,
1625,,,,,
1626,,,,,
1627,,,,,
1628,,,,,
1629,,,,,
1630,,,,,
1631,,,,,
1632,,,,,
1633,,,,,
1634,,,,,
1635,,,,,
1636,,,,,
1637,,,,,
1638,,,,,
1639,,,,,
1640,,,,,
1641,,,,,
1642,,,,,
1643,,,,,
1644,,,,,
1645,,,,,
1646,,,,,
1647,,,,,
1648,,,,,
1649,,,,,
1650,,,,,
1651,,,,,
1652,,,,,
1653,,,,,
1654,,,,,
1655,,,,,
1656,,,,,
1657,,,,,
1658,,,,,
1659,,,,,
1660,,,,,
1661,,,,,
1662,,,,,
1663,,,,,
1664,,,,,
1665,,,,,
1666,,,,,
1667,,,,,
1668,,,,,
1669,,,,,
1670,,,,,
1671,,,,,
1672,,,,,
1673,,,,,
1674,,,,,
1675,,,,,
1676,,,,,
1677,,,,,
1678,,,,,
1679,,,,,
1680,,,,,
1681,,,,,
1682,,,,,
1683,,,,,
1684,,,,,
1685,,,,,
1686,,,,,
1687,,,,,
1688,,,,,
1689,,,,,
1690,,,,,
1691,,,,,
1692,,,,,
1693,,,,,
1694,,,,,
1695,,,,,
1696,,,,,
1697,,,,,
1698,,,,,
1699,,,,,
1700,,,,,
1701,,,,,
1702,,,,,
1703,,,,,
1704,,,,,
1705,,,,,
1706,,,,,
1707,,,,,
1708,,,,,
1709,,,,,
1710,,,,,
1711,,,,,
1712,,,,,
1713,,,,,
1714,,,,,
1715,,,,,
1716,,,,,
1717,,,,,
1718,,,,,
1719,,,,,
1720,,,,,
1721,,,,,
1722,,,,,
1723,,,,,
1724,,,,,
1725,,,,,
1726,,,,,
1727,,,,,
1728,,,,,
1729,,,,,
1730,,,,,
1731,,,,,
1732,,,,,
1733,,,,,
1734,,,,,
1735,,,,,
1736,,,,,
1737,,,,,
1738,,,,,
1739,,,,,
1740,,,,,
1741,,,,,
1742,,,,,
1743,,,,,
1744,,,,,
1745,,,,,
1746,,,,,
1747,,,,,
1748,,,,,
1749,,,,,
1750,,,,,
1751,,,,,
1752,,,,,
1753,,,,,
1754,,,,,
1755,,,,,
1756,,,,,
1757,,,,,
1758,,,,,
1759,,,,,
1760,,,,,
1761,,,,,
1762,,,,,
1763,,,,,
1764,,,,,
1765,,,,,
1766,,,,,
1767,,,,,
1768,,,,,
1769,,,,,
1770,,,,,
1771,,,,,
1772,,,,,
1773,,,,,
1774,,,,,
1775,,,,,
1776,,,,,
1777,,,,,
1778,,,,,
1779,,,,,
1780,,,,,
1781,,,,,
1782,,,,,
1783,,,,,
1784,,,,,
1785,,,,,
1786,,,,,
1787,,,,,
1788,,,,,
1789,,,,,
1790,,,,,
1791,,,,,
1792,,,,,
1793,,,,,
1794,,,,,
1795,,,,,
1796,,,,,
1797,,,,,
1798,,,,,
1799,,,,,
1800,,,,,
1801,,,,,
1802,,,,,
1803,,,,,
1804,,,,,
1805,,,,,
1806,,,,,
1807,,,,,
1808,,,,,
1809,,,,,
1810,,,,,
1811,,,,,
1812,,,,,
1813,,,,,
1814,,,,,
1815,,,,,
1816,,,,,
1817,,,,,
1818,,,,,
1819,,,,,
1820,,,,,
1821,,,,,
1822,,,,,
1823,,,,,
1824,,,,,
1825,,,,,
1826,,,,,
1827,,,,,
1828,,,,,
1829,,,,,
1830,,,,,
1831,,,,,
1832,,,,,
1833,,,,,
1834,,,,,
1835,,,,,
1836,,,,,
1837,,,,,
1838,,,,,
1839,,,,,
1840,,,,,
1841,,,,,
1842,,,,,
1843,,,,,
1844,,,,,
1845,,,,,
1846,,,,,
1847,,,,,
1848,,,,,
1849,,,,,
1850,,,,,
1851,,,,,
1852,,,,,
1853,,,,,
1854,,,,,
1855,,,,,
1856,,,,,
1857,,,,,
1858,,,,,
1859,,,,,
1860,,,,,
1861,,,,,
1862,,,,,
1863,,,,,
1864,,,,,
1865,,,,,
1866,,,,,
1867,,,,,
1868,,,,,
1869,,,,,
1870,,,,,
1871,,,,,
1872,,,,,
1873,,,,,
1874,,,,,
1875,,,,,
1876,,,,,
1877,,,,,
1878,,,,,
1879,,,,,
1880,,,,,
1881,,,,,
1882,,,,,
1883,,,,,
1884,,,,,
1885,,,,,
1886,,,,,
1887,,,,,
1888,,,,,
1889,,,,,
1890,,,,,
1891,,,,,
1892,,,,,
1893,,,,,
1894,,,,,
1895,,,,,
1896,,,,,
1897,,,,,
1898,,,,,
1899,,,,,
1900,,,,,
1901,,,,,
1902,,,,,
1903,,,,,
1904,,,,,
1905,,,,,
1906,,,,,
1907,,,,,
1908,,,,,
1909,,,,,
1910,,,,,
1911,,,,,
1912,,,,,
1913,,,,,
1914,,,,,
1915,,,,,
1916,,,,,
1917,,,,,
1918,,,,,
1919,,,,,
1920,,,,,
1921,,,,,
1922,,,,,
1923,,,,,
1924,,,,,
1925,,,,,
1926,,,,,
1927,,,,,
1928,,,,,
1929,,,,,
1930,,,,,
1931,,,,,
1932,,,,,
1933,,,,,
1934,,,,,
1935,,,,,
1936,,,,,
1937,,,,,
1938,,,,,
1939,,,,,
1940,,,,,
1941,,,,,
1942,,,,,
1943,,,,,
1944,,,,,
1945,,,,,
1946,,,,,
1947,,,,,
1948,,,,,
1949,,,,,
1950,,,,,
1951,,,,,
1952,,,,,
1953,,,,,
1954,,,,,
1955,,,,,
1956,,,,,
1957,,,,,
1958,,,,,
1959,,,,,
1960,,,,,
1961,,,,,
1962,,,,,
1963,,,,,
1964,,,,,
1965,,,,,
1966,,,,,
1967,,,,,
1968,,,,,
1969,,,,,
1970,,,,,
1971,,,,,
1972,,,,,
1973,,,,,
1974,,,,,
1975,,,,,
1976,,,,,
1977,,,,,
1978,,,,,
1979,,,,,
1980,,,,,
1981,,,,,
1982,,,,,
1983,,,,,
1984,,,,,
1985,,,,,
1986,,,,,
1987,,,,,
1988,,,,,
1989,,,,,
1990,,,,,
1991,,,,,
1992,,,,,
1993,,,,,
1994,,,,,
1995,,,,,
1996,,,,,
1997,,,,,
1998,,,,,
1999,,,,,
2000,,,,,
2001,,,,,
2002,,,,,
2003,,,,,
2004,,,,,
2005,,,,,
2006,,,,,
2007,,,,,
2008,,,,,
2009,,,,,
2010,,,,,
2011,,,,,
2012,,,,,
2013,,,,,
2014,,,,,
2015,,,,,
2016,,,,,
2017,,,,,
2018,,,,,
2019,,,,,
2020,,,,,
2021,,,,,
2022,,,,,
2023,,,,,
2024,,,,,
2025,,,,,
2026,,,,,
2027,,,,,
2028,,,,,
2029,,,,,
2030,,,,,
2031,,,,,
2032,,,,,
2033,,,,,
2034,,,,,
2035,,,,,
2036,,,,,
2037,,,,,
2038,,,,,
2039,,,,,
2040,,,,,
2041,,,,,
2042,,,,,
2043,,,,,
2044,,,,,
2045,,,,,
2046,,,,,
2047,,,,,
2048,,,,,
2049,,,,,
2050,,,,,
2051,,,,,
2052,,,,,
2053,,,,,
2054,,,,,
2055,,,,,
2056,,,,,
2057,,,,,
2058,,,,,
2059,,,,,
2060,,,,,
2061,,,,,
2062,,,,,
2063,,,,,
2064,,,,,
2065,,,,,
2066,,,,,
2067,,,,,
2068,,,,,
2069,,,,,
2070,,,,,
2071,,,,,
2072,,,,,
2073,,,,,
2074,,,,,
2075,,,,,
2076,,,,,
2077,,,,,
2078,,,,,
2079,,,,,
2080,,,,,
2081,,,,,
2082,,,,,
2083,,,,,
2084,,,,,
2085,,,,,
2086,,,,,
2087,,,,,
2088,,,,,
2089,,,,,
2090,,,,,
2091,,,,,
2092,,,,,
2093,,,,,
2094,,,,,
2095,,,,,
2096,,,,,
2097,,,,,
2098,,,,,
2099,,,,,
2100,,,,,
2101,,,,,
2102,,,,,
2103,,,,,
2104,,,,,
2105,,,,,
2106,,,,,
2107,,,,,
2108,,,,,
2109,,,,,
2110,,,,,
2111,,,,,
2112,,,,,
2113,,,,,
2114,,,,,
2115,,,,,
2116,,,,,
2117,,,,,
2118,,,,,
2119,,,,,
2120,,,,,
2121,,,,,
2122,,,,,
2123,,,,,
2124,,,,,
2125,,,,,
2126,,,,,
2127,,,,,
2128,,,,,
2129,,,,,
2130,,,,,
2131,,,,,
2132,,,,,
2133,,,,,
2134,,,,,
2135,,,,,
2136,,,,,
2137,,,,,
2138,,,,,
2139,,,,,
2140,,,,,
2141,,,,,
