SB_light_d_0,SB_light_d_1,SB_light_d_2,SB_light_d_3,SB_light_d_4,SB_light_d_5
2.598283545840923,2.6559236467236467,1.361288798920378,1.4158538262427822,1.4757495756276244,1.695223443223443
2.455655773420479,2.6559236467236467,1.2902023010300825,1.4158538262427822,1.3459020146520146,1.695223443223443
1.1312690101820917,2.6559236467236467,0.8094589055899399,1.4158538262427822,0.8331674208144797,1.695223443223443
2.478872685185185,2.6559236467236467,1.3072554655870445,1.4158538262427822,1.3937429237429235,1.695223443223443
2.509762041696621,2.6559236467236467,1.2948326382315147,1.4158538262427822,1.2957763837102758,1.695223443223443
2.006900698307492,1.1932519952779925,1.2030351390177358,0.8600451887293993,1.2810053178584486,0.8955661738680606
1.9903765433703309,0.9761754320158985,1.1932855353228045,0.747319385881042,1.259698131801215,0.8180948947604121
2.006900698307492,1.602744099378882,1.2030351390177358,1.077921171171171,1.2810053178584486,1.2090852211775982
2.550272141706924,1.251739827855467,1.3262054655870446,0.8893925825964659,1.3751622187336472,0.9314837398373983
2.57280056980057,1.8738161802355353,1.342823886639676,1.1876591845905906,1.420985347985348,1.350974025974026
2.4695316930775646,1.5665080213903744,1.2650558647286396,1.039397531030761,1.2305221104835375,1.0940219009061114
2.48136165577342,1.5837729210261178,1.2735804655870444,1.0373007757835864,1.2482673992673992,1.072441391941392
2.4796627091203454,1.6135144927536231,1.2730293495771243,1.0826590909090907,1.247666906863628,1.2131498267231422
2.4728310661183173,1.6135144927536231,1.267659451617941,1.0826590909090907,1.2360664476213779,1.2131498267231422
2.5612001105583193,2.3527113237639554,1.3343016194331982,1.3338157081014226,1.3970988231626529,1.5428001506855675
2.4960370370370373,1.3396320790859626,1.285020682978349,0.9261931311329169,1.2737503753077521,0.9570320171013323
2.48136165577342,1.6405857300594142,1.2735804655870444,1.0766886817714447,1.2482673992673992,1.1520040199198647
2.57280056980057,1.6405857300594142,1.342823886639676,1.0766886817714447,1.420985347985348,1.1520040199198647
2.4960370370370373,2.204103896103896,1.285020682978349,1.192446155428089,1.2737503753077521,1.4487406846027535
2.48136165577342,2.204103896103896,1.2735804655870444,1.192446155428089,1.2482673992673992,1.4487406846027535
2.4695316930775646,2.204103896103896,1.2650558647286396,1.192446155428089,1.2305221104835375,1.4487406846027535
2.48136165577342,2.204103896103896,1.2735804655870444,1.192446155428089,1.2482673992673992,1.4487406846027535
2.6214331292297777,2.204103896103896,1.3770993700341525,1.192446155428089,1.5249959844362286,1.4487406846027535
2.564694170656153,1.0999798704120738,1.3354214402618656,0.742192100323354,1.398319824383654,0.8461808924827793
2.6214331292297777,0.9222861397178808,1.3770993700341525,0.7052014202688865,1.5249959844362286,0.7565376132070138
2.5629308132236015,1.2965642922457774,1.3348585673585673,0.9450454205988186,1.3977059508416039,1.1816269651479134
2.6214331292297777,1.1527360273212675,1.3770993700341525,0.7653202247191012,1.5249959844362286,0.8713456445993032
2.5290305966343705,1.5401565971993951,1.308751757003947,1.0244689265536722,1.3286507936507936,1.2704025974025974
2.5762946298984035,1.2931061007957558,1.3439437074683434,0.8805751649943874,1.4222063492063493,1.1370194195165333
2.006900698307492,1.3070501567398118,1.2030351390177358,0.8639079721503574,1.2810053178584486,1.1293393511250653
1.9903765433703309,1.3097053565364365,1.1932855353228045,0.9486336212806801,1.259698131801215,1.1856915706934574
2.006900698307492,1.3097053565364365,1.2030351390177358,0.9486336212806801,1.2810053178584486,1.1856915706934574
2.5157311933349673,1.9539615618424129,1.2986207409611663,1.1223868353868354,1.3040309106098578,1.3820382459236629
2.5157311933349673,1.0859010976068622,1.2986207409611663,0.7923361889879584,1.3040309106098578,1.0402622352713096
1.6385011090875128,1.3521748239118654,1.029058940145816,0.9147461215853705,1.0635555588930274,1.1702077087731122
1.6336854395604399,1.3521748239118654,1.0257831655162915,0.9147461215853705,1.0568077261392361,1.1702077087731122
2.5551700877738615,1.9504242424242424,1.344226637767063,,1.4418863049095605,1.9448624045446077
2.5683160674772183,1.9504242424242424,1.3537086197490453,,1.4705420054200542,1.9448624045446077
2.6399869375907112,1.9504242424242424,1.403827667368093,,1.643819444444444,1.9448624045446077
2.5585864661654134,1.9504242424242424,1.3630249102019871,,1.527562917756466,1.9448624045446077
1.541479399358543,1.9504242424242424,1.035779229519387,,1.1537795865930356,1.9448624045446077
2.6876862385321103,1.0330539061219286,1.4240027102328623,,1.7010515222482436,1.0349293858282622
2.689385185185185,0.987209195919592,1.4245538262427824,,1.7016520146520147,0.9267938222366403
2.4868991596638654,1.4009051054829726,1.311301157409731,,1.3711102150537635,1.4248602654176425
2.0246293706293708,1.0714091660369278,1.2590272727272727,,1.5034534161490682,1.0746031746031748
1.5731449639684933,1.5610856812360572,1.0412010632874518,,1.121197499314748,1.5841460642227907
1.9054970508095508,1.362624840357599,1.1955427324788654,,1.344699017199017,1.364838249421811
1.4821081366246258,1.3387902272019918,1.0104440720569752,,1.0860675029868578,1.3521201021005829
1.6188981244671783,1.414468064263323,1.086655926352129,,1.2238896226415092,1.433566829124206
1.8296227195896715,1.414468064263323,1.1718345097805998,,1.3296306946194676,1.433566829124206
1.4041021619041123,1.7923400793342146,0.955330690763633,,1.0006517881517882,1.8044514168055692
1.559676378388346,1.2103488971346115,1.0340276330715774,,1.0824214416638611,1.2103459563543002
1.7821177944862157,1.4053607305936073,1.113253132280692,,1.1488783242511258,1.4158330721909667
1.484230163590237,1.4053607305936073,1.0088687628161312,,1.076681801994302,1.4158330721909667
1.7958836675020886,2.3990592740592738,1.124476301686928,,1.1746883116883118,9.144045454545454
1.4842662949879446,2.3990592740592738,0.9930567330176908,,1.0210096422167887,9.144045454545454
1.5839945602065275,2.3990592740592738,1.0408140107805557,,1.0852530206112294,9.144045454545454
1.6162231049321416,2.3990592740592738,1.0148805611409866,,0.9998965308703062,9.144045454545454
2.3903376527212146,2.3990592740592738,1.2659214098594904,,1.2904072987943955,9.144045454545454
1.7052196969696969,1.1122267839687194,1.0283082409551212,,0.9884083914053425,1.5963924422159714
2.1491230424505074,1.0729760000338564,1.1906456215444978,,1.2058294285664974,1.5189405731523378
1.242315770394654,1.635282777818062,0.8459464267359005,,0.851896463891386,2.3765150375939847
1.519008658008658,1.1548515507084083,0.9207182745037461,,0.887390408943807,1.7097682370820668
2.2025531505531504,1.8294860347985344,1.0954597701149424,,1.3857389711737536,3.173462998102467
2.1563181818181816,1.630050440205429,1.0199864847795883,,1.252020435704646,2.0718232323232324
1.1071019298245615,1.6022471412246673,0.703002492863174,,0.7763139900183107,1.9898253968253967
2.1699870129870127,1.6547976363930712,1.0454694608199415,,1.270485347985348,2.4123087318087313
2.151068730940652,1.6547976363930712,0.9974069364161849,,1.3139800725635236,2.4123087318087313
1.6837370733841321,2.1539791507754895,0.9893554295983963,,1.2654580356544278,5.177666666666666
1.668055049315011,1.456506493506493,0.9758970340068738,,1.2549462100681612,1.6120552530752168
1.6837370733841321,1.6696373626373624,0.9893554295983963,,1.2654580356544278,2.2455693581780536
2.1745215234204,1.6696373626373624,1.042669801462905,,1.3477039627039626,2.2455693581780536
2.187877769289534,5.188260869565218,1.067361883574342,,1.3656794119122886,
2.122036561441056,5.188260869565218,0.9564621848739495,,1.2821765222482433,
2.1312727272727274,5.188260869565218,0.9679913092234372,,1.291264917877821,
2.1287191011235955,5.188260869565218,0.9673344947735192,,1.2906644254740498,
2.124222438907307,5.188260869565218,0.96,,1.2849462590903487,
2.1810461262875056,1.7025608465608464,1.054630028735632,,1.3564520146520145,
2.1408003086022886,1.6237392085039144,0.9837886825817861,,1.3034722393711156,
2.1312727272727274,1.6951785714285712,0.9679913092234372,,1.291264917877821,
2.187877769289534,1.8038254686489978,1.067361883574342,,1.3656794119122886,
2.1408003086022886,2.2255970695970695,0.9837886825817861,,1.3034722393711156,
2.1312727272727274,1.6584280805401495,0.9679913092234372,,1.291264917877821,
2.122036561441056,1.6085677655677653,0.9564621848739495,,1.2821765222482433,
2.1312727272727274,1.7370874033374033,0.9679913092234372,,1.291264917877821,
2.217159782745989,1.7370874033374033,1.1198796636889121,,1.4029864150582383,
2.186331538549662,3.455809523809523,1.0559665697674419,,1.3576730158730157,
2.217159782745989,1.2570827067669172,1.1198796636889121,,1.4029864150582383,
2.183658456486042,1.7660028374986356,1.055294436416185,,1.3570591423309655,
2.217159782745989,1.7660028374986356,1.1198796636889121,,1.4029864150582383,
2.164710115218774,3.3009120879120877,1.0170537176547658,,1.3289217963608206,
2.1931631815516903,3.3009120879120877,1.0686984246061515,,1.3669004131332898,
1.6837370733841321,3.3009120879120877,0.9893554295983963,,1.2654580356544278,
1.668055049315011,3.3009120879120877,0.9758970340068738,,1.2549462100681612,
1.6837370733841321,3.3009120879120877,0.9893554295983963,,1.2654580356544278,
2.1563990820974754,1.244946496791662,1.0026304211187933,,1.318049486461251,
2.1563990820974754,1.1691626739158871,1.0026304211187933,,1.318049486461251,
1.4207681726649866,2.3375928297055055,0.8373943701226312,,1.0087570240944925,
1.4167420128890718,1.295669321540579,0.8329729357369109,,1.005256872101969,
2.1528695149064996,2.5728120212824157,1.07733588794926,,1.370219092331768,
2.1603840173607614,2.340985520226899,1.0918531293285705,,1.3805314009661833,
2.199365498842243,2.3160533126293994,1.1718460920308926,,1.4354444444444443,
2.1218718238283456,2.359937065497074,1.1155417401042815,,1.3934755996691481,
1.300620422022799,2.359937065497074,0.9249419071976618,,1.149027664859982,
2.2490048154093096,2.9819885398981323,1.1967325227963526,,1.4545687636275537,
2.2515584415584415,2.135232855895395,1.1973893372462705,,1.455169256031325,
2.080865330321852,2.387806437389771,1.0363793469418883,,1.337228636106395,
1.734087157287157,2.387806437389771,1.11488470988471,,1.3426915113871636,
1.352584943211666,1.8919759465886226,0.914551355748077,,1.1509193633781114,
1.6514685314685313,1.8919759465886226,1.0384324238568836,,1.2814414414414412,
1.2082827837543362,1.8919759465886226,0.8764882647454428,,1.1193148148148147,
1.3129305863627898,1.8919759465886226,0.9545217331687919,,1.190008043694141,
1.503537873643986,1.8919759465886226,1.013516157358623,,1.2579634820416752,
1.2994373302963171,1.018364516839093,0.8100754751999009,,0.9247431577750728,
1.2886094385794675,0.9291395960638704,0.8732406702208682,,1.1313012531328321,
1.493848200818789,1.1860776942355888,0.9120767142494893,,1.18875604164243,
1.2148190416141236,1.0600693285909868,0.8713522663551025,,1.1165595193856064,
1.501766640241002,1.3761951661091807,0.9277314352314352,,1.2007337662337663,
1.225330615620938,1.1955188643275685,0.8337472137791286,,1.0935291227362691,
1.302189858159887,1.1847432654329206,0.8715184450775905,,1.1341328320802004,
1.3555798879357366,1.2026393950979144,0.8143625219167641,,1.0982223069428558,
1.9704205959525107,1.2026393950979144,0.9811321276716904,,1.2906783015044225,
1.5390502046972636,1.6862552576203194,0.7923630111216459,,0.990380949920274,
1.8399312865120827,1.026006887023508,0.9284593406593407,,1.1640331174197454,
1.1551234294161123,1.2339633938853098,0.6930835770369752,,0.7919098988445797,
1.3868626373626374,1.2339633938853098,0.7093190302611688,,0.8407915388873098,
1.887616883116883,2.504229079609986,,,1.841787606700942,
1.7374978354978352,2.504229079609986,,,1.6861838331160364,
1.0477966249621633,2.504229079609986,,,0.9897635976852472,
1.7646810477657933,2.504229079609986,,,1.716255261687465,
1.7857374087677536,2.504229079609986,,,1.7274896214896216,
1.5880585129156557,1.128550316212855,,,1.5924750116100452,
1.5653549419767907,1.0671918824005986,,,1.57435298692641,
1.5880585129156557,1.640557692307692,,,1.5924750116100452,
1.8312329545454546,1.172124351099663,,,1.779282193771774,
1.8575454545454544,1.8469309381638148,,,1.8083417278528784,
1.7377963841899586,1.653625,,,1.6795095345830642,
1.7522954545454545,1.6293924881618593,,,1.6932357811679843,
1.7492090347923681,1.6613872549019608,,,1.691811482635012,
1.741507815280173,1.6613872549019608,,,1.6835063700261022,
1.843964809384164,2.214970862470863,,,1.7933194263363756,
1.768913875598086,1.473664457754556,,,1.7112112303763105,
1.7522954545454545,1.69104926999028,,,1.6932357811679843,
1.8575454545454544,1.69104926999028,,,1.8083417278528784,
1.768913875598086,3.76017316017316,,,1.7112112303763105,
1.7522954545454545,3.76017316017316,,,1.6932357811679843,
1.7377963841899586,3.76017316017316,,,1.6795095345830642,
1.7522954545454545,3.76017316017316,,,1.6932357811679843,
1.9163137850923853,3.76017316017316,,,1.8718324786324785,
1.8503750657944202,1.3370130325814535,,,1.7962416940160952,
1.9163137850923853,1.2361291729977921,,,1.8718324786324785,
1.8471293663461892,2.5378442306373836,,,1.7947680718528178,
1.9163137850923853,1.3992484472049689,,,1.8718324786324785,
1.8090426674774498,2.8348836996336995,,,1.7508333735230288,
1.863955710955711,2.468034127872874,,,1.8112639955325982,
1.5880585129156557,2.4338198790154357,,,1.5924750116100452,
1.5653549419767907,2.5591547548470674,,,1.57435298692641,
1.5880585129156557,2.5591547548470674,,,1.5924750116100452,
1.7937890442890443,3.3434246309246305,,,1.7341930573174953,
1.7937890442890443,2.218203600789413,,,1.7341930573174953,
1.173416976234515,2.542184981684982,,,1.2453116201969299,
1.1673762872237503,2.542184981684982,,,1.2398522920203736,
1.8310184068804758,3.089319105691057,,,1.8056288280684831,
1.8465725940725939,3.089319105691057,,,1.8229598743806616,
1.9329479740118038,3.089319105691057,,,1.920447009886665,
1.8234099234099233,3.089319105691057,,,1.8341957615328603,
1.5070261437908496,3.089319105691057,,,1.4211198735904618,
1.9947923681257014,1.1929815052417463,,,1.9651881060116356,
1.9978787878787876,1.105598037704834,,,1.9666124045446078,
1.7385930735930735,2.3363262305962533,,,1.7396855574512275,
1.8392034491254001,1.2401027676027676,,,1.7536968085106384,
1.5298024543029238,2.5435,,,1.426307712220904,
1.7515020460446231,2.280636307966375,,,1.64892647424346,
1.3285052072997743,2.253468899521531,,,1.3308090865985602,
1.4207329452157038,2.351887634105025,,,1.4404684684684685,
1.5431596848689424,2.351887634105025,,,1.562685569669617,
1.1742077415761627,2.8602686839702622,,,1.168344246091693,
1.3549236208454036,2.0928985075473836,,,1.356533136812901,
1.456837379828913,2.336148842395922,,,1.4601422376499775,
1.3314987959895654,2.336148842395922,,,1.329262053735738,
1.4717866100286268,5.876871980676329,,,1.477517825311943,
1.3019790104947524,5.876871980676329,,,1.299633211732088,
1.33836383580286,5.876871980676329,,,1.3563822596199187,
1.3165760171857452,5.876871980676329,,,1.3172871084673297,
1.601662398029384,5.876871980676329,,,1.6486247086247086,
1.2549140180662426,1.68612675070028,,,1.2628677718965347,
1.4529898032753112,1.628324714501185,,,1.4982840434419382,
0.9349729952587096,2.9374285714285717,,,0.9807951697425382,
0.9961483516483515,1.794910839160839,,,1.064879226020258,
2.4385281385281385,3.484269841269841,,,8.280795454545453,
2.1984329004329006,2.8932998500749627,,,7.740306324110672,
1.1796425412912015,2.85298773690078,,,1.8434285714285714,
2.2203030303030302,2.9789523809523812,,,7.971519138755982,
2.357987762237762,2.9789523809523812,,,7.478070824524312,
1.9178641319541512,4.626142857142858,,,3.0594605394605394,
1.8927989139780077,2.4774342105263156,,,2.9597619047619044,
1.9178641319541512,3.011124682431112,,,3.0594605394605394,
2.3933504054630816,3.011124682431112,,,7.754545454545455,
2.4145906829488917,3.068211180124224,,,7.965045454545454,
2.313719583898688,3.068211180124224,,,7.27938630490956,
2.3279205851619644,3.068211180124224,,,7.333545454545454,
2.3233977448182284,3.068211180124224,,,7.323444444444443,
2.316873141951123,3.068211180124224,,,7.293373015873016,
2.4036627140974964,1.2794781194559433,,,7.850227272727272,
2.3419131069733483,1.2284820812135406,,,7.403712121212121,
2.3279205851619644,1.8421128951408605,,,7.333545454545454,
2.4145906829488917,1.3385943652823447,,,7.965045454545454,
2.3419131069733483,2.1215935672514616,,,7.403712121212121,
2.3279205851619644,1.8357248157248154,,,7.333545454545454,
2.313719583898688,1.8034619079009322,,,7.27938630490956,
2.3279205851619644,1.8680517099380343,,,7.333545454545454,
2.463237762237762,1.8680517099380343,,,8.65569320214669,
2.4131324110671932,2.6315264788403083,,,7.871872294372293,
2.463237762237762,1.5971321950360853,,,8.65569320214669,
2.408324718759501,1.892547283702213,,,7.8607980972515845,
2.463237762237762,1.892547283702213,,,8.65569320214669,
2.379413875598086,4.596038647342995,,,7.594724958949096,
2.424060379918589,4.596038647342995,,,7.986690476190475,
1.9178641319541512,4.596038647342995,,,3.0594605394605394,
1.8927989139780077,4.596038647342995,,,2.9597619047619044,
1.9178641319541512,4.596038647342995,,,3.0594605394605394,
2.3667922899884926,1.7271071428571427,,,7.513065476190475,
2.3667922899884926,1.6634339581986637,,,7.513065476190475,
1.2653817792368938,1.7131785714285712,,,1.9752862926547134,
1.2593139086826795,1.8335137803373094,,,1.9535797535797534,
2.3113751248751244,2.2469621489621487,,,5.517023809523809,
2.323712121212121,1.6690498500749626,,,5.692440476190475,
2.390537518037518,1.6252734511864948,,,7.722261904761905,
2.230895333480079,1.7547023809523807,,,5.289166666666666,
1.9048128205128207,1.7547023809523807,,,3.3918734968734974,
2.5188221480012523,3.3614761904761905,,,11.743944444444445,
2.5233449883449883,1.2621184210526315,,,11.754045454545455,
2.163616883116883,1.783410396716826,,,4.282427536231884,
2.2985453830655067,1.783410396716826,,,6.318474916387959,
1.9221804866524923,3.278612047359778,,,2.9750251572327047,
2.2261537737624693,3.278612047359778,,,5.0807198848184285,
1.5784562211981568,3.278612047359778,,,1.9830043618278914,
1.6598801313628901,3.278612047359778,,,2.458069601373949,
1.8109802264532255,3.278612047359778,,,3.056625641025641,
1.2868050364269874,1.241004753416518,,,2.0371451800232285,
1.6235258373383232,1.179774633632343,,,2.0417518037518034,
1.76006940103886,2.372916959064327,,,2.4130611601513237,
1.5885216892458407,1.292428234046655,,,1.9814555052790346,
1.7715286339676581,2.6057604921394395,,,2.481794930875576,
1.571479946524064,2.3376355367951573,,,1.8740646853146852,
1.5944433250230525,2.3059631169104495,,,1.9964590964590965,
1.5984526907705177,2.393230622009569,,,1.9341274327122153,
1.9692215679057785,2.393230622009569,,,3.447436921783011,
1.4702719198790626,2.9862576499388007,,,2.4194592384359828,
1.6964166666666667,2.1315797650625234,,,2.990570684217743,
0.9809778475492761,2.392441128148959,,,1.4949388723798889,
1.0608639971139973,2.392441128148959,,,1.680882764294529,
7.442941176470588,7.440675136116153,,,,
8.516097560975608,7.440675136116153,,,,
1.8967032967032964,7.440675136116153,,,,
8.5827027027027,7.440675136116153,,,,
7.23152600170503,7.440675136116153,,,,
2.5216064370412195,1.4096357670221493,,,,
2.425217391304348,1.0655552695838952,,,,
2.5216064370412195,1.8780098605098605,,,,
7.301428571428571,1.5040463967405144,,,,
7.364736842105262,2.4446819238333632,,,,
7.080765027322404,1.866157437638762,,,,
7.1355172413793095,1.9424913657770801,,,,
7.102183908045977,1.8928026219063956,,,,
7.087666666666666,1.8928026219063956,,,,
7.331499999999998,4.389854819976771,,,,
7.167777777777777,1.5034585155362064,,,,
7.1355172413793095,1.9979061457465903,,,,
7.364736842105262,1.9979061457465903,,,,
7.167777777777777,3.234050751879699,,,,
7.1355172413793095,3.234050751879699,,,,
7.080765027322404,3.234050751879699,,,,
7.1355172413793095,3.234050751879699,,,,
7.551070593735391,3.234050751879699,,,,
7.4072575757575745,1.222979597024762,,,,
7.551070593735391,1.1530175706646295,,,,
7.36773188405797,2.3026846265862284,,,,
7.551070593735391,1.2715539541759056,,,,
7.3132043842682135,2.528895688330471,,,,
7.440494417862839,2.3137039337474117,,,,
2.5216064370412195,2.289303063774713,,,,
2.425217391304348,2.3250288623777964,,,,
2.5216064370412195,2.3250288623777964,,,,
7.280957575757576,2.9248529411764705,,,,
7.280957575757576,2.1160071926697315,,,,
2.2501742581090403,2.3566355053806034,,,,
2.2325988885256622,2.3566355053806034,,,,
4.867424242424242,2.223703243616287,,,,
4.9086987522281635,2.223703243616287,,,,
5.176157575757576,2.223703243616287,,,,
3.94295238095238,2.223703243616287,,,,
2.7694466403162052,2.223703243616287,,,,
7.764927536231883,1.2972569046378322,,,,
7.798260869565216,1.2437387650721248,,,,
3.7170499419279905,1.1173536200570848,,,,
4.697087912087912,1.3486512564796034,,,,
2.655981240981241,1.3630272727272725,,,,
4.421443443443443,1.1348047807036568,,,,
1.5289721083514185,1.1025492300811446,,,,
1.7517563928844413,1.1432924348542588,,,,
2.1572222222222224,1.1432924348542588,,,,
2.1381355932203387,1.8230107180954636,,,,
1.6439108391608392,0.9253410707029663,,,,
2.03115508047793,1.1781516197455735,,,,
1.546318814277072,1.1781516197455735,,,,
2.0529865574676895,2.1544124788255226,,,,
1.5110888719124014,2.1544124788255226,,,,
1.5951538461538461,2.1544124788255226,,,,
1.9567968477882272,2.1544124788255226,,,,
2.8116941203385957,2.1544124788255226,,,,
2.757454608949632,1.0881022508576688,,,,
3.696753282801324,1.083622082569608,,,,
1.503796992481203,1.4250473220473219,,,,
1.7285823201131492,1.1322853870070364,,,,
3.3900952380952374,1.619389925373134,,,,
2.75,1.424281474752063,,,,
1.3034115488138738,1.397341477700611,,,,
2.7718701298701296,1.4455318024791708,,,,
3.3113863636363634,1.4455318024791708,,,,
2.6991062885182697,1.9283050397877983,,,,
2.669149206349206,1.2490823910389128,,,,
2.6991062885182697,1.4642627843603078,,,,
3.3449175050301805,1.4642627843603078,,,,
3.366157782515991,5.1169704433497545,,,,
3.263543859649123,5.1169704433497545,,,,
3.2794876847290637,5.1169704433497545,,,,
3.273222020568663,5.1169704433497545,,,,
3.2666974177015566,5.1169704433497545,,,,
3.3552298136645957,1.7140299114578768,,,,
3.2934802065404467,1.4665882857755848,,,,
3.2794876847290637,1.8682124819624817,,,,
3.366157782515991,1.8215036231884056,,,,
3.2934802065404467,2.4852418108207583,,,,
3.2794876847290637,1.7038925194406922,,,,
3.263543859649123,1.6858246391171725,,,,
3.2794876847290637,1.895012987012987,,,,
3.4166363636363632,1.895012987012987,,,,
3.368457326892109,3.8053070175438592,,,,
3.4166363636363632,1.277760751555066,,,,
3.3617233201581023,1.8565624673360879,,,,
3.4166363636363632,1.8565624673360879,,,,
3.334738791423002,3.3918522207898745,,,,
3.3793852957435044,3.3918522207898745,,,,
2.6991062885182697,3.3918522207898745,,,,
2.669149206349206,3.3918522207898745,,,,
2.6991062885182697,3.3918522207898745,,,,
3.322117205813408,1.290934426229508,,,,
3.322117205813408,1.0304194812442165,,,,
1.4982881588999235,1.8839093701996927,,,,
1.491502615214243,1.358973218787573,,,,
3.2169857549857546,2.2211704085388293,,,,
3.2293227513227514,1.856569264069264,,,,
3.2961481481481476,1.8881838761125689,,,,
3.0951832122679575,1.8960099955876863,,,,
2.6498706075533662,1.8960099955876863,,,,
3.4686464237516867,2.9057893502228476,,,,
3.474912087912087,1.5934087333691642,,,,
3.0279047619047614,1.9439950303108198,,,,
3.1489854809437388,1.9439950303108198,,,,
2.6800852126454533,2.585484555984556,,,,
3.0688531807175874,2.585484555984556,,,,
2.2724953314659198,2.585484555984556,,,,
2.3650195604668927,2.585484555984556,,,,
2.5483556443556443,2.585484555984556,,,,
1.4548232323232324,1.423712581536111,,,,
2.3344609173597934,1.248502786377709,,,,
2.5090093224459684,1.3669262914699147,,,,
2.28469315245478,1.4893201754385963,,,,
2.5196348402317588,1.6766770186335402,,,,
2.273586297760211,1.2989438159879334,,,,
2.306117143486608,1.2797086834733893,,,,
2.3475905295215638,1.385817896389325,,,,
2.78563437849944,1.385817896389325,,,,
1.7421887755102041,2.198380952380952,,,,
2.093456093189964,1.0383198055379412,,,,
1.1009774891774893,1.379501729113798,,,,
1.2164600840336135,1.379501729113798,,,,
1.9374643649033891,3.7250434782608695,,,,
1.8918072377061137,3.7250434782608695,,,,
1.09995324850588,3.7250434782608695,,,,
1.905163483575248,3.7250434782608695,,,,
1.8871794297656366,3.7250434782608695,,,,
1.4843933011849053,1.3197735507246378,,,,
1.4688389783364104,1.3178490396158462,,,,
1.4843933011849053,2.4183269686907023,,,,
1.910082251082251,1.3822884437423466,,,,
1.9231365146481423,2.710380116959064,,,,
1.8586050775325074,2.4274347290640392,,,,
1.8677174712080373,2.3906937119675455,,,,
1.8651638450589054,2.448270833333333,,,,
1.8607508471553413,2.448270833333333,,,,
1.9164610389610388,3.248969841269841,,,,
1.8770626432391135,2.182089467365894,,,,
1.8677174712080373,2.483210558926194,,,,
1.9231365146481423,2.483210558926194,,,,
1.8770626432391135,3.900115942028986,,,,
1.8677174712080373,3.900115942028986,,,,
1.8586050775325074,3.900115942028986,,,,
1.8677174712080373,3.900115942028986,,,,
1.9517747500571594,3.900115942028986,,,,
1.9217464512231952,1.5796873978424322,,,,
1.9517747500571594,1.3797732076942475,,,,
1.919073369159576,1.4840977564102564,,,,
1.9517747500571594,1.6638149130562923,,,,
1.900595733519846,1.9243245614035085,,,,
1.9284219269102987,1.5060202702702703,,,,
1.4843933011849053,1.498076111487876,,,,
1.4688389783364104,1.515702537593985,,,,
1.4843933011849053,1.515702537593985,,,,
1.8924560987185568,2.9038153846153847,,,,
1.8924560987185568,1.1651464063886423,,,,
1.1544168309282195,1.5918084471962533,,,,
1.1504355874011045,1.5918084471962533,,,,
1.8422009966777406,2.92068487394958,,,,
1.84953549145126,2.92068487394958,,,,
1.8875141082237288,2.92068487394958,,,,
1.777666029622551,2.92068487394958,,,,
1.3755770768984656,2.92068487394958,,,,
1.9826366061537761,1.1341077865322657,,,,
1.985190232302908,1.0753556797863433,,,,
1.7376401004954984,2.188970558580359,,,,
1.7208721558798956,1.174452570820992,,,,
1.38976119726241,2.3750095818815327,,,,
1.6642185951303599,2.2044395783499837,,,,
1.132485415352802,2.182185170612281,,,,
1.2057929531503488,2.2086663405885707,,,,
1.3563563684022397,2.2086663405885707,,,,
1.187056701087075,2.688884540117417,,,,
1.1911058664240044,2.039320447880565,,,,
1.3390833333333334,2.2379402549697494,,,,
1.143077283372365,2.2379402549697494,,,,
1.3468139694697232,2.7578981115502854,,,,
1.1448455141487979,2.7578981115502854,,,,
1.175801428859505,2.7578981115502854,,,,
1.1810978220745665,2.7578981115502854,,,,
1.6030534670008354,2.7578981115502854,,,,
1.355928679550685,1.0929780271154745,,,,
1.5092313959264778,1.0275840263340261,,,,
0.9860626185958253,2.1905121932900338,,,,
1.0997809492200463,1.13073197492163,,,,
2.614964052287582,2.351607403940061,,,,
2.3838775543972863,2.1567698745532575,,,,
1.2170753630605846,2.1320695985134295,,,,
2.4009307189542484,2.2045431350258937,,,,
2.5518633067406418,2.2045431350258937,,,,
1.9694741743710302,2.5916709292412614,,,,
1.9484485514485512,2.005530496783693,,,,
1.9694741743710302,2.1978583797920184,,,,
2.5798807189542483,2.1978583797920184,,,,
2.5964991400068795,2.974722222222222,,,,
2.515477059067712,2.974722222222222,,,,
2.5272557189542484,2.974722222222222,,,,
2.5234505439161965,2.974722222222222,,,,
2.5180806459570126,2.974722222222222,,,,
2.5879768728004025,1.09708482370976,,,,
2.5386959363455524,1.0574453446613092,,,,
2.5272557189542484,2.170390263691684,,,,
2.5964991400068795,1.1358589981447125,,,,
2.5386959363455524,2.356829416630176,,,,
2.5272557189542484,2.175330316742081,,,,
2.515477059067712,2.144310064935065,,,,
2.5272557189542484,2.1904738906088754,,,,
2.6341300385432804,2.1904738906088754,,,,
2.5959133807369104,2.6966777257351024,,,,
2.6341300385432804,2.0134840099543143,,,,
2.591889235867695,2.2085641606100324,,,,
2.6341300385432804,2.2085641606100324,,,,
2.5692436974789916,5.389047619047619,,,,
2.6044356479433874,5.389047619047619,,,,
1.9694741743710302,5.389047619047619,,,,
1.9484485514485512,5.389047619047619,,,,
1.9694741743710302,5.389047619047619,,,,
2.559112681436211,1.8381333584715935,,,,
2.559112681436211,1.6808196721311475,,,,
1.2910387061577178,1.9141481497904795,,,,
1.2859222327504523,1.960131914893617,,,,
2.4394185782421074,2.5615263951734537,,,,
2.44890056022409,1.825853995412767,,,,
2.4990196078431373,1.7995046825096082,,,,
2.3226957098628924,1.9538036648266826,,,,
1.9812293304418538,1.9538036648266826,,,,
2.6744239045719342,3.9411834284877756,,,,
2.678229079609986,1.3560159815416328,,,,
2.2709719570706364,1.973198757763975,,,,
2.3875429975429974,1.973198757763975,,,,
1.9746684528106317,5.611801587301587,,,,
2.3265101449275365,5.611801587301587,,,,
1.5911971258843909,5.611801587301587,,,,
1.6653840903449986,5.611801587301587,,,,
1.828641250749278,5.611801587301587,,,,
1.3135857195247602,1.3546900826765746,,,,
1.6482551020408163,1.017789795306061,,,,
1.8027566951085578,1.9853608881066809,,,,
1.6046701359712778,1.439238355629333,,,,
1.811947496947497,2.475600118835413,,,,
1.599874074074074,1.966895271910752,,,,
1.6178574038310978,2.0299951298701298,,,,
1.61949196013289,1.9982824391294975,,,,
2.0738475935828875,1.9982824391294975,,,,
1.562660465531279,3.9286135121708896,,,,
1.7850708985735486,1.6405787107726273,,,,
1.007232094221568,2.083901458945377,,,,
1.1053142152902917,2.083901458945377,,,,
3.679722610722611,2.3307450980392153,,,,
2.9811607378129117,2.3307450980392153,,,,
1.3721074416242043,2.3307450980392153,,,,
3.033458874458874,2.3307450980392153,,,,
3.487763736263736,2.3307450980392153,,,,
2.89862977416672,1.084651515151515,,,,
2.862575867016276,0.9998703058459156,,,,
2.89862977416672,1.5965848084818062,,,,
3.569477111540942,1.1246017489375613,,,,
3.619472163495419,1.7826395989974937,,,,
3.41023473541384,1.6023967104324246,,,,
3.432982683982684,1.5832905529650245,,,,
3.4284598436389473,1.6141093865484109,,,,
3.416122847301952,1.6141093865484109,,,,
3.5933636363636365,2.100405773420479,,,,
3.460165896250642,1.437739909670944,,,,
3.432982683982684,1.6384555896859045,,,,
3.619472163495419,1.6384555896859045,,,,
3.460165896250642,3.1895907865719186,,,,
3.432982683982684,3.1895907865719186,,,,
3.41023473541384,3.1895907865719186,,,,
3.432982683982684,3.1895907865719186,,,,
3.738358974358974,3.1895907865719186,,,,
3.6028333333333338,1.1898718457898616,,,,
3.738358974358974,1.0938001641023383,,,,
3.5980256410256417,2.284642857142857,,,,
3.738358974358974,1.235878787878788,,,,
3.527269230769231,2.5021664247701985,,,,
3.6289418604651162,2.2846021047917597,,,,
2.89862977416672,2.2612766963292548,,,,
2.862575867016276,2.304526539429331,,,,
2.89862977416672,2.304526539429331,,,,
3.5007727272727274,2.8887831988261183,,,,
3.5007727272727274,2.0950924602409997,,,,
1.6541627284718294,2.3278430022943297,,,,
1.6448713924562643,2.3278430022943297,,,,
3.4835975609756096,3.075291925465838,,,,
3.5151923076923075,3.075291925465838,,,,
3.7095,3.075291925465838,,,,
3.4381428571428563,3.075291925465838,,,,
2.818700711053652,3.075291925465838,,,,
3.929650319829425,1.091706862126944,,,,
3.9341731601731604,1.0416688345596028,,,,
3.2655590062111797,2.146169370829158,,,,
3.4719251336898393,1.1298279987227258,,,,
2.7898022598870056,2.3404225178615423,,,,
3.284616977225673,2.174095238095238,,,,
2.405201680672269,2.1449926854754446,,,,
2.570838381119038,2.1680046509486095,,,,
2.8002483527126083,2.1680046509486095,,,,
1.5747804152148663,2.7290959183673467,,,,
2.455697131535877,2.011469860478656,,,,
2.647133210260397,2.202242071010544,,,,
2.4108122119815665,2.202242071010544,,,,
2.672362479474548,2.186124927703875,,,,
2.371878431372549,2.186124927703875,,,,
2.431773498924938,2.186124927703875,,,,
2.400792490118577,2.186124927703875,,,,
3.015576923076923,2.186124927703875,,,,
1.8536099500754672,1.094590909090909,,,,
2.2966714285714285,0.9123113150218766,,,,
1.2004197590147168,1.3118044516886622,,,,
1.323553391053391,1.1474868686868684,,,,
2.997599247535028,1.5500070533740393,,,,
2.327930216802168,1.2872088237849106,,,,
1.1768152218152217,1.3000474643017224,,,,
2.36535243902439,1.3228354540196645,,,,
2.8578510802469137,1.3228354540196645,,,,
2.574344714310759,1.946955742978871,,,,
2.5483502820064565,1.0811734083804994,,,,
2.574344714310759,1.350877769289534,,,,
2.919425166297117,1.350877769289534,,,,
2.9554465566714487,4.596038647342995,,,,
2.7985652067730378,4.596038647342995,,,,
2.8159270869117137,4.596038647342995,,,,
2.8129885033090103,4.596038647342995,,,,
2.8032412526819606,4.596038647342995,,,,
2.9367562126092954,1.7271071428571427,,,,
2.837167364397524,1.6634339581986637,,,,
2.8159270869117137,1.7131785714285712,,,,
2.9554465566714487,1.8335137803373094,,,,
2.837167364397524,2.2469621489621487,,,,
2.8159270869117137,1.6690498500749626,,,,
2.7985652067730378,1.6252734511864948,,,,
2.8159270869117137,1.7547023809523807,,,,
3.037254489337822,1.7547023809523807,,,,
2.9428537735849054,3.3614761904761905,,,,
3.037254489337822,1.2621184210526315,,,,
2.939767353831819,1.783410396716826,,,,
3.037254489337822,1.783410396716826,,,,
2.88725,2.7324999999999995,,,,
2.9615441176470587,2.7324999999999995,,,,
2.574344714310759,2.7324999999999995,,,,
2.5483502820064565,2.7324999999999995,,,,
2.574344714310759,2.7324999999999995,,,,
2.8672023809523806,1.4727110807113544,,,,
2.8672023809523806,1.306944127588769,,,,
1.4612848798264584,1.4274563778886287,,,,
1.454188001188001,1.5432464239867962,,,,
2.9092602040816327,1.7596274131274128,,,,
2.9311968085106384,1.353297619047619,,,,
3.058486842105263,1.3323389355742297,,,,
2.9057500000000003,1.4480049480455222,,,,
2.481121894590202,1.4480049480455222,,,,
3.158880522088354,2.3147018572825027,,,,
3.1618191056910567,1.075246072698085,,,,
2.7860859173126618,1.4399492945326278,,,,
2.911335656213705,1.4399492945326278,,,,
2.479197742555951,,,,,
2.785039572192513,,,,,
2.2376843813387426,,,,,
2.3603926846100753,,,,,
2.5198374003875763,,,,,
1.3665192440612608,,,,,
2.2708890573393252,,,,,
2.4018773448773447,,,,,
2.240807778065854,,,,,
2.421727272727273,,,,,
2.206328874821319,,,,,
2.25339103362391,,,,,
2.2134589607635204,,,,,
2.6259621212121216,,,,,
1.5740099171752395,,,,,
1.9548285658307207,,,,,
1.0561635831150908,,,,,
1.1426375786163523,,,,,
6.391552287581699,,,,,
5.664708672086721,,,,,
1.8552249417249413,,,,,
5.731313813813815,,,,,
6.209264705882353,,,,,
3.763746081504702,,,,,
3.6373657289002552,,,,,
3.763746081504702,,,,,
6.250039682539682,,,,,
6.3133479532163745,,,,,
6.004229939603105,,,,,
6.0841283524904215,,,,,
6.025648820326678,,,,,
6.011131578947368,,,,,
6.280111111111111,,,,,
6.116388888888889,,,,,
6.0841283524904215,,,,,
6.3133479532163745,,,,,
6.116388888888889,,,,,
6.0841283524904215,,,,,
6.004229939603105,,,,,
6.0841283524904215,,,,,
6.528809297912713,,,,,
6.419,,,,,
6.528809297912713,,,,,
6.345470588235294,,,,,
6.528809297912713,,,,,
6.324946808510639,,,,,
6.452236842105263,,,,,
3.763746081504702,,,,,
3.6373657289002552,,,,,
3.763746081504702,,,,,
6.292699999999999,,,,,
6.292699999999999,,,,,
2.1554503829503826,,,,,
2.1347163362952832,,,,,
5.619166666666667,,,,,
5.660441176470588,,,,,
5.927899999999999,,,,,
4.983590909090909,,,,,
3.5625783283524535,,,,,
6.688392448512586,,,,,
6.746871980676329,,,,,
4.757688470066519,,,,,
5.289835164835165,,,,,
3.7435185185185182,,,,,
4.990797940797941,,,,,
2.7590981959217253,,,,,
2.9936213704994192,,,,,
3.4020871794871796,,,,,
2.1466306275977263,,,,,
2.8787826086956523,,,,,
3.2795864661654135,,,,,
2.7716646820671587,,,,,
3.297159329140461,,,,,
2.729977513227513,,,,,
2.8443540372670806,,,,,
3.5130036511156186,,,,,
3.866089665653495,,,,,
2.461956397016638,,,,,
3.0346153846153845,,,,,
1.5506667893509998,,,,,
1.8025278255880663,,,,,
3.204386382280558,,,,,
2.9487826086956526,,,,,
1.395745704467354,,,,,
2.978854037267081,,,,,
3.098301587301587,,,,,
2.2644010025062657,,,,,
2.2237674583481035,,,,,
2.2644010025062657,,,,,
3.14188096935139,,,,,
3.1709405034324947,,,,,
3.034281914893617,,,,,
3.0558345567476004,,,,,
3.046583862945565,,,,,
3.0382787503366546,,,,,
3.1559182019159913,,,,,
3.073810005955926,,,,,
3.0558345567476004,,,,,
3.1709405034324947,,,,,
3.073810005955926,,,,,
3.0558345567476004,,,,,
3.034281914893617,,,,,
3.0558345567476004,,,,,
3.242644444444444,,,,,
3.1756810477657935,,,,,
3.242644444444444,,,,,
3.165580037664783,,,,,
3.242644444444444,,,,,
3.1302727272727275,,,,,
3.190703349282297,,,,,
2.2644010025062657,,,,,
2.2237674583481035,,,,,
2.2644010025062657,,,,,
3.1136324110671936,,,,,
3.1136324110671936,,,,,
1.4853788912579957,,,,,
1.4765574966828836,,,,,
2.945818181818182,,,,,
2.96314922813036,,,,,
3.0606363636363634,,,,,
2.7735102040816324,,,,,
2.2411232216059798,,,,,
3.319960486322188,,,,,
3.3292111801242235,,,,,
2.679,,,,,
2.8891134751773047,,,,,
2.2709336021664788,,,,,
2.780377551020408,,,,,
1.7601013513513515,,,,,
1.8749533492822965,,,,,
2.0912417284208327,,,,,
1.5251081176887626,,,,,
1.8274197031159054,,,,,
2.0306899825320874,,,,,
1.7728684210526313,,,,,
2.0441945773524717,,,,,
1.7536232848615037,,,,,
1.7934099628561655,,,,,
1.8660457219047089,,,,,
2.354536796536796,,,,,
1.7599912146676853,,,,,
2.038841013824885,,,,,
1.1508049932523616,,,,,
1.270047619047619,,,,,
5.110718954248365,,,,,
6.183875338753387,,,,,
1.8580344655344654,,,,,
6.250480480480481,,,,,
4.928431372549019,,,,,
2.5155473237407264,,,,,
2.38916697113628,,,,,
2.5155473237407264,,,,,
4.96920634920635,,,,,
5.032514619883041,,,,,
4.723396606269772,,,,,
4.803295019157088,,,,,
4.744815486993345,,,,,
4.730298245614035,,,,,
4.9992777777777775,,,,,
4.835555555555556,,,,,
4.803295019157088,,,,,
5.032514619883041,,,,,
4.835555555555556,,,,,
4.803295019157088,,,,,
4.723396606269772,,,,,
4.803295019157088,,,,,
5.24797596457938,,,,,
5.138166666666666,,,,,
5.24797596457938,,,,,
5.06463725490196,,,,,
5.24797596457938,,,,,
5.044113475177305,,,,,
5.171403508771929,,,,,
2.5155473237407264,,,,,
2.38916697113628,,,,,
2.5155473237407264,,,,,
5.011866666666666,,,,,
5.011866666666666,,,,,
2.3072516251864075,,,,,
2.2865175785313085,,,,,
4.338333333333333,,,,,
4.379607843137255,,,,,
4.6470666666666665,,,,,
3.702757575757576,,,,,
2.351076352067868,,,,,
5.407559115179252,,,,,
5.466038647342995,,,,,
3.4768551367331852,,,,,
4.057857142857143,,,,,
2.5296613756613753,,,,,
3.763083655083655,,,,,
1.5400785880785879,,,,,
1.7693713704994192,,,,,
2.1675982905982907,,,,,
2.1789163418834407,,,,,
1.6545326086956522,,,,,
2.0422787738577215,,,,,
1.5526450742240214,,,,,
2.059851636832769,,,,,
1.5085804544039838,,,,,
1.616639751552795,,,,,
2.2785147622267297,,,,,
2.5852563323201623,,,,,
2.6137576392526625,,,,,
3.5625410812098117,,,,,
1.5353554340396447,,,,,
1.7710473061075471,,,,,
3.2536711236218623,,,,,
2.5892323481116586,,,,,
1.272041474654378,,,,,
2.6239301503094605,,,,,
3.1269377990430622,,,,,
2.6764385592539517,,,,,
2.642816524495853,,,,,
2.6764385592539517,,,,,
3.1813188142770716,,,,,
3.2147646931251352,,,,,
3.0646848052334223,,,,,
3.0841883168005038,,,,,
3.0783437814410646,,,,,
3.0691163841807905,,,,,
3.1974336468129567,,,,,
3.1042478760619687,,,,,
3.0841883168005038,,,,,
3.2147646931251352,,,,,
3.1042478760619687,,,,,
3.0841883168005038,,,,,
3.0646848052334223,,,,,
3.0841883168005038,,,,,
3.293340961098398,,,,,
3.209748917748917,,,,,
3.293340961098398,,,,,
3.2034832535885167,,,,,
3.293340961098398,,,,,
3.1578955453149,,,,,
3.227079964061096,,,,,
2.6764385592539517,,,,,
2.642816524495853,,,,,
2.6764385592539517,,,,,
3.1390915750915753,,,,,
3.1390915750915753,,,,,
1.4936108746429702,,,,,
1.4855050031269543,,,,,
3.121484593837535,,,,,
3.141700680272108,,,,,
3.2576904761904757,,,,,
3.059747311827957,,,,,
2.612407786885246,,,,,
3.3970532262860536,,,,,
3.402897761645493,,,,,
2.949485407066052,,,,,
3.1195329577736044,,,,,
2.638594419208306,,,,,
3.0018523689425325,,,,,
2.283804002760524,,,,,
2.4011441558441557,,,,,
2.5799824841328935,,,,,
1.4421216216216215,,,,,
2.3284081395348837,,,,,
2.4835839160839166,,,,,
2.290839016766127,,,,,
2.5007123990560522,,,,,
2.260038581881198,,,,,
2.3018581395348834,,,,,
2.3120280112044815,,,,,
2.7190860215053765,,,,,
1.6636575410652064,,,,,
2.0367131716696933,,,,,
1.0869506821680734,,,,,
1.179930268337934,,,,,
7.429244851258581,,,,,
7.295526315789473,,,,,
1.3244014711646153,,,,,
7.313991228070175,,,,,
7.3603875968992245,,,,,
2.985346178628588,,,,,
2.9649574419139637,,,,,
2.985346178628588,,,,,
7.39120984278879,,,,,
7.409185291997116,,,,,
7.322865259740259,,,,,
7.334770797962648,,,,,
7.331353162966065,,,,,
7.325634996582363,,,,,
7.399957894736842,,,,,
7.346978119455943,,,,,
7.334770797962648,,,,,
7.409185291997116,,,,,
7.346978119455943,,,,,
7.334770797962648,,,,,
7.322865259740259,,,,,
7.334770797962648,,,,,
7.44939393939394,,,,,
7.40707027027027,,,,,
7.44939393939394,,,,,
7.403466666666667,,,,,
7.44939393939394,,,,,
7.378319050758075,,,,,
7.416297667530545,,,,,
2.985346178628588,,,,,
2.9649574419139637,,,,,
2.985346178628588,,,,,
7.3674467408585045,,,,,
7.3674467408585045,,,,,
2.5666251274498704,,,,,
2.561503992901509,,,,,
7.368044918157594,,,,,
7.3783572267920094,,,,,
7.43327027027027,,,,,
7.33316083916084,,,,,
1.7172544492544488,,,,,
7.4952575011195695,,,,,
7.4986751361161526,,,,,
7.276913875598086,,,,,
2.549362637362637,,,,,
1.8018066500584677,,,,,
2.3574264617239296,,,,,
1.693056277056277,,,,,
1.8971190949070789,,,,,
2.327200856608863,,,,,
1.778971851460288,,,,,
1.8604392712550606,,,,,
2.379868980832165,,,,,
1.699383399209486,,,,,
2.3900614119922627,,,,,
1.740546365914787,,,,,
1.9382024291497975,,,,,
2.153001268779957,,,,,
7.138487376979032,,,,,
2.6879549264295024,,,,,
5.057077573589202,,,,,
1.671843661843662,,,,,
2.6828677966101693,,,,,
3.3363634453781508,,,,,
2.701692857142857,,,,,
1.2851740840460353,,,,,
2.720667505030181,,,,,
3.2685628342245985,,,,,
2.6589482111273153,,,,,
2.630122372372372,,,,,
2.6589482111273153,,,,,
3.2972612781954886,,,,,
3.31572619047619,,,,,
3.2245219298245615,,,,,
3.2394580745341615,,,,,
3.2331924103737606,,,,,
3.2273505972377756,,,,,
3.3062442084942085,,,,,
3.251938311688311,,,,,
3.2394580745341615,,,,,
3.31572619047619,,,,,
3.251938311688311,,,,,
3.2394580745341615,,,,,
3.2245219298245615,,,,,
3.2394580745341615,,,,,
3.360001748251748,,,,,
3.3194717217217216,,,,,
3.360001748251748,,,,,
3.3127377149877146,,,,,
3.360001748251748,,,,,
3.2899722222222216,,,,,
3.3289537037037036,,,,,
2.6589482111273153,,,,,
2.630122372372372,,,,,
2.6589482111273153,,,,,
3.2788346560846557,,,,,
3.2788346560846557,,,,,
1.463801521001521,,,,,
1.4573872685872684,,,,,
3.164977513227513,,,,,
3.1755909586056643,,,,,
3.232255963590709,,,,,
3.037485119047619,,,,,
2.622130952380952,,,,,
3.4017850877192983,,,,,
3.408050751879699,,,,,
2.9795976190476186,,,,,
3.099389798188463,,,,,
2.655094905094905,,,,,
3.0293031532802357,,,,,
2.2459012704707346,,,,,
2.329460441325165,,,,,
2.506038303160254,,,,,
1.4267932784061816,,,,,
2.3078621206114267,,,,,
2.4775550203221437,,,,,
2.25885463980464,,,,,
2.4866150978564767,,,,,
2.2507759197324417,,,,,
2.2784229204254234,,,,,
2.324033139973273,,,,,
2.74086780929866,,,,,
1.7145736631450919,,,,,
2.0521259655377304,,,,,
1.0761852813852812,,,,,
1.1878021978021978,,,,,
2.4055408504538938,,,,,
3.5677587991718425,,,,,
1.3578845334074692,,,,,
3.588396054073803,,,,,
2.334636082075106,,,,,
1.5153367674505414,,,,,
1.4782921676813234,,,,,
1.5153367674505414,,,,,
2.3629528630987826,,,,,
2.383012422360248,,,,,
2.2822399894277785,,,,,
2.3007456905576107,,,,,
2.291494996755575,,,,,
2.285257189618892,,,,,
2.3727001137258332,,,,,
2.314101936426744,,,,,
2.3007456905576107,,,,,
2.383012422360248,,,,,
2.314101936426744,,,,,
2.3007456905576107,,,,,
2.2822399894277785,,,,,
2.3007456905576107,,,,,
2.4340066564260114,,,,,
2.392462959575636,,,,,
2.4340066564260114,,,,,
2.3823619494746255,,,,,
2.4340066564260114,,,,,
2.3605344655344656,,,,,
2.4027752682100507,,,,,
1.5153367674505414,,,,,
1.4782921676813234,,,,,
1.5153367674505414,,,,,
2.3485401635401635,,,,,
2.3485401635401635,,,,,
1.654011864740859,,,,,
1.6463226760723633,,,,,
2.152703237061446,,,,,
2.1643036963036963,,,,,
2.22675974025974,,,,,
1.9612412177985945,,,,,
1.546155844155844,,,,,
2.4754525498142517,,,,,
2.484703243616287,,,,,
1.8979761904761905,,,,,
2.1126484137331594,,,,,
1.5828907563025207,,,,,
2.0391894090969718,,,,,
1.063970930232558,,,,,
1.1480983709273183,,,,,
1.3387576821773484,,,,,
1.520341328921974,,,,,
1.1285669735669734,,,,,
1.3118512265512265,,,,,
1.0790454545454544,,,,,
1.3205597402597402,,,,,
1.0675482469549369,,,,,
1.0896582434082434,,,,,
1.1715853873785342,,,,,
1.5847985347985345,,,,,
1.9490112491092333,,,,,
2.6812464549064092,,,,,
1.0838311766115505,,,,,
1.1927652827721478,,,,,
2.171081309994354,,,,,
2.0343814345273543,,,,,
1.1635435120435118,,,,,
2.0544409937888197,,,,,
2.1023532224134636,,,,,
1.7090652861662352,,,,,
1.6722464711385914,,,,,
1.7090652861662352,,,,,
2.129705388618432,,,,,
2.1492111801242237,,,,,
2.0507162466908517,,,,,
2.0690207039337474,,,,,
2.059770010131712,,,,,
2.05366856085635,,,,,
2.139187370600414,,,,,
2.0820749674996386,,,,,
2.0690207039337474,,,,,
2.1492111801242237,,,,,
2.0820749674996386,,,,,
2.0690207039337474,,,,,
2.0507162466908517,,,,,
2.0690207039337474,,,,,
2.1989682539682542,,,,,
2.1589502164502163,,,,,
2.1989682539682542,,,,,
2.148849206349206,,,,,
2.1989682539682542,,,,,
2.127863718559921,,,,,
2.168974025974026,,,,,
1.7090652861662352,,,,,
1.6722464711385914,,,,,
1.7090652861662352,,,,,
2.1161656636046877,,,,,
2.1161656636046877,,,,,
1.2097059226965026,,,,,
1.2020908772424055,,,,,
2.0863731856378918,,,,,
2.0976298701298703,,,,,
2.1580604921394397,,,,,
1.9952764976958526,,,,,
1.6242357642357639,,,,,
2.2383760707377727,,,,,
2.2476267645398083,,,,,
1.933884540117417,,,,,
2.066530303030303,,,,,
1.7248572938689215,,,,,
1.9979266924160968,,,,,
1.3723789669887672,,,,,
1.4502078483880936,,,,,
1.5970549739987843,,,,,
1.2690181047605147,,,,,
1.4181800254767005,,,,,
1.5560126850365612,,,,,
1.3811175220163983,,,,,
1.564408613445378,,,,,
1.3602749880439982,,,,,
1.3907488003550728,,,,,
1.4831640124581302,,,,,
1.6876992163954188,,,,,
1.352290027862373,,,,,
1.533093330258834,,,,,
0.969087024087024,,,,,
1.0463229813664596,,,,,
4.75808472906404,,,,,
5.73705972906404,,,,,
1.7096660655847191,,,,,
5.849827586206898,,,,,
4.355162907268171,,,,,
2.6340693581780537,,,,,
2.575472972972973,,,,,
2.6340693581780537,,,,,
4.5131392745185845,,,,,
4.61871921182266,,,,,
4.227609424473831,,,,,
4.263194933145672,,,,,
4.257350397786233,,,,,
4.237134311351658,,,,,
4.56252343874146,,,,,
4.309018062397373,,,,,
4.263194933145672,,,,,
4.61871921182266,,,,,
4.309018062397373,,,,,
4.263194933145672,,,,,
4.227609424473831,,,,,
4.263194933145672,,,,,
4.901916154021417,,,,,
4.57483870967742,,,,,
4.901916154021417,,,,,
4.568573045517018,,,,,
4.901916154021417,,,,,
4.424736842105263,,,,,
4.63103448275862,,,,,
2.6340693581780537,,,,,
2.575472972972973,,,,,
2.6340693581780537,,,,,
4.37609756097561,,,,,
4.37609756097561,,,,,
2.587567887211794,,,,,
2.5732065217391304,,,,,
4.260555555555555,,,,,
4.3354,,,,,
4.90375,,,,,
4.232294930875576,,,,,
2.2232085575036393,,,,,
5.546125907990315,,,,,
5.551970443349754,,,,,
3.818812788018433,,,,,
3.652512899896801,,,,,
2.1053246669876424,,,,,
3.147643288549242,,,,,
1.5801217391304347,,,,,
1.9189334415584416,,,,,
2.3907655670630357,,,,,
2.123101849217638,,,,,
1.6836764330061182,,,,,
2.0909166666666668,,,,,
1.5820984472049688,,,,,
2.135248803827751,,,,,
1.534489736162747,,,,,
1.6884838361293109,,,,,
1.698489010989011,,,,,
3.4059273182957397,,,,,
2.857065637065637,,,,,
4.219534161490683,,,,,
1.660899551687428,,,,,
2.0896010220913945,,,,,
3.349481401750423,,,,,
3.1105685496377475,,,,,
1.2059231088097715,,,,,
3.131808827123558,,,,,
3.2690346690346694,,,,,
2.4317761086329046,,,,,
2.4138036062378165,,,,,
2.4317761086329046,,,,,
3.3056272350837568,,,,,
3.326264489985718,,,,,
3.2300387784258753,,,,,
3.2418393562958783,,,,,
3.2395018153889126,,,,,
3.233123027510125,,,,,
3.3156510446075664,,,,,
3.2555081874647094,,,,,
3.2418393562958783,,,,,
3.326264489985718,,,,,
3.2555081874647094,,,,,
3.2418393562958783,,,,,
3.2300387784258753,,,,,
3.2418393562958783,,,,,
3.371281177838555,,,,,
3.3204819624819626,,,,,
3.371281177838555,,,,,
3.31803996003996,,,,,
3.371281177838555,,,,,
3.2876767676767678,,,,,
3.331095407860114,,,,,
2.4317761086329046,,,,,
2.4138036062378165,,,,,
2.4317761086329046,,,,,
3.27537481962482,,,,,
3.27537481962482,,,,,
1.9090991774492299,,,,,
1.9041705208516286,,,,,
3.3028066378066376,,,,,
3.3147668650793647,,,,,
3.379352092352092,,,,,
3.2937289377289383,,,,,
1.7946834393676496,,,,,
3.429060134428363,,,,,
3.4313976753353286,,,,,
3.2285035856162616,,,,,
2.36798908117906,,,,,
1.8470751015193685,,,,,
2.2351728201099763,,,,,
1.7484631510575244,,,,,
1.9009513101416768,,,,,
2.161955265275014,,,,,
1.5426369888516545,,,,,
1.8501904761904762,,,,,
2.1398310661183166,,,,,
1.751947713589093,,,,,
2.152155531215772,,,,,
1.7635083850931674,,,,,
1.8869214340198321,,,,,
1.9663888888888887,,,,,
3.1176123876123873,,,,,
1.9907935543521333,,,,,
2.6735820105820105,,,,,
1.3726851885002325,,,,,
1.7808021009607828,,,,,
2.4838678312458797,,,,,
3.5940202702702697,,,,,
1.3731764705882354,,,,,
3.6418611793611797,,,,,
2.306989844119036,,,,,
1.7594194041252862,,,,,
1.7276571646382965,,,,,
1.7594194041252862,,,,,
2.3832804743519027,,,,,
2.429103603603603,,,,,
2.2356372549019605,,,,,
2.2563856548856545,,,,,
2.2527820512820513,,,,,
2.241181592039801,,,,,
2.4052170787809084,,,,,
2.2818686309260077,,,,,
2.2563856548856545,,,,,
2.429103603603603,,,,,
2.2818686309260077,,,,,
2.2563856548856545,,,,,
2.2356372549019605,,,,,
2.2563856548856545,,,,,
2.5362094448449892,,,,,
2.412724586288416,,,,,
2.5362094448449892,,,,,
2.408919411250364,,,,,
2.5362094448449892,,,,,
2.343055555555556,,,,,
2.436611111111111,,,,,
1.7594194041252862,,,,,
1.7276571646382965,,,,,
1.7594194041252862,,,,,
2.31843567251462,,,,,
2.31843567251462,,,,,
1.9665336417967996,,,,,
1.958075778388278,,,,,
2.3384339239571794,,,,,
2.367089624467673,,,,,
2.5403670634920634,,,,,
2.319112959112959,,,,,
1.538576764362244,,,,,
2.706166666666667,,,,,
2.70977027027027,,,,,
2.1626602564102564,,,,,
2.1782787738577207,,,,,
1.5260622160774244,,,,,
1.9952597402597398,,,,,
1.2249574812003654,,,,,
1.3965576923076921,,,,,
1.6364253191117328,,,,,
1.6686637806637805,,,,,
1.2873433567456831,,,,,
1.5010061813186812,,,,,
1.2292844498910673,,,,,
1.5249297658862875,,,,,
1.19987012987013,,,,,
1.278807642459969,,,,,
1.2606726106045254,,,,,
1.9538492063492061,,,,,
2.1293661740558294,,,,,
3.0274083089174364,,,,,
1.2914781331421479,,,,,
1.4754495980210265,,,,,
3.8757815734989642,,,,,
3.2256625258799168,,,,,
1.4313619047619048,,,,,
3.252845738147875,,,,,
3.7937260479349364,,,,,
2.8787674448937004,,,,,
2.8144884910485937,,,,,
2.8787674448937004,,,,,
3.8193976449275353,,,,,
3.8457101449275357,,,,,
3.7075421179810406,,,,,
3.7404601449275363,,,,,
3.7189547685834503,,,,,
3.7112535490712553,,,,,
3.8321294997662454,,,,,
3.757078565980167,,,,,
3.7404601449275363,,,,,
3.8457101449275357,,,,,
3.757078565980167,,,,,
3.7404601449275363,,,,,
3.7075421179810406,,,,,
3.7404601449275363,,,,,
3.924302424259568,,,,,
3.879748547385293,,,,,
3.924302424259568,,,,,
3.855118005513372,,,,,
3.924302424259568,,,,,
3.8384161490683226,,,,,
3.8933291925465836,,,,,
2.8787674448937004,,,,,
2.8144884910485937,,,,,
2.8787674448937004,,,,,
3.823162525879917,,,,,
3.823162525879917,,,,,
1.5617383107088991,,,,,
1.5500975141760698,,,,,
3.6468464339258944,,,,,
3.6624006211180116,,,,,
3.7487760010572218,,,,,
3.3970480031477472,,,,,
2.8115338429794,,,,,
3.9645381019167836,,,,,
3.986043478260869,,,,,
3.3122311533308975,,,,,
3.582057142857143,,,,,
2.957188933873144,,,,,
3.4788858544533587,,,,,
2.3486769480519483,,,,,
2.454535714285714,,,,,
2.6743104677607716,,,,,
1.5888625772583793,,,,,
2.419733509551844,,,,,
2.635379760437665,,,,,
2.362121835443038,,,,,
2.6435676767676766,,,,,
2.338194598762621,,,,,
2.379816021867115,,,,,
2.632402039293396,,,,,
2.858962367555718,,,,,
1.7990845004668532,,,,,
2.158686971728359,,,,,
1.1390262233925825,,,,,
1.2547417989417986,,,,,
4.65985403726708,,,,,
5.8097349896480335,,,,,
1.6752307189542486,,,,,
5.836918201915991,,,,,
4.564471841704718,,,,,
2.2553187514240145,,,,,
2.21576551911087,,,,,
2.2553187514240145,,,,,
4.603470108695652,,,,,
4.629782608695653,,,,,
4.503869264291207,,,,,
4.524532608695653,,,,,
4.515281914893618,,,,,
4.507580695381423,,,,,
4.616201963534362,,,,,
4.541151029748284,,,,,
4.524532608695653,,,,,
4.629782608695653,,,,,
4.541151029748284,,,,,
4.524532608695653,,,,,
4.503869264291207,,,,,
4.524532608695653,,,,,
4.69504821802935,,,,,
4.6359648093841646,,,,,
4.69504821802935,,,,,
4.625863799283154,,,,,
4.69504821802935,,,,,
4.5946324110671934,,,,,
4.649545454545455,,,,,
2.2553187514240145,,,,,
2.21576551911087,,,,,
2.2553187514240145,,,,,
4.579378787878788,,,,,
4.579378787878788,,,,,
2.2356263438054484,,,,,
2.2271372097745887,,,,,
3.794062695924765,,,,,
3.8096168831168833,,,,,
3.8959922630560926,,,,,
3.354769230769231,,,,,
2.16460455952716,,,,,
4.760865248226951,,,,,
4.770115942028985,,,,,
3.269952380952381,,,,,
3.2438666666666665,,,,,
2.0823577258654655,,,,,
3.1053897676173703,,,,,
1.3666233766233766,,,,,
1.521967418546366,,,,,
1.8686562830132458,,,,,
1.938068860649506,,,,,
1.498319050758075,,,,,
1.863873819570022,,,,,
1.386999582695785,,,,,
1.8759666666666668,,,,,
1.4011599641080024,,,,,
1.480267102706127,,,,,
1.6059789762882897,,,,,
2.812182194616977,,,,,
2.713844155844156,,,,,
3.724209215442092,,,,,
1.4834380857238,,,,,
1.819142857142857,,,,,
2.993246835443038,,,,,
2.367220930232558,,,,,
1.177796409214092,,,,,
2.3815487804878046,,,,,
2.941585317460317,,,,,
2.4836990125978895,,,,,
2.4607945387945387,,,,,
2.4836990125978895,,,,,
2.9638448275862066,,,,,
2.97783734939759,,,,,
2.906994194484761,,,,,
2.918742718446602,,,,,
2.9139350261389096,,,,,
2.9092637362637364,,,,,
2.970676470588235,,,,,
2.928651515151515,,,,,
2.918742718446602,,,,,
2.97783734939759,,,,,
2.928651515151515,,,,,
2.918742718446602,,,,,
2.906994194484761,,,,,
2.918742718446602,,,,,
3.010828738512949,,,,,
2.9807571157495256,,,,,
3.010828738512949,,,,,
2.975636788048553,,,,,
3.010828738512949,,,,,
2.9581458625525947,,,,,
2.9879179945588805,,,,,
2.4836990125978895,,,,,
2.4607945387945387,,,,,
2.4836990125978895,,,,,
2.9494753820033957,,,,,
2.9494753820033957,,,,,
1.3448290249839463,,,,,
1.3396410957943106,,,,,
2.8711467827274277,,,,,
2.879041766318614,,,,,
2.9201520737327185,,,,,
2.774417647058823,,,,,
2.457508888170653,,,,,
3.040162895927602,,,,,
3.044970588235294,,,,,
2.7313385772913814,,,,,
2.8275719860048625,,,,,
2.490999117891241,,,,,
2.776116682734812,,,,,
2.1473712878254747,,,,,
2.212042443234922,,,,,
2.3575541327642164,,,,,
1.3047307692307695,,,,,
2.19976828847481,,,,,
2.3385991006089046,,,,,
2.1594771701784166,,,,,
2.3456960026036677,,,,,
2.153759316770186,,,,,
2.1718088867654086,,,,,
2.2000667305045183,,,,,
2.5416436487638534,,,,,
1.5666896619496853,,,,,
1.8731090716774517,,,,,
0.9839962280144098,,,,,
1.0764346590909093,,,,,
2.7099255715045185,,,,,
2.0614551767676765,,,,,
1.0750226069260067,,,,,
2.087767676767677,,,,,
2.6106159070204016,,,,,
2.3854428906186387,,,,,
2.365174365070064,,,,,
2.3854428906186387,,,,,
2.6553830613830613,,,,,
2.6808660374234146,,,,,
2.56503996003996,,,,,
2.5786195286195284,,,,,
2.576177526177526,,,,,
2.5686630237232646,,,,,
2.6677200577200577,,,,,
2.5948196248196247,,,,,
2.5786195286195284,,,,,
2.6808660374234146,,,,,
2.5948196248196247,,,,,
2.5786195286195284,,,,,
2.56503996003996,,,,,
2.5786195286195284,,,,,
2.7370423334468277,,,,,
2.672770562770563,,,,,
2.7370423334468277,,,,,
2.670216936621431,,,,,
2.7370423334468277,,,,,
2.6326753246753247,,,,,
2.6859165424739198,,,,,
2.3854428906186387,,,,,
2.365174365070064,,,,,
2.3854428906186387,,,,,
2.617845579078456,,,,,
2.617845579078456,,,,,
1.3174780360313814,,,,,
1.3118724489795917,,,,,
2.6419537750385205,,,,,
2.6569760765550234,,,,,
2.740068181818182,,,,,
2.6284606401226234,,,,,
2.3321692076039904,,,,,
2.813456109108283,,,,,
2.8158981115502852,,,,,
2.546544366537718,,,,,
2.6502409775504403,,,,,
2.3362486206603856,,,,,
2.565910906298003,,,,,
2.1214498404820983,,,,,
2.210615250410509,,,,,
2.3349972384393647,,,,,
1.2345851686279665,,,,,
2.149255372098996,,,,,
2.252762041696621,,,,,
2.125782258064516,,,,,
2.2676497600839705,,,,,
2.0990799040612282,,,,,
2.13025744624989,,,,,
2.0940317324185247,,,,,
2.416652597402597,,,,,
1.428906520254229,,,,,
1.7628468021371249,,,,,
0.9479748302699121,,,,,
1.0150404832836808,,,,,
3.0746657190239275,,,,,
2.439002145002145,,,,,
1.1664953064953063,,,,,
2.458507936507936,,,,,
3.0012336966915276,,,,,
2.457866399434642,,,,,
2.439034971036258,,,,,
2.457866399434642,,,,,
3.034450793650793,,,,,
3.053425441538117,,,,,
2.9635730774579336,,,,,
2.975233211233211,,,,,
2.972432090785032,,,,,
2.9664625764284205,,,,,
3.0436781909110673,,,,,
2.9879956212370002,,,,,
2.975233211233211,,,,,
3.053425441538117,,,,,
2.9879956212370002,,,,,
2.975233211233211,,,,,
2.9635730774579336,,,,,
2.975233211233211,,,,,
3.095206910977242,,,,,
3.049485391840219,,,,,
3.095206910977242,,,,,
3.0465468082375162,,,,,
3.095206910977242,,,,,
3.0192079945799457,,,,,
3.0592326424672693,,,,,
2.457866399434642,,,,,
2.439034971036258,,,,,
2.457866399434642,,,,,
3.0077953439775356,,,,,
3.0077953439775356,,,,,
1.2803845507885119,,,,,
1.2754340475429058,,,,,
2.8955449511016846,,,,,
2.90647291995308,,,,,
2.9649752359592556,,,,,
2.7894949494949492,,,,,
2.542547475804654,,,,,
3.145921101774043,,,,,
3.148722222222222,,,,,
2.72989391989392,,,,,
2.8985315001906216,,,,,
2.5071293602578364,,,,,
2.837105836692044,,,,,
2.1252624701652616,,,,,
2.1950252419602263,,,,,
2.342863513298296,,,,,
1.2637859966120835,,,,,
2.1693608023854702,,,,,
2.3014284041307356,,,,,
2.138074858757062,,,,,
2.3125412970889783,,,,,
2.1261950993989833,,,,,
2.133606791690283,,,,,
2.100164343786295,,,,,
2.547739981785064,,,,,
1.5537769150130343,,,,,
1.861842174774378,,,,,
0.9281652457028364,,,,,
1.0022048896186826,,,,,
5.726748768472907,,,,,
6.757380952380951,,,,,
1.9267865848811638,,,,,
6.845089285714285,,,,,
5.452463768115942,,,,,
2.8498351648351647,,,,,
2.7337809586590067,,,,,
2.8498351648351647,,,,,
5.538416988416989,,,,,
5.6211688311688315,,,,,
5.263495670995671,,,,,
5.332318059299191,,,,,
5.289028016009148,,,,,
5.27169696969697,,,,,
5.577428571428571,,,,,
5.371224489795919,,,,,
5.332318059299191,,,,,
5.6211688311688315,,,,,
5.371224489795919,,,,,
5.332318059299191,,,,,
5.263495670995671,,,,,
5.332318059299191,,,,,
5.874871794871795,,,,,
5.677679197994988,,,,,
5.874871794871795,,,,,
5.625047619047619,,,,,
5.874871794871795,,,,,
5.557393483709274,,,,,
5.721419457735247,,,,,
2.8498351648351647,,,,,
2.7337809586590067,,,,,
2.8498351648351647,,,,,
5.517298245614034,,,,,
5.517298245614034,,,,,
2.6401858925388337,,,,,
2.619586808540297,,,,,
4.900803621958121,,,,,
4.956999395039323,,,,,
5.348964912280701,,,,,
4.408733333333333,,,,,
2.470986273217263,,,,,
6.215757575757576,,,,,
6.259047619047619,,,,,
4.1,,,,,
4.3204576659038905,,,,,
2.578904143475572,,,,,
3.9169940476190477,,,,,
1.6728046176046174,,,,,
1.9727676287906466,,,,,
2.4596958525345625,,,,,
2.3371494871494867,,,,,
1.8085229491005888,,,,,
2.2767909025958564,,,,,
1.6820551670551669,,,,,
2.303776395173454,,,,,
1.6400925775978403,,,,,
1.7945788497217066,,,,,
2.314405849631252,,,,,
3.277744955609362,,,,,
2.9427350427350425,,,,,
4.146766798418972,,,,,
1.7330374446734573,,,,,
2.125103785103785,,,,,
5.595745084103292,,,,,
5.36008151008151,,,,,
1.2582576260470997,,,,,
5.379587301587302,,,,,
5.520714285714286,,,,,
2.901894492368945,,,,,
2.8884490487227157,,,,,
2.901894492368945,,,,,
5.555530158730159,,,,,
5.574504806617482,,,,,
5.486203719215949,,,,,
5.496312576312576,,,,,
5.495062732543047,,,,,
5.489093218186436,,,,,
5.5647575559904325,,,,,
5.5090749863163655,,,,,
5.496312576312576,,,,,
5.574504806617482,,,,,
5.5090749863163655,,,,,
5.496312576312576,,,,,
5.486203719215949,,,,,
5.496312576312576,,,,,
5.6146875,,,,,
5.5673177198409185,,,,,
5.6146875,,,,,
5.566027397260274,,,,,
5.6146875,,,,,
5.537040322580644,,,,,
5.577064970467968,,,,,
2.901894492368945,,,,,
2.8884490487227157,,,,,
2.901894492368945,,,,,
5.525627671978235,,,,,
5.525627671978235,,,,,
2.3548746464878088,,,,,
2.3508018018018015,,,,,
5.529377279102383,,,,,
5.540305247953778,,,,,
5.598807563959955,,,,,
5.509343989343989,,,,,
1.8750393188509715,,,,,
5.668551743532058,,,,,
5.669801587301587,,,,,
5.449742959742959,,,,,
2.587732976040353,,,,,
1.9046040868454661,,,,,
2.413895902547065,,,,,
1.8149025974025972,,,,,
2.0028337904808486,,,,,
2.3792002018198586,,,,,
1.6814102878138395,,,,,
1.9609257575541406,,,,,
2.4049586247086245,,,,,
1.8209523809523809,,,,,
2.417041637303265,,,,,
1.85606792962269,,,,,
2.026054461667365,,,,,
2.1592903225806452,,,,,
5.352701219512195,,,,,
2.4933447012757357,,,,,
4.137252747252747,,,,,
1.553710013131683,,,,,
2.3560824302134646,,,,,
2.3954297827239004,,,,,
2.1659302832244007,,,,,
1.140873352165725,,,,,
2.182130379424497,,,,,
2.3336022195626156,,,,,
1.8848223192736466,,,,,
1.8703293387731699,,,,,
1.8848223192736466,,,,,
2.362127211860354,,,,,
2.377924585218703,,,,,
2.3022737671825433,,,,,
2.3118335334133655,,,,,
2.3099298593223696,,,,,
2.304774757281553,,,,,
2.369828431372549,,,,,
2.3228018356278683,,,,,
2.3118335334133655,,,,,
2.377924585218703,,,,,
2.3228018356278683,,,,,
2.3118335334133655,,,,,
2.3022737671825433,,,,,
2.3118335334133655,,,,,
2.4117944498675223,,,,,
2.37375,,,,,
2.4117944498675223,,,,,
2.371769801980198,,,,,
2.4117944498675223,,,,,
2.3483448275862067,,,,,
2.381846153846154,,,,,
1.8848223192736466,,,,,
1.8703293387731699,,,,,
1.8848223192736466,,,,,
2.3386666666666662,,,,,
2.3386666666666662,,,,,
1.2590672853569196,,,,,
1.255043353055325,,,,,
2.266082706766917,,,,,
2.275065637065637,,,,,
2.32232967032967,,,,,
2.190036388140162,,,,,
1.8673925131158153,,,,,
2.453127138233934,,,,,
2.45503081232493,,,,,
2.1410310971348707,,,,,
2.200492566257272,,,,,
1.844459139991055,,,,,
2.1413852813852814,,,,,
1.545453560371517,,,,,
1.617912457912458,,,,,
1.7662887283875726,,,,,
1.2497858977181013,,,,,
1.5972416083916081,,,,,
1.7363338490369227,,,,,
1.5570300181928443,,,,,
1.7461338209046189,,,,,
1.553857378129117,,,,,
1.573589010989011,,,,,
1.5459306048282426,,,,,
2.0012019704433497,,,,,
1.498826171118854,,,,,
1.7221251120795713,,,,,
0.9787815828021694,,,,,
1.0770550141712263,,,,,
3.2816745129870126,,,,,
2.642761660874337,,,,,
1.2410524271050587,,,,,
2.664001938360147,,,,,
3.2014511950374023,,,,,
2.618098826098826,,,,,
2.5994033860875967,,,,,
2.618098826098826,,,,,
3.2378203463203463,,,,,
3.2584576012223065,,,,,
3.1620158044202986,,,,,
3.1740324675324674,,,,,
3.1714788413833355,,,,,
3.1651000535045477,,,,,
3.247844155844156,,,,,
3.187701298701299,,,,,
3.1740324675324674,,,,,
3.2584576012223065,,,,,
3.187701298701299,,,,,
3.1740324675324674,,,,,
3.1620158044202986,,,,,
3.1740324675324674,,,,,
3.303697703841288,,,,,
3.253129568106312,,,,,
3.303697703841288,,,,,
3.250456486042693,,,,,
3.303697703841288,,,,,
3.220324373301117,,,,,
3.2637430134844627,,,,,
2.618098826098826,,,,,
2.5994033860875967,,,,,
2.618098826098826,,,,,
3.208022425249169,,,,,
3.208022425249169,,,,,
1.4387344414919407,,,,,
1.4336902821316613,,,,,
3.1009996979764423,,,,,
3.1129599252491693,,,,,
3.1775451525218967,,,,,
2.9998198757763976,,,,,
2.6175187969924814,,,,,
3.3610371604227867,,,,,
3.363590786571918,,,,,
2.9345945236637214,,,,,
3.0340552530752167,,,,,
2.5832460065707488,,,,,
2.957795145153354,,,,,
2.221213198608025,,,,,
2.3094678539833216,,,,,
2.4823465673924394,,,,,
1.3799850598839363,,,,,
2.278223316912972,,,,,
2.439154351395731,,,,,
2.2335727320765844,,,,,
2.4513499280139426,,,,,
2.2264357771261,,,,,
2.251139283299527,,,,,
2.2240501700269144,,,,,
2.7549963924963925,,,,,
1.710113249582276,,,,,
2.0571655884261877,,,,,
1.053417676266137,,,,,
1.1644326801517066,,,,,
3.287286634460547,,,,,
2.66248023715415,,,,,
1.193190573042776,,,,,
2.676149068322981,,,,,
3.2355788000819055,,,,,
2.479992468981618,,,,,
2.465033382528639,,,,,
2.479992468981618,,,,,
3.259255007327796,,,,,
3.2726112531969305,,,,,
3.206986130590618,,,,,
3.2160062111801238,,,,,
3.213668670273158,,,,,
3.20917200805687,,,,,
3.265779610194902,,,,,
3.2255337925096854,,,,,
3.2160062111801238,,,,,
3.2726112531969305,,,,,
3.2255337925096854,,,,,
3.2160062111801238,,,,,
3.206986130590618,,,,,
3.2160062111801238,,,,,
3.301669851887243,,,,,
3.270610528069298,,,,,
3.301669851887243,,,,,
3.2681685256272957,,,,,
3.301669851887243,,,,,
3.2489891047384107,,,,,
3.277442171071327,,,,,
2.479992468981618,,,,,
2.465033382528639,,,,,
2.479992468981618,,,,,
3.240678071617112,,,,,
3.240678071617112,,,,,
1.267969163006727,,,,,
1.2640585059934906,,,,,
3.023603049880682,,,,,
3.031117552334943,,,,,
3.0700990338164247,,,,,
2.8594287596461507,,,,,
2.6271153287282316,,,,,
3.333954384558872,,,,,
3.336291925465838,,,,,
2.818422266139657,,,,,
3.0014231003039513,,,,,
2.5601188118811877,,,,,
2.955930256676173,,,,,
2.1145022175536883,,,,,
2.1712298807749626,,,,,
2.327964863476432,,,,,
1.2657151886885134,,,,,
2.1695985758789496,,,,,
2.316471864017736,,,,,
2.1314897741147742,,,,,
2.3245191919191917,,,,,
2.1327465142384496,,,,,
2.1296810881942205,,,,,
2.097102890650416,,,,,
2.6213273220766284,,,,,
1.6242967177686225,,,,,
1.9166448352390604,,,,,
0.9253466524296579,,,,,
1.0105214854111404,,,,,
2.1478991596638655,,,,,
2.0918,,,,,
1.0775992063492064,,,,,
2.110774647887324,,,,,
2.075625244037009,,,,,
1.6672196113372582,,,,,
1.6513570704143725,,,,,
1.6672196113372582,,,,,
2.108796992481203,,,,,
2.1272619047619044,,,,,
2.0403431102508747,,,,,
2.0509937888198757,,,,,
2.0490135908000737,,,,,
2.0431717776640888,,,,,
2.1177799227799228,,,,,
2.063474025974026,,,,,
2.0509937888198757,,,,,
2.1272619047619044,,,,,
2.063474025974026,,,,,
2.0509937888198757,,,,,
2.0403431102508747,,,,,
2.0509937888198757,,,,,
2.167064158064158,,,,,
2.121861555432984,,,,,
2.167064158064158,,,,,
2.1198001248001246,,,,,
2.167064158064158,,,,,
2.0923620559334846,,,,,
2.131343537414966,,,,,
1.6672196113372582,,,,,
1.6513570704143725,,,,,
1.6672196113372582,,,,,
2.0812244897959182,,,,,
2.0812244897959182,,,,,
1.4271201385512884,,,,,
1.4226810594982002,,,,,
2.107905808477237,,,,,
2.1185192538553883,,,,,
2.1751842588404333,,,,,
2.101280906593406,,,,,
1.2729869337979092,,,,,
2.2176062681456115,,,,,
2.2195864661654134,,,,,
2.0433934065934065,,,,,
1.7055557282692007,,,,,
1.3132935978394693,,,,,
1.6079164381359103,,,,,
1.210002527490956,,,,,
1.3272670329670329,,,,,
1.5128606847697754,,,,,
1.2866890339915922,,,,,
1.2813670106489254,,,,,
1.476688002056423,,,,,
1.213221242093403,,,,,
1.4880017665437701,,,,,
1.2143590233296115,,,,,
1.2989019756838904,,,,,
1.3318895822791925,,,,,
1.9462079595123072,,,,,
1.5010317220062457,,,,,
1.8180648173161345,,,,,
1.153367424242424,,,,,
1.3768306156209382,,,,,
5.110718954248365,,,,,
6.183875338753387,,,,,
1.8580344655344654,,,,,
6.250480480480481,,,,,
4.928431372549019,,,,,
2.5155473237407264,,,,,
2.38916697113628,,,,,
2.5155473237407264,,,,,
4.96920634920635,,,,,
5.032514619883041,,,,,
4.723396606269772,,,,,
4.803295019157088,,,,,
4.744815486993345,,,,,
4.730298245614035,,,,,
4.9992777777777775,,,,,
4.835555555555556,,,,,
4.803295019157088,,,,,
5.032514619883041,,,,,
4.835555555555556,,,,,
4.803295019157088,,,,,
4.723396606269772,,,,,
4.803295019157088,,,,,
5.24797596457938,,,,,
5.138166666666666,,,,,
5.24797596457938,,,,,
5.06463725490196,,,,,
5.24797596457938,,,,,
5.044113475177305,,,,,
5.171403508771929,,,,,
2.5155473237407264,,,,,
2.38916697113628,,,,,
2.5155473237407264,,,,,
5.011866666666666,,,,,
5.011866666666666,,,,,
2.3072516251864075,,,,,
2.2865175785313085,,,,,
4.338333333333333,,,,,
4.379607843137255,,,,,
4.6470666666666665,,,,,
3.702757575757576,,,,,
2.351076352067868,,,,,
5.407559115179252,,,,,
5.466038647342995,,,,,
3.4768551367331852,,,,,
4.057857142857143,,,,,
2.5296613756613753,,,,,
3.763083655083655,,,,,
1.5400785880785879,,,,,
1.7693713704994192,,,,,
2.1675982905982907,,,,,
2.1789163418834407,,,,,
1.6545326086956522,,,,,
2.0422787738577215,,,,,
1.5526450742240214,,,,,
2.059851636832769,,,,,
1.5085804544039838,,,,,
1.616639751552795,,,,,
2.2785147622267297,,,,,
2.5852563323201623,,,,,
2.6137576392526625,,,,,
3.5625410812098117,,,,,
1.5353554340396447,,,,,
1.7710473061075471,,,,,
2.6023351648351642,,,,,
3.703773291925465,,,,,
1.4242397884219806,,,,,
3.7560714285714285,,,,,
2.4122077922077922,,,,,
1.8428488355993686,,,,,
1.8019030642560054,,,,,
1.8428488355993686,,,,,
2.492089665653495,,,,,
2.542084717607973,,,,,
2.331104465709729,,,,,
2.355595238095238,,,,,
2.349329573934837,,,,,
2.3369925775978406,,,,,
2.51597619047619,,,,,
2.382778450363196,,,,,
2.355595238095238,,,,,
2.542084717607973,,,,,
2.382778450363196,,,,,
2.355595238095238,,,,,
2.331104465709729,,,,,
2.355595238095238,,,,,
2.6628030303030306,,,,,
2.529203703703703,,,,,
2.6628030303030306,,,,,
2.5224696969696967,,,,,
2.6628030303030306,,,,,
2.4536396011396007,,,,,
2.5553122308354865,,,,,
1.8428488355993686,,,,,
1.8019030642560054,,,,,
1.8428488355993686,,,,,
2.427143097643097,,,,,
2.427143097643097,,,,,
2.028893565450942,,,,,
2.018884556303911,,,,,
2.4596822170602657,,,,,
2.4912769637769636,,,,,
2.685584656084656,,,,,
2.4350476190476185,,,,,
1.57900623885918,,,,,
2.850520050125313,,,,,
2.8567857142857145,,,,,
2.262463768115942,,,,,
2.303688725068035,,,,,
1.6068279009126467,,,,,
2.1018401937046,,,,,
1.275575163398693,,,,,
1.4596885743174923,,,,,
1.7142949635730123,,,,,
1.7361795634920636,,,,,
1.3409606227106226,,,,,
1.567930419116897,,,,,
1.2790533417668144,,,,,
1.5923259731880421,,,,,
1.2441913043478259,,,,,
1.3324249084249085,,,,,
1.3591070163331032,,,,,
2.006035188216039,,,,,
2.1674128014842298,,,,,
3.0799995331465917,,,,,
1.3375861175861175,,,,,
1.5277467532467532,,,,,
