,"('Chiken Snacks', 'Cold Drinks')","('Chiken Snacks', 'Hot Drinks')","('Snacks', 'Cold Drinks')","('Snacks', 'Hot Drinks')"
0,2.4214306921149023,2.4086096757412863,2.4214306921149023,2.4086096757412863
1,2.3628108952802944,2.3706310589688178,2.3628108952802944,2.3706310589688178
2,2.31178550089784,2.34016469606343,2.31178550089784,2.34016469606343
3,2.4776776556776547,2.4829331778889903,2.4776776556776547,2.4829331778889903
4,2.7701421240408584,1.66695759608378,2.7701421240408584,1.66695759608378
5,2.768559845559845,1.60956837944664,2.768559845559845,1.60956837944664
6,2.7662592320629127,1.498954682494818,2.7662592320629127,1.498954682494818
7,2.769346009081858,1.509240313366497,2.769346009081858,1.509240313366497
8,2.4234206154206155,1.4406404797601198,2.4234206154206155,1.4406404797601198
9,2.3598670047900816,1.3400078369905957,2.3598670047900816,1.3400078369905957
10,2.3075427908588297,1.509240313366497,2.3075427908588297,1.509240313366497
11,2.4790014329806,1.4406404797601198,2.4790014329806,1.4406404797601198
12,2.714599761526232,1.3400078369905957,2.714599761526232,1.3400078369905957
13,2.6913978898684783,1.5179883653145492,2.6913978898684783,1.5179883653145492
14,2.669398354876616,1.4474721227621483,2.669398354876616,1.4474721227621483
15,2.739184630413546,1.3441948098115892,2.739184630413546,1.3441948098115892
16,2.4256652843319513,1.591081764115298,2.4256652843319513,1.591081764115298
17,2.3596516816516813,1.519389287001658,2.3596516816516813,1.519389287001658
18,2.307472329472329,1.2200802222100395,2.307472329472329,1.2200802222100395
19,2.4797682453416154,1.8036287813310288,2.4797682453416154,1.8036287813310288
20,2.395851597494849,1.7491302768269978,2.395851597494849,1.7491302768269978
21,1.745246139225469,1.6610698924731182,1.745246139225469,1.6610698924731182
22,2.5221605477584657,1.6417057044079515,2.5221605477584657,1.6417057044079515
23,2.3982297760924514,1.5851043028010243,2.3982297760924514,1.5851043028010243
24,2.3351158035863917,1.5062505376344084,2.3351158035863917,1.5062505376344084
25,2.253035593855377,1.6459114986137455,2.253035593855377,1.6459114986137455
26,2.7701421240408584,1.5851043028010243,2.7701421240408584,1.5851043028010243
27,2.7701421240408584,1.5062505376344084,2.7701421240408584,1.5062505376344084
28,2.769346009081858,1.6496002646280503,2.769346009081858,1.6496002646280503
29,2.770948380591693,1.5911858131757015,2.770948380591693,1.5911858131757015
30,2.3901609249646056,1.514062908768429,2.3901609249646056,1.514062908768429
31,2.3044979704915916,1.7271252423761676,2.3044979704915916,1.7271252423761676
32,2.186423350041771,1.6699508228090316,2.186423350041771,1.6699508228090316
33,2.3972965181849446,1.3843230866540164,2.3972965181849446,1.3843230866540164
34,2.3157546549835706,1.242593965799142,2.3157546549835706,1.242593965799142
35,2.2028431952662717,1.1575281431449225,2.2028431952662717,1.1575281431449225
36,2.404678166343916,1.0856573349523295,2.404678166343916,1.0856573349523295
37,2.3157546549835706,1.3246424065475828,2.3157546549835706,1.3246424065475828
38,2.2014590643274854,1.2714330825671032,2.2014590643274854,1.2714330825671032
39,2.411570652710576,1.202378465570516,2.411570652710576,1.202378465570516
40,2.326993433587371,1.4546580922286956,2.326993433587371,1.4546580922286956
41,2.208875223613596,1.376024103332949,2.208875223613596,1.376024103332949
42,2.513935168510419,1.296355813684697,2.513935168510419,1.296355813684697
43,2.44299818736272,1.5454065329771365,2.44299818736272,1.5454065329771365
44,2.3373123447590656,1.4805509321638357,2.3373123447590656,1.4805509321638357
45,1.4954622725340956,1.421104401991499,1.4954622725340956,1.421104401991499
46,1.4326853739029102,1.4111686371100165,1.4326853739029102,1.4111686371100165
47,1.1102452732675825,1.3319256089532587,1.1102452732675825,1.3319256089532587
48,1.562616118687942,1.2586487973377811,1.562616118687942,1.2586487973377811
49,1.5063717093066369,1.509875319616699,1.5063717093066369,1.509875319616699
50,1.1974603174603171,1.4587782680639825,1.1974603174603171,1.4587782680639825
51,2.106614533292794,1.39468360298549,2.106614533292794,1.39468360298549
52,1.4444141718886003,2.7581311666792194,1.4444141718886003,2.7581311666792194
53,1.3258097062815104,2.7122038939519464,1.3258097062815104,2.7122038939519464
54,2.17376837944664,2.6761181796662328,2.17376837944664,2.6761181796662328
55,1.5144774436090225,2.838751866368048,1.5144774436090225,2.838751866368048
56,1.4083058660357346,1.8351856610128716,1.4083058660357346,1.8351856610128716
57,1.383079361327655,1.7619642857142856,1.383079361327655,1.7619642857142856
58,1.3065342336572676,1.6143466927337893,1.3065342336572676,1.6143466927337893
59,1.2409551141284607,1.6347094705366807,1.2409551141284607,1.6347094705366807
60,1.9803441466297145,1.5514642857142855,1.9803441466297145,1.5514642857142855
61,1.904256015889032,1.421134132347316,1.904256015889032,1.421134132347316
62,1.8403890241066585,1.6347094705366807,1.8403890241066585,1.6347094705366807
63,1.3232600625047577,1.5514642857142855,1.3232600625047577,1.5514642857142855
64,1.2726344699747298,1.421134132347316,1.2726344699747298,1.421134132347316
65,1.200007461901872,1.6453229159148322,1.200007461901872,1.6453229159148322
66,1.4140299180661438,1.5595604395604394,1.4140299180661438,1.5595604395604394
67,1.2864422663917705,1.4259587685481123,1.2864422663917705,1.4259587685481123
68,1.1898518159559273,1.7365777777777776,1.1898518159559273,1.7365777777777776
69,1.4037389079222826,1.6502570485440415,1.4037389079222826,1.6502570485440415
70,1.3386923558897244,1.3163304554161863,1.3386923558897244,1.3163304554161863
71,1.2223334794402727,2.213059354226021,1.2223334794402727,2.213059354226021
72,1.7140299180661436,2.14919925455212,1.7140299180661436,2.14919925455212
73,1.6497760467823492,2.020739973262032,1.6497760467823492,2.020739973262032
74,1.3924497929606623,2.0075006687800117,1.3924497929606623,2.0075006687800117
75,1.9145488323819408,1.94554090232234,1.9145488323819408,1.94554090232234
76,1.8326595569734745,1.8330801492151116,1.8326595569734745,1.8330801492151116
77,1.7592972060069674,2.012583163749831,1.7592972060069674,2.012583163749831
78,1.8937917827717812,1.94554090232234,1.8937917827717812,1.94554090232234
79,1.814580583507736,1.8330801492151116,1.814580583507736,1.8330801492151116
80,1.7512214797913948,2.0170555737940368,1.7512214797913948,2.0170555737940368
81,1.2838941319393762,1.9527230259192283,1.2838941319393762,1.9527230259192283
82,1.0061630750902273,1.8421339126559717,1.0061630750902273,1.8421339126559717
83,0.939456721829935,2.1136940673705378,0.939456721829935,2.1136940673705378
84,1.8316288416570448,2.048564935064935,1.8316288416570448,2.048564935064935
85,1.7592972060069674,1.7256844493116392,1.7592972060069674,1.7256844493116392
86,2.7626940993788818,1.3444789145094822,2.7626940993788818,1.3444789145094822
87,2.692770442219441,1.2375716717739191,2.692770442219441,1.2375716717739191
88,2.6338958584236583,1.1499550375469336,2.6338958584236583,1.1499550375469336
89,2.832124384236453,1.5368141841216398,2.832124384236453,1.5368141841216398
90,3.236595070422536,1.4791131737502037,3.236595070422536,1.4791131737502037
91,3.234638888888889,1.3948075153518242,3.234638888888889,1.3948075153518242
92,3.2318044217687074,1.5588275489785468,3.2318044217687074,1.5588275489785468
93,3.2356101398601402,1.4568461487361744,3.2356101398601402,1.4568461487361744
94,2.764993113292597,1.3621427835051547,2.764993113292597,1.3621427835051547
95,2.6888063036459564,1.758598716026602,2.6888063036459564,1.758598716026602
96,2.627979337304542,1.6896979966444072,2.627979337304542,1.6896979966444072
97,2.833894196106705,1.627773929342733,2.833894196106705,1.627773929342733
98,3.18937012987013,1.4998625541125539,3.18937012987013,1.4998625541125539
99,3.1692368421052635,1.4027780697563306,3.1692368421052635,1.4027780697563306
100,3.1495476190476186,1.3133224958120937,3.1495476190476186,1.3133224958120937
101,3.209892156862745,1.7219018915866742,3.209892156862745,1.7219018915866742
102,2.7677512267429973,1.6663650262780696,2.7677512267429973,1.6663650262780696
103,2.6886924736337487,1.600155245375742,2.6886924736337487,1.600155245375742
104,2.6282135627530367,2.4319922779922782,2.6282135627530367,2.4319922779922782
105,2.8348389292196012,2.390881970578173,2.8348389292196012,2.390881970578173
106,2.694426406926407,2.3581805896805896,2.694426406926407,2.3581805896805896
107,2.132664252626822,2.511009925281588,2.132664252626822,2.511009925281588
108,2.8889042575071984,1.7033099210870355,2.8889042575071984,1.7033099210870355
109,2.7550446428571425,1.642311759504863,2.7550446428571425,1.642311759504863
110,2.6864453363137573,1.5260970064418342,2.6864453363137573,1.5260970064418342
111,2.5962387084733107,1.5291510683567542,2.5962387084733107,1.5291510683567542
112,3.236595070422536,1.4572568144499178,3.236595070422536,1.4572568144499178
113,3.236595070422536,1.3537047650625236,3.236595070422536,1.3537047650625236
114,3.2356101398601402,1.5291510683567542,3.2356101398601402,1.5291510683567542
115,3.237593971631205,1.4572568144499178,3.237593971631205,1.4572568144499178
116,2.5853170188830252,1.3537047650625236,2.5853170188830252,1.3537047650625236
117,2.4424905175184826,1.538633050338736,2.4424905175184826,1.538633050338736
118,2.2894371472929342,1.4645913092234366,2.2894371472929342,1.4645913092234366
119,2.5944824760673497,1.358108711601646,2.5944824760673497,1.358108711601646
120,2.456527750083084,1.6186101267548043,2.456527750083084,1.6186101267548043
121,2.3090992926851106,1.5432172638955248,2.3090992926851106,1.5432172638955248
122,2.604007362945178,1.2395570865648924,2.604007362945178,1.2395570865648924
123,2.456527750083084,1.840057823129252,2.456527750083084,1.840057823129252
124,2.3074125965012606,1.7809799407703213,2.3074125965012606,1.7809799407703213
125,2.6129939586645468,1.687509574078191,2.6129939586645468,1.687509574078191
126,2.4706670493920813,1.6613476190476189,2.4706670493920813,1.6613476190476189
127,2.3163327172689225,1.6015526377736509,2.3163327172689225,1.6015526377736509
128,2.7510700854700856,1.5197863519918724,2.7510700854700856,1.5197863519918724
129,2.623069673438996,1.6658989703989704,2.623069673438996,1.6658989703989704
130,2.4783634202183866,1.6015526377736509,2.4783634202183866,1.6015526377736509
131,1.6008025585731294,1.5197863519918724,1.6008025585731294,1.5197863519918724
132,1.5193399159663863,1.6698705925265458,1.5193399159663863,1.6698705925265458
133,1.1777956521739132,1.6080491089024531,1.1777956521739132,1.6080491089024531
134,1.7421790767917529,1.528097385113171,1.7421790767917529,1.528097385113171
135,1.681858597285068,1.7546536050156738,1.681858597285068,1.7546536050156738
136,1.3485089477891887,1.6933468406593406,1.3485089477891887,1.6933468406593406
137,2.2143339967565967,1.4034099878062298,2.2143339967565967,1.4034099878062298
138,1.5332538069311208,1.259319866880108,1.5332538069311208,1.259319866880108
139,1.393657894736842,1.1714420449349794,1.393657894736842,1.1714420449349794
140,2.3557105149752204,1.0972696702976077,2.3557105149752204,1.0972696702976077
141,1.6914560152491187,1.3413683076285483,1.6914560152491187,1.3413683076285483
142,1.560872180451128,1.2853469843571603,1.560872180451128,1.2853469843571603
143,1.437909533639511,1.2138704361081725,1.437909533639511,1.2138704361081725
144,1.3487154334038054,1.4722041004003028,1.3487154334038054,1.4722041004003028
145,1.2742131044833662,1.3905422685554825,1.2742131044833662,1.3905422685554825
146,2.032447602762126,1.308475,2.032447602762126,1.308475
147,1.9445641245173677,1.5629525411487435,1.9445641245173677,1.5629525411487435
148,1.8724547886570357,1.4949775733179989,1.8724547886570357,1.4949775733179989
149,1.3633043013182398,1.4330807012697782,1.3633043013182398,1.4330807012697782
150,1.3050158709341897,1.4272615384615384,1.3050158709341897,1.4272615384615384
151,1.2259193879406645,1.3453284016492844,1.2259193879406645,1.3453284016492844
152,1.7255910174880764,1.2697574784051469,1.7255910174880764,1.2697574784051469
153,1.5693020594965676,1.5259682209682208,1.5693020594965676,1.5259682209682208
154,1.4701287401810876,1.472181060760008,1.4701287401810876,1.472181060760008
155,1.7208280058434855,1.405675202655401,1.7208280058434855,1.405675202655401
156,1.6262910685805425,2.787026355996944,1.6262910685805425,2.787026355996944
157,1.5063278388278392,2.7369073083778965,1.5063278388278392,2.7369073083778965
158,2.025591017488076,2.6979258268964146,2.025591017488076,2.6979258268964146
159,1.9332141142738104,2.8741995335029684,1.9332141142738104,2.8741995335029684
160,1.6731345029239766,1.883300466853408,1.6731345029239766,1.883300466853408
161,1.9804145020513,1.8045822784810128,1.9804145020513,1.8045822784810128
162,1.8823932853717025,1.6487085966775503,1.8823932853717025,1.6487085966775503
163,1.7985289230061532,1.6588868207979708,1.7985289230061532,1.6588868207979708
164,1.9557076411960133,1.5713008931996275,1.9557076411960133,1.5713008931996275
165,1.861551016188113,1.4372347037495925,1.861551016188113,1.4372347037495925
166,1.7881593137254903,1.6588868207979708,1.7881593137254903,1.6588868207979708
167,1.3440718807304881,1.5713008931996275,1.3440718807304881,1.5713008931996275
168,1.0516609062980031,1.4372347037495925,1.0516609062980031,1.4372347037495925
169,0.9771966834649346,1.6704872800402208,0.9771966834649346,1.6704872800402208
170,1.8811722841507013,1.5800489451476794,1.8811722841507013,1.5800489451476794
171,1.7985289230061532,1.4423249979534742,1.7985289230061532,1.4423249979534742
172,2.4438708414872794,1.7714470588235294,2.4438708414872794,1.7714470588235294
173,2.380731789344951,1.6798809523809524,2.380731789344951,1.6798809523809524
174,2.326547928262214,1.3399796018814458,2.326547928262214,1.3399796018814458
175,2.5052627990657155,2.261276749566224,2.5052627990657155,2.261276749566224
176,2.8389334544628664,2.1904475412430267,2.8389334544628664,2.1904475412430267
177,2.8371316526610637,2.054082040833016,2.8371316526610637,2.054082040833016
178,2.834517273576097,2.0313187663729457,2.834517273576097,2.0313187663729457
179,2.8380265072471937,1.9651632603065723,2.8380265072471937,1.9651632603065723
180,2.4456640488089825,1.8489794767304517,2.4456640488089825,1.8489794767304517
181,2.3769881339653622,2.036863103510786,2.3769881339653622,2.036863103510786
182,2.3211102491617908,1.9651632603065723,2.3211102491617908,1.9651632603065723
183,2.506534450881301,1.8489794767304517,2.506534450881301,1.8489794767304517
184,2.782191176470588,2.041715457744869,2.782191176470588,2.041715457744869
185,2.7584819277108434,1.972879270962216,2.7584819277108434,1.972879270962216
186,2.7358837052062204,1.858657637649992,2.7358837052062204,1.858657637649992
187,2.8071463046757157,2.14856334841629,2.8071463046757157,2.14856334841629
188,2.448210738112888,2.077568393876257,2.448210738112888,2.077568393876257
189,2.376934855467113,1.7488058175301238,2.376934855467113,1.7488058175301238
190,2.3213283102270443,1.3644534412955465,2.3213283102270443,1.3644534412955465
191,2.5074058346387083,1.2539379011792804,2.5074058346387083,1.2539379011792804
192,2.43593365495425,1.1634360657133127,2.43593365495425,1.1634360657133127
193,1.7737213528921576,1.556788710907704,1.7737213528921576,1.556788710907704
194,2.554358058049333,1.495479403155565,2.554358058049333,1.495479403155565
195,2.422706889605157,1.408141368743616,2.422706889605157,1.408141368743616
196,2.3558912787454287,1.5798695730884431,2.3558912787454287,1.5798695730884431
197,2.2692059369202218,1.473965335197463,2.2692059369202218,1.473965335197463
198,2.8389334544628664,1.3762335553997196,2.8389334544628664,1.3762335553997196
199,2.8389334544628664,1.779640740136498,2.8389334544628664,1.779640740136498
200,2.8380265072471937,1.7067033756867709,2.8380265072471937,1.7067033756867709
201,2.8398527410964385,1.6416878311327892,2.8398527410964385,1.6416878311327892
202,2.4203383874467463,1.519010066238982,2.4203383874467463,1.519010066238982
203,2.3293659673659666,1.4184879832810868,2.3293659673659666,1.4184879832810868
204,2.204825454336324,1.3261658427593912,2.204825454336324,1.3261658427593912
205,2.428251921281333,1.7410494037131017,2.428251921281333,1.7410494037131017
206,2.3417029637029634,1.682074939802826,2.3417029637029634,1.682074939802826
207,2.2225881115739607,1.6128557052860164,2.2225881115739607,1.6128557052860164
208,2.4364532199826314,2.310671807747489,2.4364532199826314,2.310671807747489
209,2.3417029637029634,2.2672531675641427,2.3417029637029634,2.2672531675641427
210,2.22102555053642,2.232922149744753,2.22102555053642,2.232922149744753
211,2.4441094461094464,2.3898349797234064,2.4441094461094464,2.3898349797234064
212,2.35403235023304,1.6637445717911599,2.35403235023304,1.6637445717911599
213,2.2290067901234565,1.6052323886639677,2.2290067901234565,1.6052323886639677
214,2.5596895624486677,1.4972580001697648,2.5596895624486677,1.4972580001697648
215,2.4836271088402584,1.477131096613855,2.4836271088402584,1.477131096613855
216,2.370126167185416,1.4080811691517725,2.370126167185416,1.4080811691517725
217,1.5148779454463663,1.3149099758536555,1.5148779454463663,1.3149099758536555
218,1.4491643139469226,1.477131096613855,1.4491643139469226,1.477131096613855
219,1.1223182801917946,1.4080811691517725,1.1223182801917946,1.4080811691517725
220,1.582031791600213,1.3149099758536555,1.582031791600213,1.3149099758536555
221,1.5228506493506493,1.4871549061376648,1.5228506493506493,1.4871549061376648
222,1.2094060150375938,1.4157823886639676,1.2094060150375938,1.4157823886639676
223,2.1268947431878464,1.3197416879795396,2.1268947431878464,1.3197416879795396
224,1.4616747757073842,1.5734277504105092,1.4616747757073842,1.5734277504105092
225,1.3382676002952505,1.5014316939890713,1.3382676002952505,1.5014316939890713
226,2.1940485893416932,1.2065015223480695,2.1940485893416932,1.2065015223480695
227,1.5314629629629628,1.7459424606845513,1.5314629629629628,1.7459424606845513
228,1.4207637600494745,1.6854475568004978,1.4207637600494745,1.6854475568004978
229,1.3970456444140655,1.5964575315455267,1.3970456444140655,1.5964575315455267
230,1.3181923169666463,1.5545230494341868,1.3181923169666463,1.5545230494341868
231,1.2508105080497445,1.4944907885510297,1.2508105080497445,1.4944907885510297
232,1.9944620655279657,1.4191943736507902,1.9944620655279657,1.4191943736507902
233,1.91601379004662,1.5593289855072463,1.91601379004662,1.5593289855072463
234,1.8503747730530342,1.4944907885510297,1.8503747730530342,1.4944907885510297
235,1.335673922062118,1.4191943736507902,1.335673922062118,1.4191943736507902
236,1.2833472918131232,1.5636827559954318,1.2833472918131232,1.5636827559954318
237,1.2090247481718197,1.501448343079922,1.2090247481718197,1.501448343079922
238,1.432318286552157,1.4278648541999892,1.432318286552157,1.4278648541999892
239,1.30213895173454,1.6550380952380952,1.30213895173454,1.6550380952380952
240,1.203075986530862,1.592762789182144,1.203075986530862,1.592762789182144
241,1.4225996745541338,1.3083847738938217,1.4225996745541338,1.3083847738938217
242,1.3548974958723172,1.212560454002389,1.3548974958723172,1.212560454002389
243,1.2358325211176089,1.132170259408111,1.2358325211176089,1.132170259408111
244,1.7323182865521574,1.0638071046942017,1.7323182865521574,1.0638071046942017
245,1.6657358184360331,1.2644473237558342,1.6657358184360331,1.2644473237558342
246,1.4058679927667268,1.2086533632879608,1.4058679927667268,1.2086533632879608
247,1.9256595505617982,1.1414345238095238,1.9256595505617982,1.1414345238095238
248,1.841775280380593,1.4266346998623494,1.841775280380593,1.4266346998623494
249,1.7667604513682449,1.351942010148552,1.7667604513682449,1.351942010148552
250,1.904580394234254,1.2760320887048997,1.904580394234254,1.2760320887048997
251,1.823344368684794,1.4865523388465636,1.823344368684794,1.4865523388465636
252,1.7585382840339736,1.4191728161283854,1.7585382840339736,1.4191728161283854
253,1.2936839497582562,1.3585286822121927,1.2936839497582562,1.3585286822121927
254,1.0140487686021666,1.3861917486307729,1.0140487686021666,1.3861917486307729
255,0.9457726601516075,1.31036694853325,0.9457726601516075,1.31036694853325
256,1.8406313773835676,1.2409395478374836,1.8406313773835676,1.2409395478374836
257,1.7667604513682449,1.4500517892993243,1.7667604513682449,1.4500517892993243
258,2.7903234265734262,1.3963598563346682,2.7903234265734262,1.3963598563346682
259,2.7144705362129957,1.3312339922912988,2.7144705362129957,1.3312339922912988
260,2.6516644741717927,2.5058357932473205,2.6516644741717927,2.5058357932473205
261,2.8668688811188807,2.452594575448725,2.8668688811188807,2.452594575448725
262,3.3408207070707063,2.4114842680346205,3.3408207070707063,2.4114842680346205
263,3.338559286898839,2.597642572944297,3.338559286898839,2.597642572944297
264,3.335290957015409,1.8246059335873708,3.335290957015409,1.8246059335873708
265,3.3396814954051792,1.7500977418267607,3.3396814954051792,1.7500977418267607
266,2.7923223920863314,1.6105639675224928,2.7923223920863314,1.6105639675224928
267,2.70936013986014,1.5817213182027552,2.70936013986014,1.5817213182027552
268,2.6440366502866497,1.4994558813616448,2.6440366502866497,1.4994558813616448
269,2.868586601307189,1.3853985910270672,2.868586601307189,1.3853985910270672
270,3.2919444444444435,1.5817213182027552,3.2919444444444435,1.5817213182027552
271,3.2711257309941515,1.4994558813616448,3.2711257309941515,1.4994558813616448
272,3.2506378340365685,1.3853985910270672,3.2506378340365685,1.3853985910270672
273,3.31297152194211,1.5940583145397516,3.31297152194211,1.5940583145397516
274,2.7954963235294112,1.5086832786219189,2.7954963235294112,1.5086832786219189
275,2.709486743938183,1.3910092328080943,2.709486743938183,1.3910092328080943
276,2.6446940803235246,1.7037981873627193,2.6446940803235246,1.7037981873627193
277,2.8696759259259257,1.6171399373573287,2.8696759259259257,1.6171399373573287
278,2.7485102800425376,1.2955286738351253,2.7485102800425376,1.2955286738351253
279,2.168888535031847,2.0004434661723822,2.168888535031847,2.0004434661723822
280,2.930375939849624,1.9251708525392737,2.930375939849624,1.9251708525392737
281,2.785444514501892,1.8105472222222219,2.785444514501892,1.8105472222222219
282,2.7118576438387407,1.7516707388996546,2.7118576438387407,1.7516707388996546
283,2.615736973116495,1.6834483645009959,2.615736973116495,1.6834483645009959
284,3.3408207070707063,1.5923926767676766,3.3408207070707063,1.5923926767676766
285,3.3408207070707063,1.7575588507877664,3.3408207070707063,1.7575588507877664
286,3.3396814954051792,1.6834483645009959,3.3396814954051792,1.6834483645009959
287,3.341977311280746,1.5923926767676766,3.341977311280746,1.5923926767676766
288,2.623844224989265,1.762909517503455,2.623844224989265,1.762909517503455
289,2.4734332077658645,1.6917513002396718,2.4734332077658645,1.6917513002396718
290,2.3116353270105803,1.6025236928104576,2.3116353270105803,1.6025236928104576
291,2.6341544290708985,1.8789142712788036,2.6341544290708985,1.8789142712788036
292,2.488987394957983,1.8045047175047173,2.488987394957983,1.8045047175047173
293,2.333070223893753,1.4993551587301586,2.333070223893753,1.4993551587301586
294,2.6448942249892657,1.2995631108562145,2.6448942249892657,1.2995631108562145
295,2.488987394957983,1.202622136033901,2.488987394957983,1.202622136033901
296,2.331141118516372,1.121704037800687,2.331141118516372,1.121704037800687
297,2.655033168271934,1.4023544861475898,2.655033168271934,1.4023544861475898
298,2.504680572938395,1.339793853205618,2.504680572938395,1.339793853205618
299,2.340809830781628,1.2624565280657718,2.340809830781628,1.2624565280657718
300,2.8141856300562185,1.5164859241881712,2.8141856300562185,1.5164859241881712
301,2.6778862663568543,1.4241171057075313,2.6778862663568543,1.4241171057075313
302,2.521074809541651,1.3357175185925183,2.521074809541651,1.3357175185925183
303,1.6243186357734942,1.626713196915444,1.6243186357734942,1.626713196915444
304,1.5389948051948052,1.5521060062995546,1.5389948051948052,1.5521060062995546
305,1.1918548998696532,1.4864844093104963,1.1918548998696532,1.4864844093104963
306,1.7656951539921175,1.4650905982905982,1.7656951539921175,1.4650905982905982
307,1.7015134865134864,1.374793564128376,1.7015134865134864,1.374793564128376
308,1.3624119164907342,1.2923005565862709,1.3624119164907342,1.2923005565862709
309,2.2390134525700813,1.5870669552669552,2.2390134525700813,1.5870669552669552
310,1.553921473915326,1.5268311816832352,1.553921473915326,1.5268311816832352
311,1.4081763285024151,1.4570216450216449,1.4081763285024151,1.4570216450216449
312,2.380389970788705,3.966103896103896,2.380389970788705,3.966103896103896
313,1.711764109325085,3.920176623376624,1.711764109325085,3.920176623376624
314,1.5753906142167011,3.884090909090909,1.5753906142167011,3.884090909090909
315,1.4544001510411049,4.922989544568492,1.4544001510411049,4.922989544568492
316,1.362331556478597,2.1350420531849097,1.362331556478597,2.1350420531849097
317,1.2856374229691876,1.9753016890516888,1.2856374229691876,1.9753016890516888
318,2.0491267529416195,1.7302172464684795,2.0491267529416195,1.7302172464684795
319,1.9583006123997808,1.93456586270872,1.9583006123997808,1.93456586270872
320,1.8840325203252035,1.7648016890516889,1.8840325203252035,1.7648016890516889
321,1.37787318896232,1.5370046860820064,1.37787318896232,1.5370046860820064
322,1.3175010573218615,1.93456586270872,1.3175010573218615,1.93456586270872
323,1.2363498777437396,1.7648016890516889,1.2363498777437396,1.7648016890516889
324,1.747685366636773,1.5370046860820064,1.747685366636773,1.5370046860820064
325,1.5880808763481735,1.9451793080868711,1.5880808763481735,1.9451793080868711
326,1.4858286933192593,1.7728978428978426,1.4858286933192593,1.7728978428978426
327,1.7436512186666984,1.5330254901960785,1.7436512186666984,1.5330254901960785
328,1.6456882076774368,1.9904660894660893,1.6456882076774368,1.9904660894660893
329,1.5223234065089484,1.790635593220339,1.5223234065089484,1.790635593220339
330,2.047685366636773,1.4871440191728162,2.047685366636773,1.4871440191728162
331,1.9523338554037155,2.342090909090909,1.9523338554037155,2.342090909090909
332,1.6890831656606309,2.1948167465957225,1.6890831656606309,2.1948167465957225
333,1.9933734247265091,1.9779403289557564,1.9933734247265091,1.9779403289557564
334,1.8929379084967315,2.1365322236449,1.8929379084967315,2.1365322236449
335,1.8070873830646128,1.9911583943659417,1.8070873830646128,1.9911583943659417
336,1.968282797449464,1.7902805049088355,1.968282797449464,1.7902805049088355
337,1.8716722455689907,2.141614718614719,1.8716722455689907,2.141614718614719
338,1.7965520066847556,1.9911583943659417,1.7965520066847556,1.9911583943659417
339,1.3553559186005386,1.7902805049088355,1.3553559186005386,1.7902805049088355
340,1.060656333696286,2.1383411309187705,1.060656333696286,2.1383411309187705
341,0.9843293141246476,1.99206525776146,0.9843293141246476,1.99206525776146
342,1.8915699194406441,1.7993342683496958,1.8915699194406441,1.7993342683496958
343,1.8070873830646128,2.189011544011544,1.8070873830646128,2.189011544011544
344,2.3182314380107805,2.0455286971093423,2.3182314380107805,2.0455286971093423
345,2.2520442140892745,1.7378278150273032,2.2520442140892745,1.7378278150273032
346,2.195588275391956,1.6764351471313497,2.195588275391956,1.6764351471313497
347,2.3834567901234567,1.4739666666666664,2.3834567901234567,1.4739666666666664
348,2.750326219512196,1.3157744719509423,2.750326219512196,1.3157744719509423
349,2.748856927710844,1.7798074644691844,2.748856927710844,1.7798074644691844
350,2.7467181952662725,1.642545977011494,2.7467181952662725,1.642545977011494
351,2.749587121212121,1.4782498308221352,2.749587121212121,1.4782498308221352
352,2.3220460208492253,1.7696787878787876,2.3220460208492253,1.7696787878787876
353,2.2504621848739497,1.5885478991596638,2.2504621848739497,1.5885478991596638
354,2.1929957264957265,1.410982142857143,2.1929957264957265,1.410982142857143
355,2.386183212267958,1.9065126436781608,2.386183212267958,1.9065126436781608
356,2.7010701871657754,1.7372178876362092,2.7010701871657754,1.7372178876362092
357,2.68026510989011,1.5865285235841111,2.68026510989011,1.5865285235841111
358,2.660375,1.682369106699752,2.660375,1.682369106699752
359,2.722904069767442,1.505102258852259,2.722904069767442,1.505102258852259
360,2.3241345755693583,1.3516239350601262,2.3241345755693583,1.3516239350601262
361,2.249679994560044,1.812567098363261,2.249679994560044,1.812567098363261
362,2.1922444155280854,1.6909260136415305,2.1922444155280854,1.6909260136415305
363,2.3868960722622554,1.5367377933252615,2.3868960722622554,1.5367377933252615
364,2.36666596915446,2.5235,2.36666596915446,2.5235
365,1.673592833092833,2.4915702247191014,1.673592833092833,2.4915702247191014
366,2.436815894797027,2.465505102040816,2.436815894797027,2.465505102040816
367,2.304242886380141,2.8373451607078364,2.304242886380141,2.8373451607078364
368,2.236825211176088,1.6303429072178168,2.236825211176088,1.6303429072178168
369,2.148848599742351,1.5222958117151666,2.148848599742351,1.5222958117151666
370,2.750326219512196,1.3504777006108273,2.750326219512196,1.3504777006108273
371,2.750326219512196,1.5029215997117638,2.750326219512196,1.5029215997117638
372,2.749587121212121,1.3835998611317764,2.749587121212121,1.3835998611317764
373,2.7510743865030682,1.2173089991679862,2.7510743865030682,1.2173089991679862
374,2.3414169429471627,1.5029215997117638,2.3414169429471627,1.5029215997117638
375,2.2590370062753777,1.3835998611317764,2.2590370062753777,1.3835998611317764
376,2.140489664427349,1.2173089991679862,2.140489664427349,1.2173089991679862
377,2.3499219934522126,1.5102560944852828,2.3499219934522126,1.5102560944852828
378,2.2721829859787346,1.389441674267761,2.2721829859787346,1.389441674267761
379,2.15883419298754,1.2147793522267205,2.15883419298754,1.2147793522267205
380,2.3587479892593413,1.539926696832579,2.3587479892593413,1.539926696832579
381,2.2721829859787346,1.39928144584327,2.2721829859787346,1.39928144584327
382,2.1575428289843117,1.2131468334919986,2.1575428289843117,1.2131468334919986
383,2.3672173100009237,1.738076069410815,2.3672173100009237,1.738076069410815
384,2.2855480851920795,1.6386446886446884,2.2855480851920795,1.6386446886446884
385,2.1661354265238972,1.490084499519282,2.1661354265238972,1.490084499519282
386,2.494184295669487,1.6071169467787114,2.494184295669487,1.6071169467787114
387,2.4270075757575755,1.5035870445344128,2.4270075757575755,1.5035870445344128
388,2.3187685845219312,1.3600723093526832,2.3187685845219312,1.3600723093526832
389,1.4676777261410294,1.6106547619047618,1.4676777261410294,1.6106547619047618
390,1.4060790835181078,1.5035870445344128,1.4060790835181078,1.5035870445344128
391,1.0864011041309731,1.3600723093526832,1.0864011041309731,1.3600723093526832
392,1.512735790657158,1.6088133447137494,1.512735790657158,1.6088133447137494
393,1.4538154471544713,1.5046432062561097,1.4538154471544713,1.5046432062561097
394,1.1461762509335325,1.3668821583821582,1.1461762509335325,1.3668821583821582
395,2.080818757974881,1.6421953781512606,2.080818757974881,1.6421953781512606
396,1.4197506065363208,1.5416216216216216,1.4197506065363208,1.5416216216216216
397,1.3028472318707682,1.3543341927499613,1.3028472318707682,1.3543341927499613
398,2.1258768224910103,1.3541432486973284,2.1258768224910103,1.3541432486973284
399,1.4633876517695683,1.2071013336508691,1.4633876517695683,1.2071013336508691
400,1.3585981476216842,1.0876803965881752,1.3585981476216842,1.0876803965881752
401,1.357794864801344,1.4121920887461683,1.357794864801344,1.4121920887461683
402,1.2846999263622976,1.3115628721124075,1.2846999263622976,1.3115628721124075
403,1.2215986622073578,1.1880270040037482,1.2215986622073578,1.1880270040037482
404,1.9565803681612504,1.3900107009095772,1.9565803681612504,1.3900107009095772
405,1.8835091882820243,1.2593039541759057,1.8835091882820243,1.2593039541759057
406,1.8219427680032734,1.1243913043478262,1.8219427680032734,1.1243913043478262
407,1.3020143536574276,1.4729166838155603,1.3020143536574276,1.4729166838155603
408,1.252480376294126,1.3481203619909503,1.252480376294126,1.3481203619909503
409,1.1831042380256125,1.2319918389483608,1.1831042380256125,1.2319918389483608
410,1.316657101865136,1.3276833296980028,1.316657101865136,1.3276833296980028
411,1.1921453311656185,1.1963488675958192,1.1921453311656185,1.1963488675958192
412,1.093732981101402,1.0789014885823396,1.093732981101402,1.0789014885823396
413,1.30992834423487,1.4037052129871277,1.30992834423487,1.4037052129871277
414,1.247488894650419,1.3129354060573573,1.247488894650419,1.3129354060573573
415,1.1288042944971075,1.192251814257647,1.1288042944971075,1.192251814257647
416,1.616657101865136,1.8067903374942211,1.616657101865136,1.8067903374942211
417,1.5557148246961492,1.7870833333333331,1.5557148246961492,1.7870833333333331
418,1.296458591620116,1.7703079496261314,1.296458591620116,1.7703079496261314
419,1.8842155251702688,1.960206455102777,1.8842155251702688,1.960206455102777
420,1.8073896063910813,1.2793259970983548,1.8073896063910813,1.2793259970983548
421,1.738246084346294,1.207969904240766,1.738246084346294,1.207969904240766
422,1.865141963833024,1.092077698337497,1.865141963833024,1.092077698337497
423,1.7905529143164114,1.2073519829656902,1.7905529143164114,1.2073519829656902
424,1.7307729544960582,1.126690869549967,1.7307729544960582,1.126690869549967
425,1.2556039488966315,1.0103092342434512,1.2556039488966315,1.0103092342434512
426,0.982603788720227,1.2073519829656902,0.982603788720227,1.2073519829656902
427,0.918923423113028,1.126690869549967,0.918923423113028,1.126690869549967
428,1.8064189210872563,1.0103092342434512,1.8064189210872563,1.0103092342434512
429,1.738246084346294,1.2118486451819783,1.738246084346294,1.2118486451819783
430,2.5075186965811964,1.1304456075655742,2.5075186965811964,1.1304456075655742
431,2.4276233421750666,1.0089602944368796,2.4276233421750666,1.0089602944368796
432,2.361972352076056,1.2292187812187811,2.361972352076056,1.2292187812187811
433,2.589434970166102,1.1326348039215686,2.589434970166102,1.1326348039215686
434,3.1213286090621706,1.0047217554044765,3.1213286090621706,1.0047217554044765
435,3.1194774428274434,1.3267987804878048,3.1194774428274434,1.3267987804878048
436,3.1167926388181355,1.2615150478796169,3.1167926388181355,1.2615150478796169
437,3.1203967294610147,1.162154922519003,3.1203967294610147,1.162154922519003
438,2.512080616779383,1.2526388888888889,2.512080616779383,1.2526388888888889
439,2.4251769965703085,1.1818619142572282,2.4251769965703085,1.1818619142572282
440,2.357811468949785,1.0818973974353914,2.357811468949785,1.0818973974353914
441,2.5930448717948718,1.25482476635514,2.5930448717948718,1.25482476635514
442,3.0746745861733205,1.1818619142572282,3.0746745861733205,1.1818619142572282
443,3.0547803693097664,1.0818973974353914,3.0547803693097664,1.0818973974353914
444,3.0353713774597493,1.2539654670393665,3.0353713774597493,1.2539654670393665
445,3.095021261091849,1.182816760224539,3.095021261091849,1.182816760224539
446,2.5146949958643505,1.0864873429229749,2.5146949958643505,1.0864873429229749
447,2.4244080973837114,1.2736051448551449,2.4244080973837114,1.2736051448551449
448,2.3572989510489513,1.2056783285808292,2.3572989510489513,1.2056783285808292
449,2.5939397263810013,1.0755029929639093,2.5939397263810013,1.0755029929639093
450,2.594029768936717,1.1089956336766682,2.594029768936717,1.1089956336766682
451,1.899701372019793,1.0065542793992857,1.899701372019793,1.0065542793992857
452,2.659127164243624,0.9210583822015488,2.659127164243624,0.9210583822015488
453,2.5047167898015354,1.1351551065567294,2.5047167898015354,1.1351551065567294
454,2.427404995208198,1.0650327482988071,2.427404995208198,1.0650327482988071
455,2.327290008841733,0.975350052736435,2.327290008841733,0.975350052736435
456,3.1213286090621706,1.1354627329192548,3.1213286090621706,1.1354627329192548
457,3.1213286090621706,1.0462855064372598,3.1213286090621706,1.0462855064372598
458,3.1203967294610147,0.9477201873864258,3.1203967294610147,0.9477201873864258
459,3.1222733421750664,1.180813382269904,3.1222733421750664,1.180813382269904
460,2.4983305832266685,1.0917390594001632,2.4983305832266685,1.0917390594001632
461,2.3790003819709704,1.00567177663349,2.3790003819709704,1.00567177663349
462,2.2311649514008005,1.093019514170953,2.2311649514008005,1.093019514170953
463,2.509527391737307,0.9999221813725491,2.509527391737307,0.9999221813725491
464,2.3957067311773192,0.9150964169316572,2.3957067311773192,0.9150964169316572
465,2.253404577812596,1.130299756980608,2.253404577812596,1.130299756980608
466,2.521211018009277,1.0660585450089126,2.521211018009277,1.0660585450089126
467,2.3957067311773192,0.9750238962978044,2.3957067311773192,0.9750238962978044
468,2.2518022063027607,6.802627450980392,2.2518022063027607,6.802627450980392
469,2.5325425328025952,6.7283333333333335,2.5325425328025952,6.7283333333333335
470,2.4128603123631587,6.6734202898550725,2.4128603123631587,6.6734202898550725
471,2.262272727272727,9.614,2.262272727272727,9.614
472,2.709959963603276,2.9352698412698413,2.709959963603276,2.9352698412698413
473,2.6042183163555714,2.6762594235033257,2.6042183163555714,2.6762594235033257
474,2.458946379338056,2.288421362472114,2.458946379338056,2.288421362472114
475,1.5610704679935448,2.552542568542569,1.5610704679935448,2.552542568542569
476,1.4843886825817858,2.299420262664165,1.4843886825817858,2.299420262664165
477,1.146967370737923,1.9687810028317547,1.146967370737923,1.9687810028317547
478,1.6419038013268783,2.552542568542569,1.6419038013268783,2.552542568542569
479,1.5758450928381962,2.299420262664165,1.5758450928381962,2.299420262664165
480,1.2498237681970883,1.9687810028317547,1.2498237681970883,1.9687810028317547
481,2.1772314507198227,2.569873614854747,2.1772314507198227,2.569873614854747
482,1.5007803522952754,2.311757259001161,1.5007803522952754,2.311757259001161
483,1.3644491053442351,1.961522652218782,1.3644491053442351,1.961522652218782
484,2.258064784053156,2.650522872476361,2.258064784053156,2.650522872476361
485,1.5872954479976953,2.3557862333744692,1.5872954479976953,2.3557862333744692
486,1.4640752396455057,1.8462038727019312,1.4640752396455057,1.8462038727019312
487,1.4137083191559399,3.6519740259740265,1.4137083191559399,3.6519740259740265
488,1.3292935064935063,3.4084796380090494,1.3292935064935063,3.4084796380090494
489,1.257820066112749,3.0049039070173524,1.257820066112749,3.0049039070173524
490,2.0109949417245043,3.2610454545454544,2.0109949417245043,3.2610454545454544
491,1.9269876456876456,3.0482657342657338,1.9269876456876456,3.0482657342657338
492,1.857483773801956,2.6972500608635057,1.857483773801956,2.6972500608635057
493,1.3462247408951422,3.2692467532467533,1.3462247408951422,3.2692467532467533
494,1.2894257535567881,3.0482657342657338,1.2894257535567881,3.0482657342657338
495,1.2131322449928588,2.6972500608635057,1.2131322449928588,2.6972500608635057
496,1.4894900584795323,3.2618787878787883,1.4894900584795323,3.2618787878787883
497,1.3506660852758856,3.0480308395872413,1.3506660852758856,3.0480308395872413
498,1.246987436130748,2.7102039070173523,1.246987436130748,2.7102039070173523
499,1.4865514164198372,3.3513540413075296,1.4865514164198372,3.3513540413075296
500,1.409256763317004,3.1350350601779167,1.409256763317004,3.1350350601779167
501,1.2844372294372297,2.5697132677551524,1.2844372294372297,2.5697132677551524
502,1.7894900584795324,2.0980992336152218,1.7894900584795324,2.0980992336152218
503,1.7148910123004728,1.808129795075925,1.7148910123004728,1.808129795075925
504,1.4501621323660157,1.5898179581200895,1.4501621323660157,1.5898179581200895
505,1.9423944073944075,2.3795096614227083,1.9423944073944075,2.3795096614227083
506,1.85307811486048,2.186519887955182,1.85307811486048,2.186519887955182
507,1.7751118947579032,1.9515809736711376,1.7751118947579032,1.9515809736711376
508,1.920406764150392,2.284827369439072,1.920406764150392,2.284827369439072
509,1.834004233563296,2.0195885868517447,1.834004233563296,2.0195885868517447
510,1.7659584344794428,1.7819635926132853,1.7659584344794428,1.7819635926132853
511,1.3090435139573071,2.6057832517920128,1.3090435139573071,2.6057832517920128
512,1.0245165675291403,2.3769740367337717,1.0245165675291403,2.3769740367337717
513,0.9538872894174096,2.1812621255273132,0.9538872894174096,2.1812621255273132
514,1.851909344406997,2.1551119832548404,1.851909344406997,2.1551119832548404
515,1.7751118947579032,1.9083884711779449,1.7751118947579032,1.9083884711779449
516,4.874408634843418,1.6997005270092227,4.874408634843418,1.6997005270092227
517,4.777008120419883,2.48302299381291,4.777008120419883,2.48302299381291
518,4.7181335366241015,2.315951496388029,4.7181335366241015,2.315951496388029
519,4.943838919700989,2.11938117953581,4.943838919700989,2.11938117953581
520,5.295376623376622,,5.295376623376622,2.543580046955333
521,5.247757575757576,,5.247757575757576,2.531365346761909
522,5.187151515151514,,5.187151515151514,2.5206164105916966
523,5.270746081504703,,5.270746081504703,2.6004883339984084
524,4.687534405892615,,4.687534405892615,1.5856983456877525
525,4.556248771309011,,4.556248771309011,1.5279425837320573
526,4.441283422459891,,4.441283422459891,1.4320036465036463
527,4.8072488038277505,,4.8072488038277505,1.5438660722378317
528,3.7760909090909087,,3.7760909090909087,1.479377334993773
529,3.4498735177865614,,3.4498735177865614,1.3813770642251657
530,3.2114612794612794,,3.2114612794612794,1.5438660722378317
531,4.266646464646465,,4.266646464646465,1.479377334993773
532,4.741105834464043,,4.741105834464043,1.3813770642251657
533,4.611233766233767,,4.611233766233767,1.5466382408067518
534,4.508291313949209,,4.508291313949209,1.4817803030303032
535,4.827410094150332,,4.827410094150332,1.3759192159192155
536,2.5466965452847807,,2.5466965452847807,1.5326780303030303
537,2.2575986277873072,,2.2575986277873072,1.457513906633907
538,4.9240401991517615,,4.9240401991517615,1.1717459188511818
539,3.5980091783216777,,3.5980091783216777,1.652395153774464
540,3.2836730296730297,,3.2836730296730297,1.5989559696342304
541,3.005726386673755,,3.005726386673755,1.5141976828243753
542,5.295376623376622,,5.295376623376622,1.609207148250692
543,5.295376623376622,,5.295376623376622,1.5511405304150645
544,5.270746081504703,,5.270746081504703,1.4643052767741649
545,5.3218316498316485,,5.3218316498316485,1.610562880324543
546,3.7981482506132536,,3.7981482506132536,1.5511405304150645
547,3.6329872495446263,,3.6329872495446263,1.4643052767741649
548,3.0118568261007286,,3.0118568261007286,1.6060941619585687
549,3.8073137077975785,,3.8073137077975785,1.5485503748125935
550,3.6470244821092277,,3.6470244821092277,1.4673604291689395
551,3.0548479100807864,,3.0548479100807864,1.5935303030303032
552,3.8168385946754073,,3.8168385946754073,1.5400974465148376
553,3.6470244821092277,,3.6470244821092277,1.2542622752498906
554,3.0298322753090536,,3.0298322753090536,1.2753701919093932
555,3.808919165085389,,3.808919165085389,1.1902598752598752
556,3.647031768610716,,3.647031768610716,1.1139523809523808
557,3.0279651240778,,3.0279651240778,1.3143598410914614
558,3.8759966914805615,,3.8759966914805615,1.252585219472012
559,3.7193073593073587,,3.7193073593073587,1.1771182492720955
560,3.099608490566037,,3.099608490566037,1.4629962142118642
561,1.9344769651778768,,1.9344769651778768,1.3833820655092175
562,1.7899383116883114,,1.7899383116883114,1.303648148148148
563,1.3801198412698412,,1.3801198412698412,1.5114423851330627
564,2.0336815106324218,,2.0336815106324218,1.4429863392152371
565,1.8716428571428567,,1.8716428571428567,1.3708141888850305
566,1.5044162367917464,,1.5044162367917464,1.4299581430745814
567,2.1283864131511185,,2.1283864131511185,1.3534558223093254
568,1.7827472089314191,,1.7827472089314191,1.27620759717843
569,1.4926081871345032,,1.4926081871345032,1.4792141179173488
570,2.2275909586056644,,2.2275909586056644,1.4238476945879903
571,1.8601352813852812,,1.8601352813852812,1.3487271811513777
572,1.5976555727554178,,1.5976555727554178,1.5396482924482924
573,1.8387412547596167,,1.8387412547596167,1.5325880440010873
574,1.6253730407523508,,1.6253730407523508,1.5261862643209791
575,1.4686795088357587,,1.4686795088357587,1.5668908016284688
576,2.034880267000417,,2.034880267000417,1.1492640692640692
577,1.8222926306066407,,1.8222926306066407,1.1146276537287187
578,1.667672546751494,,1.667672546751494,1.0552146968030012
579,1.7088368479467257,,1.7088368479467257,1.1263554136738494
580,1.5854306686281607,,1.5854306686281607,1.0873867276342897
581,1.3936078106290872,,1.3936078106290872,1.025917013440672
582,2.955072250639386,,2.955072250639386,1.1263554136738494
583,2.55912077294686,,2.55912077294686,1.0873867276342897
584,2.270992203515139,,2.270992203515139,1.025917013440672
585,2.673694460129243,,2.673694460129243,1.1279499596448748
586,2.4083612440191393,,2.4083612440191393,1.0888161478872391
587,2.149789377289377,,2.149789377289377,1.022129539965956
588,3.115072250639386,,3.115072250639386,1.1174431927491928
589,2.778010989010989,,2.778010989010989,1.0710532022886674
590,2.4152046783625734,,2.4152046783625734,0.9164953716496268
591,1.7879708222811668,,1.7879708222811668,1.1846598806598805
592,1.6050069217353389,,1.6050069217353389,1.1525266110471806
593,1.4416776360894006,,1.4416776360894006,1.1000284608002118
594,1.7437402846195948,,1.7437402846195948,1.1609672399672395
595,1.5643350727387733,,1.5643350727387733,1.1256005617467142
596,1.4322842059900882,,1.4322842059900882,1.0710535755068045
597,1.4674432992614812,,1.4674432992614812,1.1617512250696609
598,1.2027755652148333,,1.2027755652148333,1.1256005617467142
599,1.0635456287778269,,1.0635456287778269,1.0710535755068045
600,1.5960942657638593,,1.5960942657638593,1.1589404153898537
601,1.4416776360894006,,1.4416776360894006,1.123850338491296
602,2.7994031388712743,,2.7994031388712743,1.0729387439231437
603,2.736722027972028,,2.736722027972028,1.149235400541401
604,2.6920705128205125,,2.6920705128205125,1.1162288192576653
605,2.8458991228070176,,2.8458991228070176,0.9614432076903618
606,3.0428409090909088,,3.0428409090909088,0.9845368684247772
607,3.0190313852813846,,3.0190313852813846,0.9311685010049172
608,2.9872853535353534,,2.9872853535353534,0.8811156398104266
609,3.030645787139689,,3.030645787139689,1.006103292720764
610,2.706133766745469,,2.706133766745469,0.9667907685653953
611,2.6213192338791194,,2.6213192338791194,0.9175293217746048
612,2.5436514778325114,,2.5436514778325114,1.0761134755032633
613,2.779070102432778,,2.779070102432778,1.0254943061343862
614,2.4924562937062937,,2.4924562937062937,0.9732987574781408
615,2.328382781012091,,2.328382781012091,1.1032928030250564
616,2.1933712121212117,,2.1933712121212117,1.0599382919616087
617,2.698507575757576,,2.698507575757576,1.0118337403819215
618,2.735147306397306,,2.735147306397306,1.0558323568281494
619,2.6520370169344334,,2.6520370169344334,1.0069382553021209
620,2.5828177966101693,,2.5828177966101693,0.9552285304172096
621,2.7896409269570914,,2.7896409269570914,1.0835005757180416
622,1.8181263406263408,,1.8181263406263408,1.0476147998925598
623,1.6899956946039034,,1.6899956946039034,0.9970749431216342
624,2.845170262664165,,2.845170262664165,3.1318307692307688
625,2.3839119433198377,,2.3839119433198377,3.110973888496824
626,2.2228255297334245,,2.2228255297334245,3.0932985658409384
627,2.0608136320865675,,2.0608136320865675,3.2455824175824177
628,3.0428409090909088,,3.0428409090909088,1.877778750336655
629,3.0428409090909088,,3.0428409090909088,1.7864641651031892
630,3.030645787139689,,3.030645787139689,1.6385684430512015
631,3.055661421911421,,3.055661421911421,1.8009165302782322
632,2.4493618088419686,,2.4493618088419686,1.6999943319838056
633,2.350510144927536,,2.350510144927536,1.5519991789819376
634,2.0577409081484554,,2.0577409081484554,1.8009165302782322
635,2.455074156196108,,2.455074156196108,1.6999943319838056
636,2.3597375421878097,,2.3597375421878097,1.5519991789819376
637,2.085301690331305,,2.085301690331305,1.8056789737171464
638,2.460962268084219,,2.460962268084219,1.7039510989010989
639,2.3597375421878097,,2.3597375421878097,1.5444799777530591
640,2.0705033181522445,,2.0705033181522445,1.789915824915825
641,2.4573725477200425,,2.4573725477200425,1.6755649769585257
642,2.360981391454316,,2.360981391454316,1.3460664428511817
643,2.0703468409586057,,2.0703468409586057,2.017266286243953
644,2.4966630753543937,,2.4966630753543937,1.933065640714117
645,2.405257763975156,,2.405257763975156,1.8014374290201762
646,2.1179116625310166,,2.1179116625310166,1.938090879372344
647,1.5051923436041084,,1.5051923436041084,1.84838046522957
648,1.405069168025018,,1.405069168025018,1.7165148420963507
649,1.1373563863928111,,1.1373563863928111,1.9404040661855304
650,1.5667796451914098,,1.5667796451914098,1.84838046522957
651,1.4528410513141428,,1.4528410513141428,1.7165148420963507
652,1.2181000674828883,,1.2181000674828883,1.9335114754454819
653,1.5616346390736635,,1.5616346390736635,1.8447266361956625
654,1.4006725611553197,,1.4006725611553197,1.72132688172043
655,1.1879496700681942,,1.1879496700681942,1.920152667021088
656,1.6232219406609647,,1.6232219406609647,1.8386281661600807
657,1.445360195360195,,1.445360195360195,1.509708707569049
658,1.2535613010842368,,1.2535613010842368,1.4924931893306368
659,1.434925361860062,,1.434925361860062,1.3642527050257862
660,1.284120319408944,,1.284120319408944,1.2541880718954246
661,1.1676166472519327,,1.1676166472519327,1.5695047879738144
662,1.492180375180375,,1.492180375180375,1.4781576444479667
663,1.3418493701420529,,1.3418493701420529,1.3692423600644883
664,1.226935303374716,,1.226935303374716,1.6751537014243685
665,1.3424230769230767,,1.3424230769230767,1.555647638365691
666,1.2529352869352872,,1.2529352869352872,1.4413929487179489
667,1.109457785579783,,1.109457785579783,1.7659021421728092
668,2.0976618571068157,,2.0976618571068157,1.6653976248976252
669,1.893035780349876,,1.893035780349876,1.564598509254998
670,1.7257089909134382,,1.7257089909134382,1.623769423558897
671,1.9641192141192136,,1.9641192141192136,1.5108961042818247
672,1.8139285714285716,,1.8139285714285716,1.4014345070987406
673,1.65679110815701,,1.65679110815701,1.7180783038677774
674,2.166233285678244,,2.166233285678244,1.6377487633925487
675,1.9941705703558017,,1.9941705703558017,1.5340666442840356
676,1.80190212150434,,1.80190212150434,2.506477609611484
677,1.3157639135058488,,1.3157639135058488,2.4907989889218287
678,1.1777940099116568,,1.1777940099116568,2.477226451608396
679,1.0498430371614726,,1.0498430371614726,2.564304900514067
680,1.2823467484008528,,1.2823467484008528,1.5914768762217129
681,1.146276926493449,,1.146276926493449,1.5383624174307404
682,1.0422775581906016,,1.0422775581906016,1.4413511885496455
683,1.1677942506459948,,1.1677942506459948,1.5360821393796076
684,1.00035855914651,,1.00035855914651,1.4749150076976163
685,0.8881664280016682,,0.8881664280016682,1.3763538971086924
686,1.1713837535014004,,1.1713837535014004,1.5360821393796076
687,1.0498430371614726,,1.0498430371614726,1.4749150076976163
688,1.9356294729993493,,1.9356294729993493,1.3763538971086924
689,1.8985322311753263,,1.8985322311753263,1.5396499359897773
690,1.8681264074908144,,1.8681264074908144,1.4779510653899242
691,1.9632223230490016,,1.9632223230490016,1.3742697976925844
692,2.062848258706468,,2.062848258706468,1.5478603373370816
693,2.0520955705344246,,2.0520955705344246,1.477564632268419
694,2.037207233065442,,2.037207233065442,1.189280397022333
695,2.0573837778321504,,2.0573837778321504,1.7019306617015597
696,1.8938920780711823,,1.8938920780711823,1.6559683117496724
697,1.8446901408450704,,1.8446901408450704,1.5769627329192546
698,1.7973845134418782,,1.7973845134418782,1.6447962554379665
699,1.9337234042553193,,1.9337234042553193,1.5936412240790732
700,1.789792703150912,,1.789792703150912,1.5130346609911824
701,1.695925181783391,,1.695925181783391,1.6465359248594542
702,1.6140730649080182,,1.6140730649080182,1.5936412240790732
703,1.8993468581462436,,1.8993468581462436,1.5130346609911824
704,1.9078846153846156,,1.9078846153846156,1.6450591329742483
705,1.85976779326508,,1.85976779326508,1.5937621327600806
706,1.8173632218844984,,1.8173632218844984,1.5168198757763975
707,1.9386837217156363,,1.9386837217156363,1.655068423368697
708,1.3931904752313016,,1.3931904752313016,1.6068806091606604
709,1.3064607843137257,,1.3064607843137257,1.3253754889178615
710,1.9674143070044707,,1.9674143070044707,1.273501963153126
711,1.7299265961078862,,1.7299265961078862,1.189736464359251
712,1.634895153774464,,1.634895153774464,1.116096944850815
713,1.5348466872110935,,1.5348466872110935,1.3392310537867764
714,2.062848258706468,,2.062848258706468,1.28589696789977
715,2.062848258706468,,2.062848258706468,1.2145485886662355
716,2.0573837778321504,,2.0573837778321504,1.4694320923520925
717,2.0684979762205917,,2.0684979762205917,1.3923530465949818
718,1.7782837863890495,,1.7782837863890495,1.3124369224651256
719,1.7253289702977963,,1.7253289702977963,1.5454773885193398
720,1.5644151864717837,,1.5644151864717837,1.4825193657950984
721,1.7814373444414835,,1.7814373444414835,1.4175573555364496
722,1.7306988682569802,,1.7306988682569802,1.432655518394649
723,1.5801901408450705,,1.5801901408450705,1.3562818033030801
724,1.7846625742678373,,1.7846625742678373,1.280966765084412
725,1.7306988682569802,,1.7306988682569802,1.5131014356799088
726,1.5724726027397258,,1.5724726027397258,1.4638206059638337
727,1.7832999426465852,,1.7832999426465852,1.3948869383959863
728,1.7320346979172438,,1.7320346979172438,2.213591058614788
729,1.5730227955227951,,1.5730227955227951,2.2029885028830463
730,1.8039833739277769,,1.8039833739277769,2.1935787346711257
731,1.7563609513780367,,1.7563609513780367,2.2507085500312045
732,1.6013342245989304,,1.6013342245989304,1.4101555325987143
733,1.2139956014534323,,1.2139956014534323,1.3731502368599142
734,1.1484674604674605,,1.1484674604674605,1.3041764181764184
735,0.9583865648449159,,0.9583865648449159,1.374408900650339
736,1.2483995423401322,,1.2483995423401322,1.3313636363636363
737,1.1701098183425769,,1.1701098183425769,1.2602258687258687
738,1.00555048106199,,1.00555048106199,1.374408900650339
739,1.2522724252491693,,1.2522724252491693,1.3313636363636363
740,1.146228424653973,,1.146228424653973,1.2602258687258687
741,0.9967856636540846,,0.9967856636540846,1.376811868686869
742,1.2866763661358689,,1.2866763661358689,1.3334665334665334
743,1.165909906888661,,1.165909906888661,1.2589045684873206
744,1.031548821548821,,1.031548821548821,1.3823619375907108
745,1.1724373818952132,,1.1724373818952132,1.3322466772993091
746,1.0685806960465345,,1.0685806960465345,1.069230976521299
747,0.9848830659536544,,0.9848830659536544,1.474685441492443
748,1.2106755816503667,,1.2106755816503667,1.4426315688757565
749,1.1070657080864017,,1.1070657080864017,1.3874425272946234
750,1.0244791290749429,,1.0244791290749429,1.4377618456078085
751,1.1086244043816007,,1.1086244043816007,1.401443288620979
752,1.0464956399437413,,1.0464956399437413,1.344085555435009
753,0.9418099268307936,,0.9418099268307936,1.4389388095440676
754,1.558978759335902,,1.558978759335902,1.401443288620979
755,1.4360649338805291,,1.4360649338805291,1.344085555435009
756,1.3295038394752072,,1.3295038394752072,1.4380705768327957
757,1.4832476148354083,,1.4832476148354083,1.401652245837379
758,1.3925942857142857,,1.3925942857142857,1.3467867745125024
759,1.290097994319271,,1.290097994319271,1.4448304158515808
760,1.6089787593359017,,1.6089787593359017,1.4106835342832784
761,1.508651212686567,,1.508651212686567,1.1527536604895905
762,1.3861497536945813,,1.3861497536945813,1.131623457806738
763,1.0836098541980896,,1.0836098541980896,1.071333139915892
764,0.9839531971350908,,0.9839531971350908,1.0170875317143893
765,0.8881974740027193,,0.8881974740027193,1.1720388594971676
766,1.0586139419674452,,1.0586139419674452,1.1336584841280286
767,0.9604021668938796,,0.9604021668938796,1.081088196571955
768,0.8825971673254281,,0.8825971673254281,1.3290794206183374
769,0.984052663004538,,0.984052663004538,1.2741917072351856
770,0.8613222637461799,,0.8613222637461799,1.2145937157366264
771,0.7747543976982053,,0.7747543976982053,1.3775255915395364
772,0.9798715644820296,,0.9798715644820296,1.3314686642876599
773,0.8881974740027193,,0.8881974740027193,1.2826053560492294
774,9.590239316239316,,9.590239316239316,1.302930402930403
775,9.37342857142857,,9.37342857142857,1.2471549209273758
776,9.290153846153846,,9.290153846153846,1.1911063071602082
777,9.709903398926654,,9.709903398926654,1.3534504803372729
778,10.601333333333333,,10.601333333333333,1.317546793206041
779,10.444470588235292,,10.444470588235292,1.2650005381226248
780,10.267999999999999,,10.267999999999999,3.09291113381001
781,10.517999999999999,,10.517999999999999,3.0668460111317257
782,8.97886013986014,,8.97886013986014,3.0451656754460488
783,8.724701357466062,,8.724701357466062,3.2101614219114216
784,8.519506117908787,,8.519506117908787,1.8973982642237224
785,9.23806015037594,,9.23806015037594,1.8106846501657472
786,6.5287407407407425,,6.5287407407407425,1.6580787400613484
787,5.959060606060606,,5.959060606060606,1.7975405792142347
788,5.5798048780487814,,5.5798048780487814,1.7001527207250249
789,7.527565217391304,,7.527565217391304,1.5496789659224441
790,9.1224008097166,,9.1224008097166,1.7975405792142347
791,8.859177865612649,,8.859177865612649,1.7001527207250249
792,8.667820224719101,,8.667820224719101,1.5496789659224441
793,9.296539682539684,,9.296539682539684,1.8035100935708457
794,4.01787134502924,,4.01787134502924,1.705009012179413
795,3.4507368421052638,,3.4507368421052638,1.5464542394848217
796,9.535666666666666,,9.535666666666666,1.8202284186401836
797,6.157971742543171,,6.157971742543171,1.709349532367504
798,5.635597131681878,,5.635597131681878,1.3729813279406808
799,5.152321428571428,,5.152321428571428,2.1238948306595358
800,10.601333333333333,,10.601333333333333,2.04861655011655
801,10.601333333333333,,10.601333333333333,1.9177033806381631
802,10.517999999999999,,10.517999999999999,2.021147646679561
803,10.696571428571428,,10.696571428571428,1.940667832167832
804,6.087368421052632,,6.087368421052632,1.8116158474816644
805,5.7136956521739135,,5.7136956521739135,2.0240371456500488
806,4.477419354838709,,4.477419354838709,1.940667832167832
807,6.105334281650071,,6.105334281650071,1.8116158474816644
808,5.738656126482214,,5.738656126482214,2.0215249789412297
809,4.560462296324365,,4.560462296324365,1.9407682709447411
810,6.124298245614035,,6.124298245614035,1.8173970498008587
811,5.738656126482214,,5.738656126482214,2.0412605042016807
812,4.505517241379311,,4.505517241379311,1.9646985287587695
813,6.096726817042605,,6.096726817042605,1.6337275136390403
814,5.7297619047619035,,5.7297619047619035,1.4963101604278075
815,4.4964408866995065,,4.4964408866995065,1.3680691463171202
816,6.244362348178138,,6.244362348178138,1.2599952823920266
817,5.875716845878136,,5.875716845878136,1.6178808583324435
818,4.621168831168832,,4.621168831168832,1.5366484566619478
819,2.5211372180451135,,2.5211372180451135,1.4298343300110739
820,2.299064997018485,,2.299064997018485,1.6900783343640486
821,1.6731965207135484,,1.6731965207135484,1.571591327913279
822,2.739387218045113,,2.739387218045113,1.4550173547679943
823,2.510277118230607,,2.510277118230607,1.8269121901634215
824,1.9216890323059237,,1.9216890323059237,1.7316938581823111
825,3.1081586516336857,,3.1081586516336857,1.6380706146926536
826,2.284963608882688,,2.284963608882688,1.6327498308221349
827,1.8832103174603168,,1.8832103174603168,1.5183096692210942
828,3.326408651633686,,3.326408651633686,1.4097840834068698
829,2.489496724277781,,2.489496724277781,1.7778922990617
830,2.1103012265512264,,2.1103012265512264,1.7041334240103665
831,2.347609267734554,,2.347609267734554,1.6063762389202452
832,2.047894736842105,,2.047894736842105,1.4314501662971175
833,1.8384386212378183,,1.8384386212378183,1.4219180908254194
834,2.9410626249167224,,2.9410626249167224,1.4134073091542605
835,2.6430249915569064,,2.6430249915569064,1.4565089449885549
836,2.4365994303126657,,2.4365994303126657,1.1059399302821205
837,2.16543956043956,,2.16543956043956,1.0782452501202502
838,1.9924882667207684,,1.9924882667207684,1.0269790104947525
839,1.7410398092473565,,1.7410398092473565,1.0741519508197226
840,4.439178155178157,,4.439178155178157,1.040906004000516
841,3.7126171654432527,,3.7126171654432527,0.98745825950661
842,3.2519541734860886,,3.2519541734860886,1.0741519508197226
843,3.940166390411832,,3.940166390411832,1.040906004000516
844,3.4600273972602738,,3.4600273972602738,0.98745825950661
845,3.053475397132894,,3.053475397132894,1.0763101873200642
846,4.739178155178156,,4.739178155178156,1.0428075396825396
847,4.116459330143541,,4.116459330143541,0.9861856783472668
848,3.4856129032258067,,3.4856129032258067,1.0808128795912464
849,2.6205434543454347,,2.6205434543454347,1.0428881288203322
850,2.3715681679853926,,2.3715681679853926,0.8950565073423553
851,2.1586862926547137,,2.1586862926547137,1.1421544816351146
852,2.563697191697192,,2.563697191697192,1.1168975180623604
853,2.318500317124736,,2.318500317124736,1.0742984159664883
854,2.1460865469054684,,2.1460865469054684,1.1093082700822263
855,1.844852057932788,,1.844852057932788,1.0800636151231946
856,1.4288365562280982,,1.4288365562280982,1.0352836616682322
857,1.2554993209038154,,1.2554993209038154,1.1103665021727165
858,2.3578460410557183,,2.3578460410557183,1.0800636151231946
859,2.1586862926547137,,2.1586862926547137,1.0352836616682322
