McD_snack_0,McD_snack_1,McD_snack_2,McD_snack_3
2.4214306921149023,2.4086096757412863,2.4214306921149023,2.4086096757412863
2.3628108952802944,2.3706310589688178,2.3628108952802944,2.3706310589688178
2.3117855008978396,2.34016469606343,2.3117855008978396,2.34016469606343
2.477677655677655,2.4829331778889903,2.477677655677655,2.4829331778889903
2.770142124040858,1.6669575960837801,2.770142124040858,1.6669575960837801
2.768559845559845,1.60956837944664,2.768559845559845,1.60956837944664
2.7662592320629127,1.498954682494818,2.7662592320629127,1.498954682494818
2.769346009081858,1.5092403133664973,2.769346009081858,1.5092403133664973
2.423420615420615,1.4406404797601198,2.423420615420615,1.4406404797601198
2.3598670047900816,1.3400078369905957,2.3598670047900816,1.3400078369905957
2.3075427908588297,1.5092403133664973,2.3075427908588297,1.5092403133664973
2.4790014329805996,1.4406404797601198,2.4790014329805996,1.4406404797601198
2.7145997615262316,1.3400078369905957,2.7145997615262316,1.3400078369905957
2.691397889868478,1.5179883653145492,2.691397889868478,1.5179883653145492
2.6693983548766154,1.4474721227621483,2.6693983548766154,1.4474721227621483
2.739184630413546,1.344194809811589,2.739184630413546,1.344194809811589
2.425665284331951,1.5910817641152981,2.425665284331951,1.5910817641152981
2.3596516816516813,1.519389287001658,2.3596516816516813,1.519389287001658
2.307472329472329,1.2200802222100395,2.307472329472329,1.2200802222100395
2.479768245341615,1.8036287813310286,2.479768245341615,1.8036287813310286
2.395851597494849,1.7491302768269978,2.395851597494849,1.7491302768269978
1.745246139225469,1.6610698924731182,1.745246139225469,1.6610698924731182
2.5221605477584657,1.6417057044079517,2.5221605477584657,1.6417057044079517
2.398229776092452,1.585104302801024,2.398229776092452,1.585104302801024
2.3351158035863913,1.5062505376344084,2.3351158035863913,1.5062505376344084
2.2530355938553766,1.6459114986137457,2.2530355938553766,1.6459114986137457
2.770142124040858,1.585104302801024,2.770142124040858,1.585104302801024
2.770142124040858,1.5062505376344084,2.770142124040858,1.5062505376344084
2.769346009081858,1.6496002646280505,2.769346009081858,1.6496002646280505
2.7709483805916926,1.5911858131757017,2.7709483805916926,1.5911858131757017
2.3901609249646056,1.514062908768429,2.3901609249646056,1.514062908768429
2.304497970491592,1.7271252423761676,2.304497970491592,1.7271252423761676
2.186423350041771,1.6699508228090316,2.186423350041771,1.6699508228090316
2.397296518184945,1.3843230866540164,2.397296518184945,1.3843230866540164
2.3157546549835706,1.242593965799142,2.3157546549835706,1.242593965799142
2.202843195266272,1.1575281431449223,2.202843195266272,1.1575281431449223
2.404678166343916,1.0856573349523297,2.404678166343916,1.0856573349523297
2.3157546549835706,1.3246424065475828,2.3157546549835706,1.3246424065475828
2.2014590643274854,1.2714330825671032,2.2014590643274854,1.2714330825671032
2.4115706527105756,1.2023784655705159,2.4115706527105756,1.2023784655705159
2.326993433587371,1.4546580922286956,2.326993433587371,1.4546580922286956
2.2088752236135956,1.376024103332949,2.2088752236135956,1.376024103332949
2.513935168510419,1.296355813684697,2.513935168510419,1.296355813684697
2.4429981873627193,1.5454065329771363,2.4429981873627193,1.5454065329771363
2.3373123447590656,1.4805509321638355,2.3373123447590656,1.4805509321638355
1.4954622725340956,1.4211044019914987,1.4954622725340956,1.4211044019914987
1.4326853739029102,1.4111686371100163,1.4326853739029102,1.4111686371100163
1.1102452732675825,1.3319256089532587,1.1102452732675825,1.3319256089532587
1.562616118687942,1.258648797337781,1.562616118687942,1.258648797337781
1.5063717093066369,1.509875319616699,1.5063717093066369,1.509875319616699
1.1974603174603173,1.4587782680639823,1.1974603174603173,1.4587782680639823
2.106614533292794,1.3946836029854899,2.106614533292794,1.3946836029854899
1.4444141718886003,2.7581311666792194,1.4444141718886003,2.7581311666792194
1.3258097062815104,2.712203893951947,1.3258097062815104,2.712203893951947
2.17376837944664,2.6761181796662328,2.17376837944664,2.6761181796662328
1.5144774436090225,2.8387518663680478,1.5144774436090225,2.8387518663680478
1.4083058660357346,1.8351856610128714,1.4083058660357346,1.8351856610128714
1.383079361327655,1.7619642857142856,1.383079361327655,1.7619642857142856
1.3065342336572676,1.6143466927337893,1.3065342336572676,1.6143466927337893
1.2409551141284607,1.6347094705366807,1.2409551141284607,1.6347094705366807
1.9803441466297145,1.5514642857142857,1.9803441466297145,1.5514642857142857
1.9042560158890318,1.4211341323473161,1.9042560158890318,1.4211341323473161
1.8403890241066585,1.6347094705366807,1.8403890241066585,1.6347094705366807
1.3232600625047577,1.5514642857142857,1.3232600625047577,1.5514642857142857
1.2726344699747298,1.4211341323473161,1.2726344699747298,1.4211341323473161
1.200007461901872,1.6453229159148322,1.200007461901872,1.6453229159148322
1.4140299180661438,1.5595604395604394,1.4140299180661438,1.5595604395604394
1.2864422663917705,1.4259587685481125,1.2864422663917705,1.4259587685481125
1.1898518159559273,1.7365777777777776,1.1898518159559273,1.7365777777777776
1.4037389079222826,1.6502570485440415,1.4037389079222826,1.6502570485440415
1.3386923558897244,1.3163304554161865,1.3386923558897244,1.3163304554161865
1.2223334794402727,2.213059354226021,1.2223334794402727,2.213059354226021
1.7140299180661436,2.14919925455212,1.7140299180661436,2.14919925455212
1.6497760467823492,2.020739973262032,1.6497760467823492,2.020739973262032
1.3924497929606625,2.007500668780012,1.3924497929606625,2.007500668780012
1.9145488323819406,1.9455409023223396,1.9145488323819406,1.9455409023223396
1.8326595569734743,1.8330801492151114,1.8326595569734743,1.8330801492151114
1.7592972060069674,2.012583163749831,1.7592972060069674,2.012583163749831
1.8937917827717814,1.9455409023223396,1.8937917827717814,1.9455409023223396
1.8145805835077358,1.8330801492151114,1.8145805835077358,1.8330801492151114
1.7512214797913948,2.017055573794037,1.7512214797913948,2.017055573794037
1.2838941319393762,1.9527230259192283,1.2838941319393762,1.9527230259192283
1.0061630750902273,1.8421339126559715,1.0061630750902273,1.8421339126559715
0.939456721829935,2.1136940673705378,0.939456721829935,2.1136940673705378
1.8316288416570448,2.048564935064935,1.8316288416570448,2.048564935064935
1.7592972060069674,1.7256844493116392,1.7592972060069674,1.7256844493116392
2.7626940993788818,1.3444789145094822,2.7626940993788818,1.3444789145094822
2.692770442219441,1.2375716717739191,2.692770442219441,1.2375716717739191
2.6338958584236583,1.1499550375469336,2.6338958584236583,1.1499550375469336
2.832124384236453,1.5368141841216398,2.832124384236453,1.5368141841216398
3.2365950704225357,1.4791131737502035,3.2365950704225357,1.4791131737502035
3.234638888888889,1.3948075153518242,3.234638888888889,1.3948075153518242
3.2318044217687074,1.558827548978547,3.2318044217687074,1.558827548978547
3.23561013986014,1.4568461487361744,3.23561013986014,1.4568461487361744
2.764993113292597,1.3621427835051547,2.764993113292597,1.3621427835051547
2.6888063036459564,1.7585987160266021,2.6888063036459564,1.7585987160266021
2.627979337304542,1.6896979966444072,2.627979337304542,1.6896979966444072
2.833894196106705,1.6277739293427327,2.833894196106705,1.6277739293427327
3.18937012987013,1.499862554112554,3.18937012987013,1.499862554112554
3.169236842105263,1.4027780697563306,3.169236842105263,1.4027780697563306
3.149547619047619,1.3133224958120937,3.149547619047619,1.3133224958120937
3.2098921568627454,1.7219018915866742,3.2098921568627454,1.7219018915866742
2.7677512267429973,1.6663650262780696,2.7677512267429973,1.6663650262780696
2.6886924736337487,1.600155245375742,2.6886924736337487,1.600155245375742
2.6282135627530367,2.431992277992278,2.6282135627530367,2.431992277992278
2.834838929219601,2.390881970578173,2.834838929219601,2.390881970578173
2.694426406926407,2.3581805896805896,2.694426406926407,2.3581805896805896
2.132664252626822,2.511009925281588,2.132664252626822,2.511009925281588
2.888904257507199,1.7033099210870355,2.888904257507199,1.7033099210870355
2.7550446428571425,1.642311759504863,2.7550446428571425,1.642311759504863
2.6864453363137573,1.5260970064418342,2.6864453363137573,1.5260970064418342
2.5962387084733107,1.5291510683567542,2.5962387084733107,1.5291510683567542
3.2365950704225357,1.4572568144499178,3.2365950704225357,1.4572568144499178
3.2365950704225357,1.3537047650625236,3.2365950704225357,1.3537047650625236
3.23561013986014,1.5291510683567542,3.23561013986014,1.5291510683567542
3.237593971631205,1.4572568144499178,3.237593971631205,1.4572568144499178
2.585317018883025,1.3537047650625236,2.585317018883025,1.3537047650625236
2.4424905175184826,1.538633050338736,2.4424905175184826,1.538633050338736
2.2894371472929342,1.464591309223437,2.2894371472929342,1.464591309223437
2.5944824760673497,1.3581087116016461,2.5944824760673497,1.3581087116016461
2.456527750083084,1.6186101267548043,2.456527750083084,1.6186101267548043
2.3090992926851106,1.5432172638955248,2.3090992926851106,1.5432172638955248
2.604007362945178,1.2395570865648924,2.604007362945178,1.2395570865648924
2.456527750083084,1.8400578231292517,2.456527750083084,1.8400578231292517
2.3074125965012606,1.7809799407703213,2.3074125965012606,1.7809799407703213
2.6129939586645468,1.687509574078191,2.6129939586645468,1.687509574078191
2.4706670493920813,1.6613476190476189,2.4706670493920813,1.6613476190476189
2.3163327172689225,1.601552637773651,2.3163327172689225,1.601552637773651
2.7510700854700856,1.5197863519918724,2.7510700854700856,1.5197863519918724
2.6230696734389958,1.6658989703989704,2.6230696734389958,1.6658989703989704
2.478363420218387,1.601552637773651,2.478363420218387,1.601552637773651
1.6008025585731294,1.5197863519918724,1.6008025585731294,1.5197863519918724
1.5193399159663863,1.669870592526546,1.5193399159663863,1.669870592526546
1.1777956521739132,1.6080491089024533,1.1777956521739132,1.6080491089024533
1.7421790767917529,1.528097385113171,1.7421790767917529,1.528097385113171
1.6818585972850681,1.7546536050156738,1.6818585972850681,1.7546536050156738
1.3485089477891887,1.6933468406593406,1.3485089477891887,1.6933468406593406
2.214333996756597,1.4034099878062298,2.214333996756597,1.4034099878062298
1.5332538069311208,1.259319866880108,1.5332538069311208,1.259319866880108
1.3936578947368419,1.1714420449349794,1.3936578947368419,1.1714420449349794
2.355710514975221,1.0972696702976075,2.355710514975221,1.0972696702976075
1.6914560152491187,1.3413683076285485,1.6914560152491187,1.3413683076285485
1.5608721804511279,1.2853469843571603,1.5608721804511279,1.2853469843571603
1.437909533639511,1.2138704361081725,1.437909533639511,1.2138704361081725
1.3487154334038054,1.4722041004003028,1.3487154334038054,1.4722041004003028
1.2742131044833662,1.3905422685554825,1.2742131044833662,1.3905422685554825
2.032447602762126,1.308475,2.032447602762126,1.308475
1.9445641245173675,1.5629525411487435,1.9445641245173675,1.5629525411487435
1.872454788657036,1.494977573317999,1.872454788657036,1.494977573317999
1.36330430131824,1.4330807012697782,1.36330430131824,1.4330807012697782
1.3050158709341895,1.4272615384615384,1.3050158709341895,1.4272615384615384
1.2259193879406645,1.3453284016492844,1.2259193879406645,1.3453284016492844
1.7255910174880764,1.2697574784051469,1.7255910174880764,1.2697574784051469
1.5693020594965676,1.5259682209682208,1.5693020594965676,1.5259682209682208
1.4701287401810876,1.472181060760008,1.4701287401810876,1.472181060760008
1.7208280058434855,1.405675202655401,1.7208280058434855,1.405675202655401
1.6262910685805423,2.787026355996944,1.6262910685805423,2.787026355996944
1.506327838827839,2.7369073083778965,1.506327838827839,2.7369073083778965
2.0255910174880762,2.697925826896415,2.0255910174880762,2.697925826896415
1.9332141142738102,2.8741995335029684,1.9332141142738102,2.8741995335029684
1.6731345029239766,1.8833004668534081,1.6731345029239766,1.8833004668534081
1.9804145020512998,1.8045822784810128,1.9804145020512998,1.8045822784810128
1.8823932853717025,1.6487085966775503,1.8823932853717025,1.6487085966775503
1.798528923006153,1.6588868207979708,1.798528923006153,1.6588868207979708
1.9557076411960133,1.5713008931996275,1.9557076411960133,1.5713008931996275
1.861551016188113,1.4372347037495925,1.861551016188113,1.4372347037495925
1.7881593137254903,1.6588868207979708,1.7881593137254903,1.6588868207979708
1.344071880730488,1.5713008931996275,1.344071880730488,1.5713008931996275
1.0516609062980031,1.4372347037495925,1.0516609062980031,1.4372347037495925
0.9771966834649346,1.670487280040221,0.9771966834649346,1.670487280040221
1.8811722841507013,1.5800489451476794,1.8811722841507013,1.5800489451476794
1.798528923006153,1.442324997953474,1.798528923006153,1.442324997953474
2.4438708414872794,1.7714470588235294,2.4438708414872794,1.7714470588235294
2.380731789344951,1.6798809523809524,2.380731789344951,1.6798809523809524
2.326547928262214,1.3399796018814458,2.326547928262214,1.3399796018814458
2.5052627990657155,2.2612767495662234,2.5052627990657155,2.2612767495662234
2.838933454462866,2.190447541243027,2.838933454462866,2.190447541243027
2.837131652661064,2.0540820408330154,2.837131652661064,2.0540820408330154
2.834517273576097,2.0313187663729457,2.834517273576097,2.0313187663729457
2.8380265072471937,1.9651632603065725,2.8380265072471937,1.9651632603065725
2.4456640488089825,1.8489794767304513,2.4456640488089825,1.8489794767304513
2.3769881339653622,2.036863103510786,2.3769881339653622,2.036863103510786
2.3211102491617908,1.9651632603065725,2.3211102491617908,1.9651632603065725
2.5065344508813014,1.8489794767304513,2.5065344508813014,1.8489794767304513
2.782191176470588,2.0417154577448695,2.782191176470588,2.0417154577448695
2.7584819277108434,1.9728792709622156,2.7584819277108434,1.9728792709622156
2.7358837052062204,1.8586576376499917,2.7358837052062204,1.8586576376499917
2.807146304675716,2.14856334841629,2.807146304675716,2.14856334841629
2.4482107381128877,2.077568393876257,2.4482107381128877,2.077568393876257
2.3769348554671135,1.7488058175301238,2.3769348554671135,1.7488058175301238
2.3213283102270443,1.3644534412955465,2.3213283102270443,1.3644534412955465
2.5074058346387083,1.2539379011792804,2.5074058346387083,1.2539379011792804
2.43593365495425,1.1634360657133127,2.43593365495425,1.1634360657133127
1.7737213528921576,1.5567887109077039,1.7737213528921576,1.5567887109077039
2.554358058049333,1.495479403155565,2.554358058049333,1.495479403155565
2.422706889605157,1.408141368743616,2.422706889605157,1.408141368743616
2.3558912787454287,1.5798695730884433,2.3558912787454287,1.5798695730884433
2.269205936920222,1.473965335197463,2.269205936920222,1.473965335197463
2.838933454462866,1.3762335553997196,2.838933454462866,1.3762335553997196
2.838933454462866,1.779640740136498,2.838933454462866,1.779640740136498
2.8380265072471937,1.706703375686771,2.8380265072471937,1.706703375686771
2.8398527410964385,1.6416878311327892,2.8398527410964385,1.6416878311327892
2.4203383874467463,1.519010066238982,2.4203383874467463,1.519010066238982
2.329365967365967,1.4184879832810868,2.329365967365967,1.4184879832810868
2.2048254543363237,1.3261658427593912,2.2048254543363237,1.3261658427593912
2.428251921281333,1.741049403713102,2.428251921281333,1.741049403713102
2.3417029637029634,1.6820749398028259,2.3417029637029634,1.6820749398028259
2.2225881115739607,1.6128557052860164,2.2225881115739607,1.6128557052860164
2.4364532199826314,2.310671807747489,2.4364532199826314,2.310671807747489
2.3417029637029634,2.267253167564143,2.3417029637029634,2.267253167564143
2.22102555053642,2.232922149744753,2.22102555053642,2.232922149744753
2.4441094461094464,2.3898349797234064,2.4441094461094464,2.3898349797234064
2.3540323502330396,1.66374457179116,2.3540323502330396,1.66374457179116
2.2290067901234565,1.6052323886639677,2.2290067901234565,1.6052323886639677
2.5596895624486673,1.4972580001697648,2.5596895624486673,1.4972580001697648
2.4836271088402584,1.477131096613855,2.4836271088402584,1.477131096613855
2.3701261671854157,1.4080811691517723,2.3701261671854157,1.4080811691517723
1.5148779454463663,1.3149099758536555,1.5148779454463663,1.3149099758536555
1.4491643139469226,1.477131096613855,1.4491643139469226,1.477131096613855
1.1223182801917946,1.4080811691517723,1.1223182801917946,1.4080811691517723
1.5820317916002127,1.3149099758536555,1.5820317916002127,1.3149099758536555
1.5228506493506493,1.4871549061376648,1.5228506493506493,1.4871549061376648
1.2094060150375938,1.4157823886639676,1.2094060150375938,1.4157823886639676
2.1268947431878464,1.3197416879795396,2.1268947431878464,1.3197416879795396
1.4616747757073842,1.573427750410509,1.4616747757073842,1.573427750410509
1.3382676002952503,1.5014316939890713,1.3382676002952503,1.5014316939890713
2.194048589341693,1.2065015223480697,2.194048589341693,1.2065015223480697
1.5314629629629628,1.7459424606845513,1.5314629629629628,1.7459424606845513
1.4207637600494745,1.6854475568004978,1.4207637600494745,1.6854475568004978
1.3970456444140655,1.5964575315455267,1.3970456444140655,1.5964575315455267
1.3181923169666465,1.5545230494341868,1.3181923169666465,1.5545230494341868
1.2508105080497445,1.4944907885510295,1.2508105080497445,1.4944907885510295
1.9944620655279657,1.41919437365079,1.9944620655279657,1.41919437365079
1.9160137900466196,1.5593289855072463,1.9160137900466196,1.5593289855072463
1.850374773053034,1.4944907885510295,1.850374773053034,1.4944907885510295
1.3356739220621179,1.41919437365079,1.3356739220621179,1.41919437365079
1.2833472918131232,1.563682755995432,1.2833472918131232,1.563682755995432
1.2090247481718197,1.5014483430799221,1.2090247481718197,1.5014483430799221
1.4323182865521573,1.427864854199989,1.4323182865521573,1.427864854199989
1.3021389517345399,1.6550380952380952,1.3021389517345399,1.6550380952380952
1.203075986530862,1.592762789182144,1.203075986530862,1.592762789182144
1.4225996745541338,1.3083847738938217,1.4225996745541338,1.3083847738938217
1.354897495872317,1.2125604540023893,1.354897495872317,1.2125604540023893
1.2358325211176089,1.132170259408111,1.2358325211176089,1.132170259408111
1.7323182865521574,1.0638071046942015,1.7323182865521574,1.0638071046942015
1.665735818436033,1.2644473237558342,1.665735818436033,1.2644473237558342
1.4058679927667268,1.2086533632879608,1.4058679927667268,1.2086533632879608
1.925659550561798,1.1414345238095238,1.925659550561798,1.1414345238095238
1.8417752803805931,1.4266346998623494,1.8417752803805931,1.4266346998623494
1.7667604513682449,1.351942010148552,1.7667604513682449,1.351942010148552
1.904580394234254,1.2760320887048997,1.904580394234254,1.2760320887048997
1.823344368684794,1.4865523388465636,1.823344368684794,1.4865523388465636
1.7585382840339736,1.4191728161283854,1.7585382840339736,1.4191728161283854
1.2936839497582562,1.3585286822121927,1.2936839497582562,1.3585286822121927
1.0140487686021666,1.386191748630773,1.0140487686021666,1.386191748630773
0.9457726601516075,1.3103669485332499,0.9457726601516075,1.3103669485332499
1.8406313773835674,1.2409395478374836,1.8406313773835674,1.2409395478374836
1.7667604513682449,1.4500517892993243,1.7667604513682449,1.4500517892993243
2.7903234265734262,1.396359856334668,2.7903234265734262,1.396359856334668
2.7144705362129953,1.3312339922912988,2.7144705362129953,1.3312339922912988
2.6516644741717927,2.5058357932473205,2.6516644741717927,2.5058357932473205
2.8668688811188807,2.4525945754487255,2.8668688811188807,2.4525945754487255
3.3408207070707063,2.4114842680346205,3.3408207070707063,2.4114842680346205
3.338559286898839,2.597642572944297,3.338559286898839,2.597642572944297
3.335290957015409,1.824605933587371,3.335290957015409,1.824605933587371
3.3396814954051792,1.7500977418267607,3.3396814954051792,1.7500977418267607
2.792322392086331,1.6105639675224928,2.792322392086331,1.6105639675224928
2.7093601398601397,1.5817213182027552,2.7093601398601397,1.5817213182027552
2.64403665028665,1.4994558813616448,2.64403665028665,1.4994558813616448
2.868586601307189,1.3853985910270672,2.868586601307189,1.3853985910270672
3.291944444444444,1.5817213182027552,3.291944444444444,1.5817213182027552
3.2711257309941515,1.4994558813616448,3.2711257309941515,1.4994558813616448
3.250637834036568,1.3853985910270672,3.250637834036568,1.3853985910270672
3.31297152194211,1.5940583145397516,3.31297152194211,1.5940583145397516
2.7954963235294112,1.5086832786219189,2.7954963235294112,1.5086832786219189
2.709486743938183,1.3910092328080943,2.709486743938183,1.3910092328080943
2.644694080323525,1.7037981873627193,2.644694080323525,1.7037981873627193
2.8696759259259257,1.6171399373573287,2.8696759259259257,1.6171399373573287
2.7485102800425376,1.2955286738351253,2.7485102800425376,1.2955286738351253
2.168888535031847,2.0004434661723822,2.168888535031847,2.0004434661723822
2.9303759398496236,1.9251708525392737,2.9303759398496236,1.9251708525392737
2.7854445145018913,1.810547222222222,2.7854445145018913,1.810547222222222
2.7118576438387407,1.7516707388996546,2.7118576438387407,1.7516707388996546
2.615736973116495,1.683448364500996,2.615736973116495,1.683448364500996
3.3408207070707063,1.5923926767676766,3.3408207070707063,1.5923926767676766
3.3408207070707063,1.7575588507877664,3.3408207070707063,1.7575588507877664
3.3396814954051792,1.683448364500996,3.3396814954051792,1.683448364500996
3.341977311280746,1.5923926767676766,3.341977311280746,1.5923926767676766
2.6238442249892655,1.762909517503455,2.6238442249892655,1.762909517503455
2.4734332077658645,1.691751300239672,2.4734332077658645,1.691751300239672
2.3116353270105803,1.6025236928104576,2.3116353270105803,1.6025236928104576
2.6341544290708985,1.8789142712788034,2.6341544290708985,1.8789142712788034
2.488987394957983,1.8045047175047173,2.488987394957983,1.8045047175047173
2.3330702238937535,1.4993551587301586,2.3330702238937535,1.4993551587301586
2.6448942249892657,1.2995631108562145,2.6448942249892657,1.2995631108562145
2.488987394957983,1.202622136033901,2.488987394957983,1.202622136033901
2.331141118516372,1.121704037800687,2.331141118516372,1.121704037800687
2.655033168271934,1.4023544861475898,2.655033168271934,1.4023544861475898
2.504680572938395,1.339793853205618,2.504680572938395,1.339793853205618
2.3408098307816276,1.2624565280657718,2.3408098307816276,1.2624565280657718
2.814185630056218,1.5164859241881712,2.814185630056218,1.5164859241881712
2.6778862663568543,1.4241171057075313,2.6778862663568543,1.4241171057075313
2.521074809541651,1.3357175185925185,2.521074809541651,1.3357175185925185
1.6243186357734942,1.626713196915444,1.6243186357734942,1.626713196915444
1.5389948051948052,1.5521060062995546,1.5389948051948052,1.5521060062995546
1.191854899869653,1.4864844093104963,1.191854899869653,1.4864844093104963
1.7656951539921177,1.4650905982905982,1.7656951539921177,1.4650905982905982
1.7015134865134864,1.374793564128376,1.7015134865134864,1.374793564128376
1.3624119164907342,1.2923005565862709,1.3624119164907342,1.2923005565862709
2.2390134525700813,1.5870669552669552,2.2390134525700813,1.5870669552669552
1.553921473915326,1.5268311816832352,1.553921473915326,1.5268311816832352
1.4081763285024151,1.4570216450216449,1.4081763285024151,1.4570216450216449
2.380389970788705,3.9661038961038955,2.380389970788705,3.9661038961038955
1.711764109325085,3.9201766233766238,1.711764109325085,3.9201766233766238
1.5753906142167011,3.8840909090909093,1.5753906142167011,3.8840909090909093
1.4544001510411049,4.922989544568492,1.4544001510411049,4.922989544568492
1.362331556478597,2.13504205318491,1.362331556478597,2.13504205318491
1.2856374229691876,1.9753016890516886,1.2856374229691876,1.9753016890516886
2.0491267529416195,1.7302172464684797,2.0491267529416195,1.7302172464684797
1.9583006123997806,1.9345658627087197,1.9583006123997806,1.9345658627087197
1.8840325203252033,1.7648016890516889,1.8840325203252033,1.7648016890516889
1.3778731889623201,1.5370046860820064,1.3778731889623201,1.5370046860820064
1.3175010573218615,1.9345658627087197,1.3175010573218615,1.9345658627087197
1.2363498777437396,1.7648016890516889,1.2363498777437396,1.7648016890516889
1.747685366636773,1.5370046860820064,1.747685366636773,1.5370046860820064
1.5880808763481737,1.9451793080868711,1.5880808763481737,1.9451793080868711
1.4858286933192593,1.7728978428978426,1.4858286933192593,1.7728978428978426
1.7436512186666984,1.5330254901960783,1.7436512186666984,1.5330254901960783
1.645688207677437,1.9904660894660893,1.645688207677437,1.9904660894660893
1.5223234065089484,1.790635593220339,1.5223234065089484,1.790635593220339
2.047685366636773,1.4871440191728162,2.047685366636773,1.4871440191728162
1.9523338554037153,2.342090909090909,1.9523338554037153,2.342090909090909
1.6890831656606307,2.1948167465957225,1.6890831656606307,2.1948167465957225
1.993373424726509,1.9779403289557564,1.993373424726509,1.9779403289557564
1.8929379084967315,2.1365322236449,1.8929379084967315,2.1365322236449
1.8070873830646126,1.9911583943659417,1.8070873830646126,1.9911583943659417
1.9682827974494639,1.7902805049088357,1.9682827974494639,1.7902805049088357
1.8716722455689907,2.141614718614719,1.8716722455689907,2.141614718614719
1.7965520066847556,1.9911583943659417,1.7965520066847556,1.9911583943659417
1.3553559186005386,1.7902805049088357,1.3553559186005386,1.7902805049088357
1.060656333696286,2.1383411309187705,1.060656333696286,2.1383411309187705
0.9843293141246475,1.99206525776146,0.9843293141246475,1.99206525776146
1.891569919440644,1.7993342683496958,1.891569919440644,1.7993342683496958
1.8070873830646126,2.1890115440115436,1.8070873830646126,2.1890115440115436
2.3182314380107805,2.0455286971093423,2.3182314380107805,2.0455286971093423
2.2520442140892745,1.7378278150273032,2.2520442140892745,1.7378278150273032
2.1955882753919562,1.6764351471313497,2.1955882753919562,1.6764351471313497
2.3834567901234567,1.4739666666666664,2.3834567901234567,1.4739666666666664
2.7503262195121954,1.3157744719509423,2.7503262195121954,1.3157744719509423
2.7488569277108437,1.7798074644691844,2.7488569277108437,1.7798074644691844
2.7467181952662725,1.642545977011494,2.7467181952662725,1.642545977011494
2.7495871212121212,1.4782498308221352,2.7495871212121212,1.4782498308221352
2.322046020849225,1.7696787878787876,2.322046020849225,1.7696787878787876
2.2504621848739497,1.5885478991596638,2.2504621848739497,1.5885478991596638
2.1929957264957265,1.410982142857143,2.1929957264957265,1.410982142857143
2.386183212267958,1.9065126436781608,2.386183212267958,1.9065126436781608
2.7010701871657754,1.7372178876362092,2.7010701871657754,1.7372178876362092
2.68026510989011,1.5865285235841111,2.68026510989011,1.5865285235841111
2.660375,1.682369106699752,2.660375,1.682369106699752
2.722904069767442,1.505102258852259,2.722904069767442,1.505102258852259
2.3241345755693583,1.3516239350601262,2.3241345755693583,1.3516239350601262
2.2496799945600436,1.8125670983632607,2.2496799945600436,1.8125670983632607
2.1922444155280854,1.6909260136415305,2.1922444155280854,1.6909260136415305
2.3868960722622554,1.5367377933252617,2.3868960722622554,1.5367377933252617
2.36666596915446,2.5235,2.36666596915446,2.5235
1.6735928330928327,2.491570224719101,1.6735928330928327,2.491570224719101
2.436815894797027,2.465505102040816,2.436815894797027,2.465505102040816
2.304242886380141,2.8373451607078364,2.304242886380141,2.8373451607078364
2.2368252111760882,1.6303429072178168,2.2368252111760882,1.6303429072178168
2.148848599742351,1.5222958117151666,2.148848599742351,1.5222958117151666
2.7503262195121954,1.3504777006108273,2.7503262195121954,1.3504777006108273
2.7503262195121954,1.5029215997117638,2.7503262195121954,1.5029215997117638
2.7495871212121212,1.3835998611317764,2.7495871212121212,1.3835998611317764
2.751074386503068,1.2173089991679862,2.751074386503068,1.2173089991679862
2.3414169429471627,1.5029215997117638,2.3414169429471627,1.5029215997117638
2.259037006275378,1.3835998611317764,2.259037006275378,1.3835998611317764
2.1404896644273492,1.2173089991679862,2.1404896644273492,1.2173089991679862
2.349921993452213,1.5102560944852828,2.349921993452213,1.5102560944852828
2.272182985978735,1.3894416742677613,2.272182985978735,1.3894416742677613
2.15883419298754,1.2147793522267205,2.15883419298754,1.2147793522267205
2.3587479892593413,1.539926696832579,2.3587479892593413,1.539926696832579
2.272182985978735,1.3992814458432699,2.272182985978735,1.3992814458432699
2.1575428289843113,1.2131468334919986,2.1575428289843113,1.2131468334919986
2.3672173100009233,1.738076069410815,2.3672173100009233,1.738076069410815
2.2855480851920795,1.6386446886446884,2.2855480851920795,1.6386446886446884
2.166135426523897,1.490084499519282,2.166135426523897,1.490084499519282
2.494184295669487,1.6071169467787114,2.494184295669487,1.6071169467787114
2.4270075757575755,1.5035870445344128,2.4270075757575755,1.5035870445344128
2.3187685845219312,1.3600723093526832,2.3187685845219312,1.3600723093526832
1.4676777261410294,1.6106547619047618,1.4676777261410294,1.6106547619047618
1.4060790835181078,1.5035870445344128,1.4060790835181078,1.5035870445344128
1.086401104130973,1.3600723093526832,1.086401104130973,1.3600723093526832
1.5127357906571581,1.6088133447137494,1.5127357906571581,1.6088133447137494
1.4538154471544713,1.5046432062561095,1.4538154471544713,1.5046432062561095
1.1461762509335325,1.3668821583821582,1.1461762509335325,1.3668821583821582
2.080818757974881,1.6421953781512606,2.080818757974881,1.6421953781512606
1.4197506065363208,1.5416216216216216,1.4197506065363208,1.5416216216216216
1.3028472318707682,1.3543341927499613,1.3028472318707682,1.3543341927499613
2.12587682249101,1.3541432486973284,2.12587682249101,1.3541432486973284
1.4633876517695685,1.2071013336508691,1.4633876517695685,1.2071013336508691
1.358598147621684,1.0876803965881752,1.358598147621684,1.0876803965881752
1.357794864801344,1.4121920887461683,1.357794864801344,1.4121920887461683
1.2846999263622976,1.3115628721124077,1.2846999263622976,1.3115628721124077
1.2215986622073578,1.1880270040037482,1.2215986622073578,1.1880270040037482
1.9565803681612504,1.3900107009095772,1.9565803681612504,1.3900107009095772
1.8835091882820243,1.2593039541759055,1.8835091882820243,1.2593039541759055
1.821942768003273,1.1243913043478262,1.821942768003273,1.1243913043478262
1.3020143536574276,1.4729166838155603,1.3020143536574276,1.4729166838155603
1.2524803762941261,1.3481203619909503,1.2524803762941261,1.3481203619909503
1.1831042380256125,1.2319918389483608,1.1831042380256125,1.2319918389483608
1.316657101865136,1.327683329698003,1.316657101865136,1.327683329698003
1.1921453311656183,1.196348867595819,1.1921453311656183,1.196348867595819
1.093732981101402,1.0789014885823396,1.093732981101402,1.0789014885823396
1.3099283442348701,1.4037052129871277,1.3099283442348701,1.4037052129871277
1.247488894650419,1.3129354060573573,1.247488894650419,1.3129354060573573
1.1288042944971077,1.192251814257647,1.1288042944971077,1.192251814257647
1.6166571018651361,1.806790337494221,1.6166571018651361,1.806790337494221
1.555714824696149,1.787083333333333,1.555714824696149,1.787083333333333
1.296458591620116,1.7703079496261314,1.296458591620116,1.7703079496261314
1.8842155251702688,1.960206455102777,1.8842155251702688,1.960206455102777
1.8073896063910813,1.2793259970983548,1.8073896063910813,1.2793259970983548
1.7382460843462941,1.2079699042407661,1.7382460843462941,1.2079699042407661
1.8651419638330236,1.0920776983374967,1.8651419638330236,1.0920776983374967
1.7905529143164114,1.2073519829656902,1.7905529143164114,1.2073519829656902
1.730772954496058,1.1266908695499667,1.730772954496058,1.1266908695499667
1.2556039488966317,1.0103092342434512,1.2556039488966317,1.0103092342434512
0.982603788720227,1.2073519829656902,0.982603788720227,1.2073519829656902
0.918923423113028,1.1266908695499667,0.918923423113028,1.1266908695499667
1.8064189210872565,1.0103092342434512,1.8064189210872565,1.0103092342434512
1.7382460843462941,1.2118486451819783,1.7382460843462941,1.2118486451819783
2.5075186965811964,1.1304456075655742,2.5075186965811964,1.1304456075655742
2.4276233421750666,1.0089602944368796,2.4276233421750666,1.0089602944368796
2.361972352076056,1.2292187812187811,2.361972352076056,1.2292187812187811
2.589434970166102,1.1326348039215686,2.589434970166102,1.1326348039215686
3.1213286090621706,1.0047217554044763,3.1213286090621706,1.0047217554044763
3.119477442827443,1.3267987804878048,3.119477442827443,1.3267987804878048
3.1167926388181355,1.261515047879617,3.1167926388181355,1.261515047879617
3.120396729461015,1.1621549225190033,3.120396729461015,1.1621549225190033
2.512080616779383,1.2526388888888889,2.512080616779383,1.2526388888888889
2.4251769965703085,1.1818619142572282,2.4251769965703085,1.1818619142572282
2.357811468949785,1.0818973974353914,2.357811468949785,1.0818973974353914
2.5930448717948713,1.25482476635514,2.5930448717948713,1.25482476635514
3.0746745861733205,1.1818619142572282,3.0746745861733205,1.1818619142572282
3.054780369309766,1.0818973974353914,3.054780369309766,1.0818973974353914
3.0353713774597493,1.2539654670393663,3.0353713774597493,1.2539654670393663
3.0950212610918495,1.182816760224539,3.0950212610918495,1.182816760224539
2.5146949958643505,1.0864873429229747,2.5146949958643505,1.0864873429229747
2.4244080973837114,1.2736051448551449,2.4244080973837114,1.2736051448551449
2.357298951048951,1.2056783285808292,2.357298951048951,1.2056783285808292
2.5939397263810013,1.0755029929639093,2.5939397263810013,1.0755029929639093
2.594029768936717,1.1089956336766682,2.594029768936717,1.1089956336766682
1.899701372019793,1.0065542793992857,1.899701372019793,1.0065542793992857
2.659127164243624,0.9210583822015487,2.659127164243624,0.9210583822015487
2.5047167898015354,1.1351551065567294,2.5047167898015354,1.1351551065567294
2.4274049952081986,1.0650327482988071,2.4274049952081986,1.0650327482988071
2.327290008841733,0.975350052736435,2.327290008841733,0.975350052736435
3.1213286090621706,1.1354627329192548,3.1213286090621706,1.1354627329192548
3.1213286090621706,1.0462855064372598,3.1213286090621706,1.0462855064372598
3.120396729461015,0.947720187386426,3.120396729461015,0.947720187386426
3.1222733421750664,1.180813382269904,3.1222733421750664,1.180813382269904
2.4983305832266685,1.0917390594001632,2.4983305832266685,1.0917390594001632
2.3790003819709704,1.00567177663349,2.3790003819709704,1.00567177663349
2.2311649514008005,1.0930195141709533,2.2311649514008005,1.0930195141709533
2.509527391737307,0.999922181372549,2.509527391737307,0.999922181372549
2.3957067311773192,0.9150964169316571,2.3957067311773192,0.9150964169316571
2.2534045778125957,1.1302997569806081,2.2534045778125957,1.1302997569806081
2.521211018009277,1.0660585450089126,2.521211018009277,1.0660585450089126
2.3957067311773192,0.9750238962978044,2.3957067311773192,0.9750238962978044
2.251802206302761,6.802627450980391,2.251802206302761,6.802627450980391
2.5325425328025952,6.7283333333333335,2.5325425328025952,6.7283333333333335
2.4128603123631587,6.673420289855072,2.4128603123631587,6.673420289855072
2.262272727272727,9.613999999999999,2.262272727272727,9.613999999999999
2.709959963603276,2.935269841269841,2.709959963603276,2.935269841269841
2.6042183163555714,2.6762594235033257,2.6042183163555714,2.6762594235033257
2.458946379338056,2.288421362472114,2.458946379338056,2.288421362472114
1.5610704679935448,2.552542568542569,1.5610704679935448,2.552542568542569
1.4843886825817858,2.299420262664165,1.4843886825817858,2.299420262664165
1.1469673707379233,1.9687810028317547,1.1469673707379233,1.9687810028317547
1.6419038013268783,2.552542568542569,1.6419038013268783,2.552542568542569
1.5758450928381962,2.299420262664165,1.5758450928381962,2.299420262664165
1.2498237681970885,1.9687810028317547,1.2498237681970885,1.9687810028317547
2.1772314507198227,2.569873614854747,2.1772314507198227,2.569873614854747
1.5007803522952754,2.3117572590011615,1.5007803522952754,2.3117572590011615
1.3644491053442351,1.961522652218782,1.3644491053442351,1.961522652218782
2.2580647840531562,2.650522872476361,2.2580647840531562,2.650522872476361
1.5872954479976953,2.355786233374469,1.5872954479976953,2.355786233374469
1.4640752396455055,1.8462038727019312,1.4640752396455055,1.8462038727019312
1.41370831915594,3.651974025974026,1.41370831915594,3.651974025974026
1.3292935064935063,3.4084796380090494,1.3292935064935063,3.4084796380090494
1.257820066112749,3.0049039070173524,1.257820066112749,3.0049039070173524
2.010994941724504,3.2610454545454544,2.010994941724504,3.2610454545454544
1.9269876456876456,3.048265734265734,1.9269876456876456,3.048265734265734
1.8574837738019556,2.697250060863506,1.8574837738019556,2.697250060863506
1.3462247408951422,3.2692467532467533,1.3462247408951422,3.2692467532467533
1.289425753556788,3.048265734265734,1.289425753556788,3.048265734265734
1.2131322449928588,2.697250060863506,1.2131322449928588,2.697250060863506
1.4894900584795323,3.261878787878788,1.4894900584795323,3.261878787878788
1.3506660852758856,3.048030839587242,1.3506660852758856,3.048030839587242
1.246987436130748,2.7102039070173523,1.246987436130748,2.7102039070173523
1.4865514164198372,3.3513540413075296,1.4865514164198372,3.3513540413075296
1.4092567633170041,3.135035060177917,1.4092567633170041,3.135035060177917
1.2844372294372295,2.5697132677551524,1.2844372294372295,2.5697132677551524
1.7894900584795324,2.0980992336152218,1.7894900584795324,2.0980992336152218
1.7148910123004728,1.808129795075925,1.7148910123004728,1.808129795075925
1.4501621323660157,1.5898179581200895,1.4501621323660157,1.5898179581200895
1.9423944073944075,2.3795096614227083,1.9423944073944075,2.3795096614227083
1.8530781148604798,2.186519887955182,1.8530781148604798,2.186519887955182
1.775111894757903,1.9515809736711376,1.775111894757903,1.9515809736711376
1.9204067641503921,2.2848273694390717,1.9204067641503921,2.2848273694390717
1.8340042335632958,2.0195885868517447,1.8340042335632958,2.0195885868517447
1.7659584344794428,1.7819635926132853,1.7659584344794428,1.7819635926132853
1.309043513957307,2.6057832517920128,1.309043513957307,2.6057832517920128
1.0245165675291403,2.3769740367337713,1.0245165675291403,2.3769740367337713
0.9538872894174097,2.181262125527313,0.9538872894174097,2.181262125527313
1.851909344406997,2.1551119832548404,1.851909344406997,2.1551119832548404
1.775111894757903,1.9083884711779446,1.775111894757903,1.9083884711779446
4.874408634843418,1.6997005270092227,4.874408634843418,1.6997005270092227
4.777008120419884,2.48302299381291,4.777008120419884,2.48302299381291
4.718133536624102,2.3159514963880286,4.718133536624102,2.3159514963880286
4.943838919700989,2.11938117953581,4.943838919700989,2.11938117953581
5.295376623376623,,5.295376623376623,2.543580046955333
5.247757575757576,,5.247757575757576,2.5313653467619095
5.187151515151515,,5.187151515151515,2.5206164105916966
5.2707460815047025,,5.2707460815047025,2.6004883339984084
4.687534405892615,,4.687534405892615,1.5856983456877525
4.556248771309012,,4.556248771309012,1.5279425837320573
4.441283422459892,,4.441283422459892,1.4320036465036465
4.807248803827751,,4.807248803827751,1.543866072237832
3.7760909090909087,,3.7760909090909087,1.4793773349937733
3.4498735177865614,,3.4498735177865614,1.3813770642251655
3.21146127946128,,3.21146127946128,1.543866072237832
4.266646464646465,,4.266646464646465,1.4793773349937733
4.741105834464043,,4.741105834464043,1.3813770642251655
4.611233766233766,,4.611233766233766,1.546638240806752
4.508291313949209,,4.508291313949209,1.481780303030303
4.827410094150332,,4.827410094150332,1.3759192159192157
2.5466965452847807,,2.5466965452847807,1.5326780303030305
2.2575986277873072,,2.2575986277873072,1.4575139066339067
4.924040199151761,,4.924040199151761,1.1717459188511818
3.5980091783216777,,3.5980091783216777,1.652395153774464
3.2836730296730297,,3.2836730296730297,1.5989559696342304
3.005726386673755,,3.005726386673755,1.5141976828243753
5.295376623376623,,5.295376623376623,1.609207148250692
5.295376623376623,,5.295376623376623,1.5511405304150645
5.2707460815047025,,5.2707460815047025,1.4643052767741647
5.321831649831649,,5.321831649831649,1.6105628803245433
3.7981482506132536,,3.7981482506132536,1.5511405304150645
3.6329872495446267,,3.6329872495446267,1.4643052767741647
3.0118568261007286,,3.0118568261007286,1.6060941619585687
3.8073137077975785,,3.8073137077975785,1.5485503748125935
3.647024482109228,,3.647024482109228,1.4673604291689397
3.0548479100807864,,3.0548479100807864,1.593530303030303
3.8168385946754073,,3.8168385946754073,1.5400974465148376
3.647024482109228,,3.647024482109228,1.2542622752498906
3.029832275309054,,3.029832275309054,1.275370191909393
3.8089191650853884,,3.8089191650853884,1.1902598752598752
3.6470317686107157,,3.6470317686107157,1.113952380952381
3.0279651240778,,3.0279651240778,1.3143598410914614
3.8759966914805615,,3.8759966914805615,1.252585219472012
3.719307359307359,,3.719307359307359,1.1771182492720955
3.0996084905660375,,3.0996084905660375,1.4629962142118642
1.9344769651778766,,1.9344769651778766,1.3833820655092177
1.7899383116883114,,1.7899383116883114,1.3036481481481481
1.3801198412698412,,1.3801198412698412,1.5114423851330627
2.033681510632422,,2.033681510632422,1.4429863392152371
1.8716428571428572,,1.8716428571428572,1.3708141888850303
1.5044162367917464,,1.5044162367917464,1.4299581430745814
2.1283864131511185,,2.1283864131511185,1.3534558223093254
1.7827472089314191,,1.7827472089314191,1.2762075971784301
1.492608187134503,,1.492608187134503,1.4792141179173488
2.2275909586056644,,2.2275909586056644,1.4238476945879903
1.8601352813852814,,1.8601352813852814,1.3487271811513775
1.5976555727554178,,1.5976555727554178,1.5396482924482924
1.8387412547596171,,1.8387412547596171,1.5325880440010873
1.625373040752351,,1.625373040752351,1.5261862643209791
1.4686795088357587,,1.4686795088357587,1.566890801628469
2.034880267000417,,2.034880267000417,1.1492640692640692
1.8222926306066412,,1.8222926306066412,1.1146276537287187
1.6676725467514941,,1.6676725467514941,1.0552146968030012
1.708836847946726,,1.708836847946726,1.1263554136738494
1.5854306686281607,,1.5854306686281607,1.0873867276342897
1.3936078106290872,,1.3936078106290872,1.0259170134406719
2.955072250639386,,2.955072250639386,1.1263554136738494
2.55912077294686,,2.55912077294686,1.0873867276342897
2.270992203515139,,2.270992203515139,1.0259170134406719
2.673694460129243,,2.673694460129243,1.1279499596448748
2.408361244019139,,2.408361244019139,1.0888161478872393
2.1497893772893772,,2.1497893772893772,1.022129539965956
3.115072250639386,,3.115072250639386,1.117443192749193
2.778010989010989,,2.778010989010989,1.0710532022886674
2.415204678362573,,2.415204678362573,0.9164953716496269
1.7879708222811668,,1.7879708222811668,1.1846598806598805
1.6050069217353389,,1.6050069217353389,1.1525266110471806
1.4416776360894006,,1.4416776360894006,1.1000284608002118
1.7437402846195948,,1.7437402846195948,1.1609672399672397
1.564335072738773,,1.564335072738773,1.1256005617467142
1.4322842059900882,,1.4322842059900882,1.0710535755068045
1.4674432992614812,,1.4674432992614812,1.1617512250696607
1.2027755652148333,,1.2027755652148333,1.1256005617467142
1.0635456287778269,,1.0635456287778269,1.0710535755068045
1.5960942657638593,,1.5960942657638593,1.1589404153898535
1.4416776360894006,,1.4416776360894006,1.123850338491296
2.7994031388712743,,2.7994031388712743,1.0729387439231437
2.7367220279720277,,2.7367220279720277,1.149235400541401
2.6920705128205125,,2.6920705128205125,1.1162288192576653
2.8458991228070176,,2.8458991228070176,0.9614432076903618
3.0428409090909088,,3.0428409090909088,0.9845368684247772
3.019031385281385,,3.019031385281385,0.9311685010049171
2.9872853535353534,,2.9872853535353534,0.8811156398104266
3.0306457871396892,,3.0306457871396892,1.006103292720764
2.706133766745469,,2.706133766745469,0.9667907685653951
2.621319233879119,,2.621319233879119,0.9175293217746049
2.543651477832512,,2.543651477832512,1.0761134755032633
2.7790701024327786,,2.7790701024327786,1.0254943061343862
2.4924562937062937,,2.4924562937062937,0.9732987574781408
2.328382781012091,,2.328382781012091,1.1032928030250564
2.193371212121212,,2.193371212121212,1.0599382919616087
2.6985075757575756,,2.6985075757575756,1.0118337403819215
2.735147306397306,,2.735147306397306,1.0558323568281494
2.6520370169344334,,2.6520370169344334,1.0069382553021209
2.5828177966101693,,2.5828177966101693,0.9552285304172097
2.7896409269570914,,2.7896409269570914,1.0835005757180416
1.8181263406263408,,1.8181263406263408,1.0476147998925598
1.6899956946039034,,1.6899956946039034,0.9970749431216342
2.845170262664165,,2.845170262664165,3.131830769230769
2.383911943319838,,2.383911943319838,3.1109738884968237
2.2228255297334245,,2.2228255297334245,3.0932985658409384
2.0608136320865675,,2.0608136320865675,3.2455824175824177
3.0428409090909088,,3.0428409090909088,1.877778750336655
3.0428409090909088,,3.0428409090909088,1.7864641651031892
3.0306457871396892,,3.0306457871396892,1.6385684430512015
3.0556614219114215,,3.0556614219114215,1.8009165302782322
2.4493618088419686,,2.4493618088419686,1.6999943319838056
2.350510144927536,,2.350510144927536,1.5519991789819376
2.0577409081484554,,2.0577409081484554,1.8009165302782322
2.4550741561961074,,2.4550741561961074,1.6999943319838056
2.35973754218781,,2.35973754218781,1.5519991789819376
2.085301690331305,,2.085301690331305,1.8056789737171464
2.460962268084219,,2.460962268084219,1.7039510989010989
2.35973754218781,,2.35973754218781,1.5444799777530591
2.0705033181522445,,2.0705033181522445,1.7899158249158247
2.4573725477200425,,2.4573725477200425,1.6755649769585255
2.360981391454316,,2.360981391454316,1.3460664428511815
2.0703468409586057,,2.0703468409586057,2.017266286243953
2.4966630753543937,,2.4966630753543937,1.933065640714117
2.4052577639751553,,2.4052577639751553,1.8014374290201762
2.117911662531017,,2.117911662531017,1.938090879372344
1.5051923436041084,,1.5051923436041084,1.84838046522957
1.405069168025018,,1.405069168025018,1.7165148420963507
1.1373563863928113,,1.1373563863928113,1.9404040661855304
1.5667796451914098,,1.5667796451914098,1.84838046522957
1.4528410513141428,,1.4528410513141428,1.7165148420963507
1.2181000674828883,,1.2181000674828883,1.933511475445482
1.5616346390736635,,1.5616346390736635,1.8447266361956625
1.4006725611553197,,1.4006725611553197,1.72132688172043
1.187949670068194,,1.187949670068194,1.9201526670210878
1.6232219406609647,,1.6232219406609647,1.8386281661600807
1.4453601953601953,,1.4453601953601953,1.509708707569049
1.2535613010842368,,1.2535613010842368,1.4924931893306368
1.4349253618600621,,1.4349253618600621,1.3642527050257862
1.284120319408944,,1.284120319408944,1.2541880718954246
1.1676166472519327,,1.1676166472519327,1.5695047879738144
1.492180375180375,,1.492180375180375,1.478157644447967
1.341849370142053,,1.341849370142053,1.3692423600644883
1.226935303374716,,1.226935303374716,1.6751537014243685
1.3424230769230767,,1.3424230769230767,1.555647638365691
1.252935286935287,,1.252935286935287,1.4413929487179487
1.109457785579783,,1.109457785579783,1.7659021421728092
2.0976618571068153,,2.0976618571068153,1.665397624897625
1.8930357803498759,,1.8930357803498759,1.5645985092549979
1.7257089909134382,,1.7257089909134382,1.623769423558897
1.9641192141192139,,1.9641192141192139,1.5108961042818247
1.8139285714285713,,1.8139285714285713,1.4014345070987406
1.6567911081570101,,1.6567911081570101,1.7180783038677774
2.1662332856782442,,2.1662332856782442,1.6377487633925487
1.9941705703558017,,1.9941705703558017,1.5340666442840356
1.8019021215043396,,1.8019021215043396,2.506477609611484
1.3157639135058488,,1.3157639135058488,2.4907989889218287
1.1777940099116568,,1.1777940099116568,2.477226451608396
1.0498430371614726,,1.0498430371614726,2.564304900514067
1.2823467484008528,,1.2823467484008528,1.5914768762217129
1.146276926493449,,1.146276926493449,1.5383624174307404
1.0422775581906016,,1.0422775581906016,1.4413511885496457
1.1677942506459948,,1.1677942506459948,1.5360821393796076
1.00035855914651,,1.00035855914651,1.4749150076976163
0.8881664280016682,,0.8881664280016682,1.3763538971086924
1.1713837535014004,,1.1713837535014004,1.5360821393796076
1.0498430371614726,,1.0498430371614726,1.4749150076976163
1.9356294729993493,,1.9356294729993493,1.3763538971086924
1.8985322311753265,,1.8985322311753265,1.5396499359897773
1.8681264074908142,,1.8681264074908142,1.4779510653899242
1.9632223230490016,,1.9632223230490016,1.3742697976925844
2.0628482587064676,,2.0628482587064676,1.5478603373370816
2.0520955705344246,,2.0520955705344246,1.477564632268419
2.037207233065442,,2.037207233065442,1.1892803970223327
2.0573837778321504,,2.0573837778321504,1.7019306617015595
1.8938920780711825,,1.8938920780711825,1.6559683117496724
1.8446901408450702,,1.8446901408450702,1.5769627329192546
1.797384513441878,,1.797384513441878,1.6447962554379665
1.933723404255319,,1.933723404255319,1.5936412240790732
1.789792703150912,,1.789792703150912,1.5130346609911824
1.695925181783391,,1.695925181783391,1.6465359248594542
1.614073064908018,,1.614073064908018,1.5936412240790732
1.8993468581462434,,1.8993468581462434,1.5130346609911824
1.9078846153846154,,1.9078846153846154,1.6450591329742483
1.8597677932650796,,1.8597677932650796,1.5937621327600806
1.8173632218844982,,1.8173632218844982,1.5168198757763975
1.9386837217156365,,1.9386837217156365,1.655068423368697
1.3931904752313016,,1.3931904752313016,1.6068806091606604
1.3064607843137255,,1.3064607843137255,1.3253754889178617
1.9674143070044707,,1.9674143070044707,1.273501963153126
1.7299265961078862,,1.7299265961078862,1.189736464359251
1.634895153774464,,1.634895153774464,1.1160969448508147
1.5348466872110937,,1.5348466872110937,1.3392310537867764
2.0628482587064676,,2.0628482587064676,1.28589696789977
2.0628482587064676,,2.0628482587064676,1.2145485886662357
2.0573837778321504,,2.0573837778321504,1.4694320923520923
2.068497976220592,,2.068497976220592,1.392353046594982
1.7782837863890495,,1.7782837863890495,1.3124369224651256
1.7253289702977965,,1.7253289702977965,1.5454773885193398
1.5644151864717835,,1.5644151864717835,1.4825193657950984
1.7814373444414837,,1.7814373444414837,1.4175573555364496
1.7306988682569802,,1.7306988682569802,1.432655518394649
1.5801901408450703,,1.5801901408450703,1.35628180330308
1.7846625742678373,,1.7846625742678373,1.2809667650844119
1.7306988682569802,,1.7306988682569802,1.5131014356799088
1.572472602739726,,1.572472602739726,1.4638206059638337
1.783299942646585,,1.783299942646585,1.3948869383959863
1.7320346979172438,,1.7320346979172438,2.2135910586147878
1.5730227955227953,,1.5730227955227953,2.2029885028830463
1.803983373927777,,1.803983373927777,2.1935787346711257
1.7563609513780367,,1.7563609513780367,2.2507085500312045
1.6013342245989304,,1.6013342245989304,1.4101555325987145
1.2139956014534325,,1.2139956014534325,1.3731502368599142
1.1484674604674605,,1.1484674604674605,1.3041764181764184
0.958386564844916,,0.958386564844916,1.374408900650339
1.2483995423401322,,1.2483995423401322,1.3313636363636365
1.1701098183425769,,1.1701098183425769,1.2602258687258687
1.00555048106199,,1.00555048106199,1.374408900650339
1.2522724252491693,,1.2522724252491693,1.3313636363636365
1.146228424653973,,1.146228424653973,1.2602258687258687
0.9967856636540846,,0.9967856636540846,1.3768118686868687
1.2866763661358689,,1.2866763661358689,1.3334665334665334
1.165909906888661,,1.165909906888661,1.2589045684873206
1.0315488215488213,,1.0315488215488213,1.382361937590711
1.1724373818952132,,1.1724373818952132,1.332246677299309
1.0685806960465345,,1.0685806960465345,1.069230976521299
0.9848830659536543,,0.9848830659536543,1.474685441492443
1.2106755816503667,,1.2106755816503667,1.4426315688757563
1.1070657080864017,,1.1070657080864017,1.3874425272946234
1.0244791290749429,,1.0244791290749429,1.4377618456078083
1.1086244043816007,,1.1086244043816007,1.4014432886209793
1.0464956399437413,,1.0464956399437413,1.344085555435009
0.9418099268307936,,0.9418099268307936,1.4389388095440676
1.5589787593359021,,1.5589787593359021,1.4014432886209793
1.436064933880529,,1.436064933880529,1.344085555435009
1.3295038394752072,,1.3295038394752072,1.4380705768327957
1.483247614835408,,1.483247614835408,1.401652245837379
1.3925942857142857,,1.3925942857142857,1.3467867745125024
1.290097994319271,,1.290097994319271,1.4448304158515808
1.608978759335902,,1.608978759335902,1.4106835342832784
1.508651212686567,,1.508651212686567,1.1527536604895903
1.3861497536945813,,1.3861497536945813,1.1316234578067381
1.0836098541980896,,1.0836098541980896,1.0713331399158919
0.9839531971350907,,0.9839531971350907,1.0170875317143893
0.8881974740027193,,0.8881974740027193,1.1720388594971676
1.0586139419674452,,1.0586139419674452,1.1336584841280286
0.9604021668938796,,0.9604021668938796,1.081088196571955
0.8825971673254281,,0.8825971673254281,1.3290794206183374
0.984052663004538,,0.984052663004538,1.2741917072351856
0.8613222637461799,,0.8613222637461799,1.2145937157366264
0.7747543976982053,,0.7747543976982053,1.3775255915395364
0.9798715644820295,,0.9798715644820295,1.33146866428766
0.8881974740027193,,0.8881974740027193,1.2826053560492294
9.590239316239316,,9.590239316239316,1.302930402930403
9.37342857142857,,9.37342857142857,1.2471549209273758
9.290153846153846,,9.290153846153846,1.1911063071602082
9.709903398926654,,9.709903398926654,1.3534504803372727
10.601333333333333,,10.601333333333333,1.317546793206041
10.444470588235294,,10.444470588235294,1.2650005381226248
10.268,,10.268,3.09291113381001
10.518,,10.518,3.0668460111317257
8.97886013986014,,8.97886013986014,3.045165675446049
8.724701357466063,,8.724701357466063,3.210161421911421
8.519506117908787,,8.519506117908787,1.8973982642237224
9.23806015037594,,9.23806015037594,1.8106846501657472
6.528740740740742,,6.528740740740742,1.6580787400613484
5.959060606060606,,5.959060606060606,1.7975405792142347
5.579804878048781,,5.579804878048781,1.700152720725025
7.527565217391304,,7.527565217391304,1.549678965922444
9.122400809716599,,9.122400809716599,1.7975405792142347
8.859177865612647,,8.859177865612647,1.700152720725025
8.667820224719101,,8.667820224719101,1.549678965922444
9.296539682539683,,9.296539682539683,1.8035100935708457
4.01787134502924,,4.01787134502924,1.705009012179413
3.4507368421052633,,3.4507368421052633,1.546454239484822
9.535666666666666,,9.535666666666666,1.8202284186401834
6.157971742543171,,6.157971742543171,1.7093495323675039
5.635597131681877,,5.635597131681877,1.3729813279406808
5.152321428571428,,5.152321428571428,2.123894830659536
10.601333333333333,,10.601333333333333,2.04861655011655
10.601333333333333,,10.601333333333333,1.917703380638163
10.518,,10.518,2.0211476466795615
10.696571428571428,,10.696571428571428,1.9406678321678321
6.0873684210526315,,6.0873684210526315,1.8116158474816644
5.7136956521739135,,5.7136956521739135,2.0240371456500488
4.477419354838709,,4.477419354838709,1.9406678321678321
6.105334281650071,,6.105334281650071,1.8116158474816644
5.738656126482214,,5.738656126482214,2.0215249789412297
4.560462296324365,,4.560462296324365,1.9407682709447414
6.124298245614035,,6.124298245614035,1.8173970498008587
5.738656126482214,,5.738656126482214,2.0412605042016807
4.5055172413793105,,4.5055172413793105,1.9646985287587697
6.096726817042606,,6.096726817042606,1.6337275136390403
5.729761904761904,,5.729761904761904,1.4963101604278075
4.496440886699507,,4.496440886699507,1.3680691463171202
6.244362348178138,,6.244362348178138,1.2599952823920266
5.875716845878136,,5.875716845878136,1.6178808583324435
4.6211688311688315,,4.6211688311688315,1.5366484566619478
2.521137218045113,,2.521137218045113,1.429834330011074
2.2990649970184855,,2.2990649970184855,1.6900783343640486
1.6731965207135484,,1.6731965207135484,1.571591327913279
2.739387218045113,,2.739387218045113,1.4550173547679943
2.510277118230607,,2.510277118230607,1.8269121901634218
1.9216890323059233,,1.9216890323059233,1.731693858182311
3.108158651633686,,3.108158651633686,1.6380706146926536
2.284963608882688,,2.284963608882688,1.632749830822135
1.8832103174603172,,1.8832103174603172,1.5183096692210942
3.326408651633686,,3.326408651633686,1.4097840834068698
2.4894967242777812,,2.4894967242777812,1.7778922990616999
2.1103012265512264,,2.1103012265512264,1.7041334240103663
2.347609267734554,,2.347609267734554,1.6063762389202452
2.0478947368421054,,2.0478947368421054,1.4314501662971175
1.8384386212378185,,1.8384386212378185,1.4219180908254194
2.9410626249167224,,2.9410626249167224,1.4134073091542603
2.6430249915569064,,2.6430249915569064,1.4565089449885549
2.4365994303126657,,2.4365994303126657,1.1059399302821205
2.16543956043956,,2.16543956043956,1.0782452501202502
1.9924882667207684,,1.9924882667207684,1.0269790104947525
1.7410398092473565,,1.7410398092473565,1.0741519508197226
4.439178155178156,,4.439178155178156,1.040906004000516
3.7126171654432527,,3.7126171654432527,0.9874582595066101
3.2519541734860886,,3.2519541734860886,1.0741519508197226
3.9401663904118323,,3.9401663904118323,1.040906004000516
3.4600273972602738,,3.4600273972602738,0.9874582595066101
3.053475397132894,,3.053475397132894,1.0763101873200642
4.7391781551781555,,4.7391781551781555,1.0428075396825396
4.116459330143541,,4.116459330143541,0.9861856783472669
3.4856129032258067,,3.4856129032258067,1.0808128795912464
2.6205434543454347,,2.6205434543454347,1.0428881288203322
2.3715681679853926,,2.3715681679853926,0.8950565073423553
2.1586862926547137,,2.1586862926547137,1.1421544816351146
2.563697191697192,,2.563697191697192,1.1168975180623604
2.3185003171247356,,2.3185003171247356,1.0742984159664883
2.1460865469054684,,2.1460865469054684,1.1093082700822265
1.8448520579327876,,1.8448520579327876,1.0800636151231946
1.428836556228098,,1.428836556228098,1.035283661668232
1.2554993209038154,,1.2554993209038154,1.1103665021727165
2.3578460410557183,,2.3578460410557183,1.0800636151231946
2.1586862926547137,,2.1586862926547137,1.035283661668232
