McD_light_b_0,McD_light_b_1,McD_light_b_2,McD_light_b_3
2.6602721088435373,2.6251396513724705,2.4214306921149023,2.4086096757412863
2.5279128085029727,2.535281943862589,2.3628108952802944,2.3706310589688178
2.4330183541201458,2.470696716589862,2.3117855008978396,2.34016469606343
2.8094987468671677,2.8220001265902908,2.477677655677655,2.4829331778889903
4.660009216589861,2.2051138554216867,2.770142124040858,1.6669575960837801
4.649928571428571,2.032768525592055,2.768559845559845,1.60956837944664
4.635936034115138,1.7459173669467787,2.7662592320629127,1.498954682494818
4.654888888888889,1.699913855421687,2.769346009081858,1.5092403133664973
2.638730452402978,1.5516256684491978,2.423420615420615,1.4406404797601198
2.4863535551206786,1.353809523809524,2.3598670047900816,1.3400078369905957
2.375887608326633,1.699913855421687,2.3075427908588297,1.5092403133664973
2.797161577161577,1.5516256684491978,2.4790014329805996,1.4406404797601198
4.502244296244296,1.353809523809524,2.7145997615262316,1.3400078369905957
4.442428571428572,1.7209638554216866,2.691397889868478,1.5179883653145492
4.38623976023976,1.5661429098285082,2.6693983548766154,1.4474721227621483
4.565142857142857,1.3595816326530612,2.739184630413546,1.344194809811589
2.651905682969513,1.9189133986928102,2.425665284331951,1.5910817641152981
2.4959711438923398,1.742698310093268,2.3596516816516813,1.519389287001658
2.3899206349206352,1.4572748508386806,2.307472329472329,1.2200802222100395
2.801823581823582,2.6604678525582246,2.479768245341615,1.8036287813310286
2.703166338305657,2.480919540229885,2.395851597494849,1.7491302768269978
2.416768174354381,2.2148476190476187,1.745246139225469,1.6610698924731182
2.9437275985663085,2.1453619702052835,2.5221605477584657,1.6417057044079517
2.613398268398268,2.0239834181270018,2.398229776092452,1.585104302801024
2.467539682539683,1.839160730593607,2.3351158035863913,1.5062505376344084
2.2976358854260495,2.1552678525582247,2.2530355938553766,1.6459114986137457
4.660009216589861,2.0239834181270018,2.770142124040858,1.585104302801024
4.660009216589861,1.839160730593607,2.770142124040858,1.5062505376344084
4.654888888888889,2.162639473037154,2.769346009081858,1.6496002646280505
4.665297423887588,2.035408320493066,2.7709483805916926,1.5911858131757017
2.4920489646628514,1.8539904761904762,2.3901609249646056,1.514062908768429
2.239526132404181,2.371328812226645,2.304497970491592,1.7271252423761676
1.9481200159489636,2.219833333333333,2.186423350041771,1.6699508228090316
2.515969419208306,1.936235185185185,2.397296518184945,1.3843230866540164
2.271120879120879,1.4884279908811577,2.3157546549835706,1.242593965799142
1.9888718308700863,1.3193543599257886,2.202843195266272,1.1575281431449223
2.5414331288857257,1.18453396567299,2.404678166343916,1.0856573349523297
2.271120879120879,1.7056435297282757,2.3157546549835706,1.3246424065475828
1.981565894797027,1.5964972170686456,2.2014590643274854,1.2714330825671032
2.5642046035805626,1.4593826744429155,2.4115706527105756,1.2023784655705159
2.3021071292620587,1.5701088601581321,2.326993433587371,1.4546580922286956
1.9967474669293555,1.4066373626373627,2.2088752236135956,1.376024103332949
3.0315332434719915,1.2591070175438595,2.513935168510419,1.296355813684697
2.7423063603063604,1.801061241110513,2.4429981873627193,1.5454065329771363
2.370323369159576,1.6703641456582634,2.3373123447590656,1.4805509321638355
1.6609803921568627,1.5585454895981212,1.4954622725340956,1.4211044019914987
1.5242222222222224,1.4813333333333334,1.4326853739029102,1.4111686371100163
1.2280576923076922,1.3280823401950161,1.1102452732675825,1.3319256089532587
1.8226470588235295,1.193075928825825,1.562616118687942,1.258648797337781
1.7029590643274855,1.732190476190476,1.5063717093066369,1.509875319616699
1.4188083735909824,1.629324576219861,1.1974603174603173,1.4587782680639823
1.7839148841354724,1.5138423645320196,2.106614533292794,1.3946836029854899
1.5448373860182372,1.6283718580270303,1.4444141718886003,2.7581311666792194
1.3089343873517787,1.5698695420208544,1.3258097062815104,2.712203893951947
1.9455815508021392,1.5252230377003517,2.17376837944664,2.6761181796662328
1.715660694288914,1.7170599976406749,1.5144774436090225,2.8387518663680478
1.4932670112496198,1.532796217031511,1.4083058660357346,1.8351856610128714
1.4311441176470587,1.4642419354838707,1.383079361327655,1.7619642857142856
1.2887476261869066,1.342069995222169,1.3065342336572676,1.6143466927337893
1.1753341579055863,1.2575128691675181,1.2409551141284607,1.6347094705366807
1.526741622844564,1.183575268817204,1.9803441466297145,1.5514642857142857
1.3852115290669273,1.093653846153846,1.9042560158890318,1.4211341323473161
1.2745599900337494,1.2575128691675181,1.8403890241066585,1.6347094705366807
1.3246648112332342,1.183575268817204,1.3232600625047577,1.5514642857142857
1.2338539506124526,1.093653846153846,1.2726344699747298,1.4211341323473161
1.110489653886783,1.2710935143288082,1.200007461901872,1.6453229159148322
2.165663101604278,1.1935990783410138,1.4140299180661438,1.5595604395604394
1.9704761904761905,1.1000725900116144,1.2864422663917705,1.4259587685481125
1.8368312889972884,1.3956697475374136,1.1898518159559273,1.7365777777777776
2.139872180451128,1.319355229450106,1.4037389079222826,1.6502570485440415
1.9782868275515333,1.1158303984151439,1.3386923558897244,1.3163304554161865
1.8356578947368418,1.6120812004935714,1.2223334794402727,2.213059354226021
2.265663101604278,1.5348240117623617,1.7140299180661436,2.14919925455212
2.108129720351092,1.4316154022538208,1.6497760467823492,2.020739973262032
1.9338616938616937,1.3303308787432497,1.3924497929606625,2.007500668780012
1.4060617588932807,1.2647538480470262,1.9145488323819406,1.9455409023223396
1.2630715831483095,1.1913450643314178,1.8326595569734743,1.8330801492151114
1.140111658456486,1.3367978526295785,1.7592972060069674,2.012583163749831
1.3716062111801244,1.2647538480470262,1.8937917827717814,1.9455409023223396
1.2328436643474592,1.1913450643314178,1.8145805835077358,1.8330801492151114
1.128046697388633,1.3429481775055545,1.7512214797913948,2.017055573794037
1.2368991019184734,1.273998586111262,1.2838941319393762,1.9527230259192283
1.043431899641577,1.2022173742309872,1.0061630750902273,1.8421339126559715
0.9347721631699037,1.4744260500584219,0.939456721829935,2.1136940673705378
1.2591500145208585,1.400147015147015,1.8316288416570448,2.048564935064935
1.140111658456486,1.2099238384984272,1.7592972060069674,1.7256844493116392
1.6163202875660363,1.0858024060202802,2.7626940993788818,1.3444789145094822
1.5296017416109902,1.006941011064246,2.692770442219441,1.2375716717739191
1.4593048955998582,0.9401074630719839,2.6338958584236583,1.1499550375469336
1.7074219269102986,1.137335569285586,2.832124384236453,1.5368141841216398
2.349067204060307,1.078206317186695,3.2365950704225357,1.4791131737502035
2.3477610389610386,1.0138895420369103,3.234638888888889,1.3948075153518242
2.345856518900094,1.2051201611567681,3.2318044217687074,1.558827548978547
2.348410389610389,1.1280113360113357,3.23561013986014,1.4568461487361744
1.6245756879322566,1.0560159976742673,2.764993113292597,1.3621427835051547
1.530850965250965,1.2607961815649313,2.6888063036459564,1.7585987160266021
1.4599294192929129,1.1922235392321823,2.627979337304542,1.6896979966444072
1.7138126117862875,1.1341525346342176,2.833894196106705,1.6277739293427327
2.326184890378438,1.1631636500754146,3.18937012987013,1.499862554112554
2.315919913419913,1.0880733931336342,3.169236842105263,1.4027780697563306
2.305324675324675,1.0198509688856285,3.149547619047619,1.3133224958120937
2.3359840159840157,1.2256192809764237,3.2098921568627454,1.7219018915866742
1.6264380009249937,1.1683271162445001,2.7677512267429973,1.6663650262780696
1.5288085157645495,1.1070316822901407,2.6886924736337487,1.600155245375742
1.45776350931677,2.2184480519480516,2.6282135627530367,2.431992277992278
1.7144474115069754,2.120960916442048,2.834838929219601,2.390881970578173
1.8503054117600855,2.051776497695852,2.694426406926407,2.3581805896805896
1.4925081148037103,2.3730991778006167,2.132664252626822,2.511009925281588
1.7876704318936878,2.102205834278792,2.888904257507199,1.7033099210870355
1.637826688815061,1.9458537225826382,2.7550446428571425,1.642311759504863
1.562577771066143,1.6874993469174502,2.6864453363137573,1.5260970064418342
1.4630946211452491,1.5301949647135742,2.5962387084733107,1.5291510683567542
2.349067204060307,1.409832502423487,3.2365950704225357,1.4572568144499178
2.349067204060307,1.2589814897745932,3.2365950704225357,1.3537047650625236
2.348410389610389,1.5301949647135742,3.23561013986014,1.5291510683567542
2.34973161174086,1.409832502423487,3.237593971631205,1.4572568144499178
1.70206970179563,1.2589814897745932,2.585317018883025,1.3537047650625236
1.5951202571013892,1.5530753994961828,2.4424905175184826,1.538633050338736
1.4603721615128264,1.4253866896156056,2.2894371472929342,1.464591309223437
1.714827277553206,1.2682887700534757,2.5944824760673497,1.3581087116016461
1.6138106011635425,1.7881439812767213,2.456527750083084,1.6186101267548043
1.4840568260568259,1.6469894728431314,2.3090992926851106,1.5432172638955248
1.728178228927413,1.3520420332355816,2.604007362945178,1.2395570865648924
1.6138106011635425,2.484607023411371,2.456527750083084,1.8400578231292517
1.482900589606472,2.311584749938408,2.3074125965012606,1.7809799407703213
1.7415442074265601,2.081102956543119,2.6129939586645468,1.687509574078191
1.633426195194345,1.9018563579277863,2.4706670493920813,1.6613476190476189
1.4946686930091186,1.8041647876031917,2.3163327172689225,1.601552637773651
1.9519513426724053,1.6714230589758974,2.7510700854700856,1.5197863519918724
1.856830707991699,1.9125961538461538,2.6230696734389958,1.6658989703989704
1.7193358458961474,1.8041647876031917,2.478363420218387,1.601552637773651
1.242532041773793,1.6714230589758974,1.6008025585731294,1.5197863519918724
1.1745491166763735,1.923016564841264,1.5193399159663863,1.669870592526546
0.958301261127348,1.8184568956184173,1.1777956521739132,1.6080491089024533
1.2845031956199469,1.6871189993238673,1.7421790767917529,1.528097385113171
1.2228322453124434,2.1697687728937725,1.6818585972850681,1.7546536050156738
1.0136072052201084,2.0344964440116273,1.3485089477891887,1.6933468406593406
1.461056818181818,1.7573631988559797,2.214333996756597,1.4034099878062298
1.193263849229012,1.3023674571042991,1.5332538069311208,1.259319866880108
1.0751006360262259,1.1739381207028265,1.3936578947368419,1.1714420449349794
1.503027972027972,1.0720768817204303,2.355710514975221,1.0972696702976075
1.2361633461515267,1.4987924703062,1.6914560152491187,1.3413683076285485
1.1298366270780063,1.4154796226791109,1.5608721804511279,1.2853469843571603
1.10422343945657,1.3178569944418472,1.437909533639511,1.2138704361081725
1.0345645234838121,1.4330447866721854,1.3487154334038054,1.4722041004003028
0.9745678824721378,1.302705018558677,1.2742131044833662,1.3905422685554825
1.303868772872152,1.194318018018018,2.032447602762126,1.308475
1.2339403646246976,1.6328159537202402,1.9445641245173675,1.5629525411487435
1.1755558918482647,1.5361712819185644,1.872454788657036,1.494977573317999
1.048712160058176,1.4605318840579709,1.36330430131824,1.4330807012697782
0.9989382376938725,1.3581026272577996,1.3050158709341895,1.4272615384615384
0.9372685926757425,1.2398724152490581,1.2259193879406645,1.3453284016492844
1.1659754521963825,1.1362800390837147,1.7255910174880764,1.2697574784051469
1.0615784215784214,1.5838637998074134,1.5693020594965676,1.5259682209682208
0.974181143983124,1.5034593717707971,1.4701287401810876,1.472181060760008
1.173103312259025,1.4259785205146984,1.7208280058434855,1.405675202655401
1.1089911067193676,3.315119047619048,1.6262910685805423,2.787026355996944
1.0080534332688587,3.2526630036630038,1.506327838827839,2.7369073083778965
1.3259754521963825,3.20539897039897,2.0255910174880762,2.697925826896415
1.2658086129406771,3.545941432166552,1.9332141142738102,2.8741995335029684
1.1058411067193676,2.0496124588200058,1.6731345029239766,1.8833004668534081
1.23859477124183,1.8894311336149705,1.9804145020512998,1.8045822784810128
1.1665102039685795,1.6117158067158066,1.8823932853717025,1.6487085966775503
1.1038455101408737,1.74889817310572,1.798528923006153,1.6588868207979708
1.221953308350367,1.58555143436685,1.9557076411960133,1.5713008931996275
1.151644457555076,1.3456736781127026,1.861551016188113,1.4372347037495925
1.0959403223821829,1.74889817310572,1.7881593137254903,1.6588868207979708
1.0128272922963188,1.58555143436685,1.344071880730488,1.5713008931996275
0.8443934101815664,1.3456736781127026,1.0516609062980031,1.4372347037495925
0.7865235773527878,1.7634154144850307,0.9771966834649346,1.670487280040221
1.1656285252523038,1.5961648797450014,1.8811722841507013,1.5800489451476794
1.1038455101408737,1.3444622416534182,1.798528923006153,1.442324997953474
2.189874344742522,1.8579639249639246,2.4438708414872794,1.7714470588235294
2.052337273038712,1.6724357329138553,2.380731789344951,1.6798809523809524
1.952099177800617,1.4127341743131216,2.326547928262214,1.3399796018814458
2.3540942028985503,2.897341575091575,2.5052627990657155,2.2612767495662234
4.807857142857142,2.7533314054366684,2.838933454462866,2.190447541243027
4.805845070422534,2.437064935064935,2.837131652661064,2.0540820408330154
4.802931034482758,2.589725650033027,2.834517273576097,2.0313187663729457
4.806843971631205,2.4614137456316847,2.8380265072471937,1.9651632603065725
2.2048877551020407,2.180068951129192,2.4456640488089825,1.8489794767304513
2.0540486917815657,2.5966272893772895,2.3769881339653622,2.036863103510786
1.951455128205128,2.4614137456316847,2.3211102491617908,1.9651632603065725
2.3681031746031747,2.180068951129192,2.5065344508813014,1.8489794767304513
4.784966044142615,2.5965059885482815,2.782191176470588,2.0417154577448695
4.774707278481012,2.4656764474905404,2.7584819277108434,1.9728792709622156
4.763663745892661,2.191481601731602,2.7358837052062204,1.8586576376499917
4.794135135135135,2.698436147186147,2.807146304675716,2.14856334841629
2.2077222222222224,2.562992207792208,2.4482107381128877,2.077568393876257
2.050973776607417,2.2432002250622936,2.3769348554671135,1.7488058175301238
1.948882113821138,1.5511541608228143,2.3213283102270443,1.3644534412955465
2.369074425574426,1.3491990837586814,2.5074058346387083,1.2539379011792804
2.681066181869863,1.1889458754928925,2.43593365495425,1.1634360657133127
2.200919251942172,1.883979113384484,1.7737213528921576,1.5567887109077039
2.5203784543898267,1.7621044891640865,2.554358058049333,1.495479403155565
2.242243204434649,1.5896855637281342,2.422706889605157,1.408141368743616
2.1213217670011146,1.5742778270116977,2.3558912787454287,1.5798695730884433
1.9755941075284233,1.3830934362934364,2.269205936920222,1.473965335197463
4.807857142857142,1.2112151414476995,2.838933454462866,1.3762335553997196
4.807857142857142,1.9262939560439558,2.838933454462866,1.779640740136498
4.806843971631205,1.7838116123642436,2.8380265072471937,1.706703375686771
4.80888489208633,1.6543251588491465,2.8398527410964385,1.6416878311327892
2.1923697441601777,1.4749462694168576,2.4203383874467463,1.519010066238982
1.9448274428274424,1.2984531325750837,2.329365967365967,1.4184879832810868
1.7007317194717573,1.1401071563365552,2.2048254543363237,1.3261658427593912
2.219531034482759,1.8528160173160173,2.428251921281333,1.741049403713102
1.9798378378378374,1.7420506935506932,2.3417029637029634,1.6820749398028259
1.7384844867235512,1.6090101152187741,2.2225881115739607,1.6128557052860164
2.248565517241379,1.0935992495876214,2.4364532199826314,2.310671807747489
1.9798378378378374,1.0600979233276748,2.3417029637029634,2.267253167564143
1.736753109846089,1.0328780957414678,2.22102555053642,2.232922149744753
2.27872915851272,1.1459765685623806,2.4441094461094464,2.3898349797234064
2.0179424736337483,1.0476517732258945,2.3540323502330396,1.66374457179116
1.7561203719024268,1.0074145127748069,2.2290067901234565,1.6052323886639677
2.857932684067004,0.9288497390873477,2.5596895624486673,1.4972580001697648
2.553205128205128,0.912542658976857,2.4836271088402584,1.477131096613855
2.2034906207012463,0.8609797301661113,2.3701261671854157,1.4080811691517723
1.4856064611394653,0.7890070817446903,1.5148779454463663,1.3149099758536555
1.369076138622418,0.912542658976857,1.4491643139469226,1.477131096613855
1.097631612573473,0.8609797301661113,1.1223182801917946,1.4080811691517723
1.626982979358089,0.7890070817446903,1.5820317916002127,1.3149099758536555
1.536103321965391,0.9202438784890523,1.5228506493506493,1.4871549061376648
1.2667465798846427,0.8670811794414736,1.2094060150375938,1.4157823886639676
1.717009233048217,0.7928359926966738,2.1268947431878464,1.3197416879795396
1.398568125740708,0.9835942082111437,1.4616747757073842,1.573427750410509
1.2191960902693926,0.9329463511840272,1.3382676002952503,1.5014316939890713
1.858385751266841,0.8438583757617245,2.194048589341693,1.2065015223480697
1.5570902585786306,1.1200518341307815,1.5314629629629628,1.7459424606845513
1.389520010535173,1.0793095149836431,1.4207637600494745,1.6854475568004978
1.2375729376094953,1.0166151245267314,1.3970456444140655,1.5964575315455267
1.1360609344216153,0.9812312887915298,1.3181923169666465,1.5545230494341868
1.0536147210170517,0.936824057553712,1.2508105080497445,1.4944907885510295
1.4340882753919562,0.8801716277250258,1.9944620655279657,1.41919437365079
1.3331022429462387,0.9849427198817441,1.9160137900466196,1.5593289855072463
1.2533066933066934,0.936824057553712,1.850374773053034,1.4944907885510295
1.1507494234913591,0.8801716277250258,1.3356739220621179,1.41919437365079
1.0813434656159113,0.9882060675843058,1.2833472918131232,1.563682755995432
1.001176300526324,0.9422808302808303,1.2090247481718197,1.5014483430799221
1.6655965218763078,0.8872472579771266,1.4323182865521573,1.427864854199989
1.5057839446589445,1.0554545454545454,1.3021389517345399,1.6550380952380952
1.3990722149890908,1.0116090236624216,1.203075986530862,1.592762789182144
1.6822387447608036,0.9333392731122089,1.4225996745541338,1.3083847738938217
1.560909090909091,0.8454612054612054,1.354897495872317,1.2125604540023893
1.4381149887893074,0.7838009049773756,1.2358325211176089,1.132170259408111
1.825596521876308,0.7297323230447323,1.7323182865521574,1.0638071046942015
1.7119330449571133,0.8926804567981037,1.665735818436033,1.2644473237558342
1.5319027484143763,0.8503695324283559,1.4058679927667268,1.2086533632879608
1.369913941339718,0.7990747803585856,1.925659550561798,1.1414345238095238
1.2652078908519984,0.8729294978179359,1.8417752803805931,1.4266346998623494
1.1807122798091982,0.8146798388687782,1.7667604513682449,1.351942010148552
1.3452192340350773,0.7562515262515263,1.904580394234254,1.2760320887048997
1.2446537979324863,0.9248011555719466,1.823344368684794,1.4865523388465636
1.1688776633576465,0.8753300187999727,1.7585382840339736,1.4191728161283854
1.132495470042677,0.8297641276694163,1.2936839497582562,1.3585286822121927
0.9345527878314763,0.8414677220825011,1.0140487686021666,1.386191748630773
0.8594800807513865,0.7829396381897588,0.9457726601516075,1.3103669485332499
1.2639594514013117,0.727219177705711,1.8406313773835674,1.2409395478374836
1.1807122798091982,0.8990307472925851,1.7667604513682449,1.4500517892993243
3.4581355932203386,0.8580170375705638,2.7903234265734262,1.396359856334668
3.3452946236559136,0.8087752043142554,2.7144705362129953,1.3312339922912988
3.2716196236559134,1.6249721790890266,2.6516644741717927,2.5058357932473205
3.55625,1.5763120763493006,2.8668688811188807,2.4525945754487255
4.251333333333333,1.5383334595768317,3.3408207070707063,2.4114842680346205
4.214568627450981,1.6975200334944858,3.338559286898839,2.597642572944297
4.1668738738738735,1.3505809651635992,3.335290957015409,1.824605933587371
4.23239393939394,1.2817834086807687,3.3396814954051792,1.7500977418267607
3.3193117408906887,1.1408794693678415,2.792322392086331,1.6105639675224928
3.1744770096633745,1.1346096929337772,2.7093601398601397,1.5817213182027552
3.0545652173913043,1.0564991277443139,2.64403665028665,1.4994558813616448
3.4563356973995267,0.9357769052652773,2.868586601307189,1.3853985910270672
3.863378787878788,1.1346096929337772,3.291944444444444,1.5817213182027552
3.736333333333333,1.0564991277443139,3.2711257309941515,1.4994558813616448
3.62316091954023,0.9357769052652773,3.250637834036568,1.3853985910270672
4.002047619047619,1.1458663774257558,3.31297152194211,1.5940583145397516
3.3620467836257313,1.0650213949507914,2.7954963235294112,1.5086832786219189
3.217505197505197,0.9408191521122553,2.709486743938183,1.3910092328080943
3.1082472137791286,1.2436040996565445,2.644694080323525,1.7037981873627193
3.4722087132725425,1.1652799106519616,2.8696759259259257,1.6171399373573287
2.557297077922078,1.0194755389537997,2.7485102800425376,1.2955286738351253
2.751080958209477,1.7326052200272097,2.168888535031847,2.0004434661723822
3.5854915003695487,1.6714923488598596,2.9303759398496236,1.9251708525392737
3.2802777777777776,1.5489840745424979,2.7854445145018913,1.810547222222222
3.1346875,1.5112503160838329,2.7118576438387407,1.7516707388996546
2.9576710942441493,1.4537923757922593,2.615736973116495,1.683448364500996
4.251333333333333,1.3499627185400098,3.3408207070707063,1.5923926767676766
4.251333333333333,1.5166339477973876,3.3408207070707063,1.7575588507877664
4.23239393939394,1.4537923757922593,3.3396814954051792,1.683448364500996
4.271494623655914,1.3499627185400098,3.341977311280746,1.5923926767676766
2.7203633533866087,1.5213821699762278,2.6238442249892655,1.762909517503455
2.4470953598830834,1.461349321410297,2.4734332077658645,1.691751300239672
2.1050704809286898,1.359425755503047,2.3116353270105803,1.6025236928104576
2.734350064350064,1.6248322395611552,2.6341544290708985,1.8789142712788034
2.4673114463176575,1.563142464992906,2.488987394957983,1.8045047175047173
2.1496797711332594,1.4308574894246697,2.3330702238937535,1.4993551587301586
2.749019053897103,1.0292640796508898,2.6448942249892657,1.2995631108562145
2.4673114463176575,0.9303667711598745,2.488987394957983,1.202622136033901
2.1290079365079366,0.8488243343444555,2.331141118516372,1.121704037800687
2.7501967418546363,1.2253225866704955,2.655033168271934,1.4023544861475898
2.4770529287954437,1.1719082731361592,2.504680572938395,1.339793853205618
2.1324920804625007,1.0957643590446,2.3408098307816276,1.2624565280657718
2.9285317142093406,1.0610713266385683,2.814185630056218,1.5164859241881712
2.6578429089026914,0.9638400689003099,2.6778862663568543,1.4241171057075313
2.2992251461988302,0.8781819109872654,2.521074809541651,1.3357175185925185
1.697504309545557,1.2608424936866234,1.6243186357734942,1.626713196915444
1.5461904761904761,1.1996607927978225,1.5389948051948052,1.5521060062995546
1.2458393759613273,1.1458812148949447,1.191854899869653,1.4864844093104963
1.9346520175251836,1.0046365018090844,1.7656951539921177,1.4650905982905982
1.804500626566416,0.9147484090009439,1.7015134865134864,1.374793564128376
1.5131384021384018,0.8307591830611634,1.3624119164907342,1.2923005565862709
1.7286858414110913,1.2300583339814888,2.2390134525700813,1.5870669552669552
1.5472272727272727,1.178335365522683,1.553921473915326,1.5268311816832352
1.27724432314646,1.1213789428815002,1.4081763285024151,1.4570216450216449
1.9658335493907177,9.4415,2.380389970788705,3.9661038961038955
1.7998250757490741,9.325510204081633,1.711764109325085,3.9201766233766238
1.5338907563025208,9.245517241379309,1.5753906142167011,3.8840909090909093
1.4924465338582986,13.901505376344085,1.4544001510411049,4.922989544568492
1.3142318580992958,3.898140350877193,1.362331556478597,2.13504205318491
1.1774925107581238,3.4318484848484845,1.2856374229691876,1.9753016890516886
1.5135486853571958,2.770422932330827,2.0491267529416195,1.7302172464684797
1.3373685239491693,3.1427575757575754,1.9583006123997806,1.9345658627087197
1.2036969960397952,2.751444444444444,1.8840325203252033,1.7648016890516889
1.369924270904534,2.251007347915243,1.3778731889623201,1.5370046860820064
1.2603964562885768,3.1427575757575754,1.3175010573218615,1.9345658627087197
1.103910946595604,2.751444444444444,1.2363498777437396,1.7648016890516889
2.8370062656641606,2.251007347915243,1.747685366636773,1.5370046860820064
2.566230598669623,3.170095238095238,1.5880808763481737,1.9451793080868711
2.4095405214940095,2.769435897435897,1.4858286933192593,1.7728978428978426
2.7543482587064676,2.236651785714286,1.7436512186666984,1.5330254901960783
2.5135517815517816,3.295809523809524,1.645688207677437,1.9904660894660893
2.356233285678244,2.848993006993007,1.5223234065089484,1.790635593220339
2.8751015037593985,2.1580618466898955,2.047685366636773,1.4871440191728162
2.6342827542827543,3.2373524720893143,1.9523338554037153,2.342090909090909
2.4641273964131107,2.7894545035174723,1.6890831656606307,2.1948167465957225
1.3664028939446933,13.944409095761717,1.993373424726509,1.9779403289557564
1.1901878136707427,2.4692121212121214,1.8929379084967315,2.1365322236449
1.0360065445962376,2.1504663612249817,1.8070873830646126,1.9911583943659417
1.3261194478220442,13.450389538376232,1.9682827974494639,1.7902805049088357
1.1524076894439368,2.481969696969697,1.8716722455689907,2.141614718614719
1.0234879653401796,2.1504663612249817,1.7965520066847556,1.9911583943659417
1.2293088344307856,13.450389538376232,1.3553559186005386,1.7902805049088357
1.0468521338883812,2.4619873150105707,1.060656333696286,2.1383411309187705
0.9160100188572707,2.1448089017900336,0.9843293141246475,1.99206525776146
1.1822513057342348,13.468062113003096,1.891569919440644,1.7993342683496958
1.0360065445962376,2.601688311688312,1.8070873830646126,2.1890115440115436
1.0924294583885374,2.2707954274827338,2.3182314380107805,2.0455286971093423
1.0403019831746625,13.348487394957981,2.2520442140892745,1.7378278150273032
0.9939574086508112,2.505240137221269,2.1955882753919562,1.6764351471313497
1.1414347493938286,2.0832589285714285,2.3834567901234567,1.4739666666666664
1.3806381889091695,1.7817801857585138,2.7503262195121954,1.3157744719509423
1.3793016478773599,3.599460916442049,2.7488569277108437,1.7798074644691844
1.3773534694242133,3.3304017857142854,2.7467181952662725,1.642545977011494
1.3799660555579125,2.873051948051948,2.7495871212121212,1.4782498308221352
1.0944092267316132,2.6747021232735517,2.322046020849225,1.7696787878787876
1.0381149020416003,2.2801709491687383,2.2504621848739497,1.5885478991596638
0.9908924738049816,1.9674117647058822,2.1929957264957265,1.410982142857143
1.142653867871259,3.8084683570397857,2.386183212267958,1.9065126436781608
1.3548982495765103,3.51125974025974,2.7010701871657754,1.7372178876362092
1.3434349860665649,3.2657746478873237,2.68026510989011,1.5865285235841111
1.3317460317460317,2.47678587494377,2.660375,1.682369106699752
1.3660137085137083,2.135147993311037,2.722904069767442,1.505102258852259
1.096313746792558,1.8538795342588448,2.3241345755693583,1.3516239350601262
1.0377873912885751,3.6584891716470667,2.2496799945600436,1.8125670983632607
0.9905792782929215,3.43425513616818,2.1922444155280854,1.6909260136415305
1.1433032185206096,3.1925308829101935,2.3868960722622554,1.5367377933252617
1.1477085689528086,,2.36666596915446,2.5235
1.0678086818004329,,1.6735928330928327,2.491570224719101
1.1794898650817223,,2.436815894797027,2.465505102040816
1.0947895058501869,,2.304242886380141,2.8373451607078364
1.0481112457993442,,2.2368252111760882,1.6303429072178168
0.9823411899899848,,2.148848599742351,1.5222958117151666
1.3806381889091695,,2.7503262195121954,1.3504777006108273
1.3806381889091695,,2.7503262195121954,1.5029215997117638
1.3799660555579125,,2.7495871212121212,1.3835998611317764
1.381318183469213,,2.751074386503068,1.2173089991679862
1.1101609478358756,,2.3414169429471627,1.5029215997117638
1.0467567349723703,,2.259037006275378,1.3835998611317764
0.9598988397396516,,2.1404896644273492,1.2173089991679862
1.116233063220491,,2.349921993452213,1.5102560944852828
1.0565039855994203,,2.272182985978735,1.3894416742677613
0.9744365949870165,,2.15883419298754,1.2147793522267205
1.122497944172872,,2.3587479892593413,1.539926696832579
1.0565039855994203,,2.272182985978735,1.3992814458432699
0.9732550856087858,,2.1575428289843113,1.2131468334919986
1.1283301183385128,,2.3672173100009233,1.738076069410815
1.066202420691785,,2.2855480851920795,1.6386446886446884
0.9798347380304628,,2.166135426523897,1.490084499519282
1.2131349480714029,,2.494184295669487,1.6071169467787114
1.163778983102167,,2.4270075757575755,1.5035870445344128
1.0904933495520361,,2.3187685845219312,1.3600723093526832
0.9016521850995229,,1.4676777261410294,1.6106547619047618
0.8539759316770186,,1.4060790835181078,1.5035870445344128
0.7465659673622043,,1.086401104130973,1.3600723093526832
0.940844104291442,,1.5127357906571581,1.6088133447137494
0.898302591128678,,1.4538154471544713,1.5046432062561095
0.7992693242056403,,1.1461762509335325,1.3668821583821582
0.9329394055765023,,2.080818757974881,1.6421953781512606
0.8644953845174432,,1.4197506065363208,1.5416216216216216
0.7751417520010732,,1.3028472318707682,1.3543341927499613
0.9721313247684215,,2.12587682249101,1.3541432486973284
0.9055968141427494,,1.4633876517695685,1.2071013336508691
0.8259220812024548,,1.358598147621684,1.0876803965881752
0.8081388689192426,,1.357794864801344,1.4121920887461683
0.7514568085906951,,1.2846999263622976,1.3115628721124077
0.7013618293471234,,1.2215986622073578,1.1880270040037482
0.828245780297322,,1.9565803681612504,1.3900107009095772
0.7716571363305161,,1.8835091882820243,1.2593039541759055
0.7229308178120746,,1.821942768003273,1.1243913043478262
0.7633110693572902,,1.3020143536574276,1.4729166838155603
0.7233097130201741,,1.2524803762941261,1.3481203619909503
0.6692903123513556,,1.1831042380256125,1.2319918389483608
0.9743914346197687,,1.316657101865136,1.327683329698003
0.916899344616736,,1.1921453311656183,1.196348867595819
0.864426759659054,,1.093732981101402,1.0789014885823396
0.9743672332661095,,1.3099283442348701,1.4037052129871277
0.9288669214843127,,1.247488894650419,1.3129354060573573
0.8738484611904352,,1.1288042944971077,1.192251814257647
1.0043914346197687,,1.6166571018651361,1.806790337494221
0.9607872710521213,,1.555714824696149,1.787083333333333
0.900100254817646,,1.296458591620116,1.7703079496261314
0.7786089314806736,,1.8842155251702688,1.960206455102777
0.7169837354718634,,1.8073896063910813,1.2793259970983548
0.6608809324295061,,1.7382460843462941,1.2079699042407661
0.7641028606620061,,1.8651419638330236,1.0920776983374967
0.7036311206172179,,1.7905529143164114,1.2073519829656902
0.6541486826110366,,1.730772954496058,1.1266908695499667
0.7339686831758294,,1.2556039488966317,1.0103092342434512
0.6581527816196008,,0.982603788720227,1.2073519829656902
0.6062859808457569,,0.918923423113028,1.1266908695499667
0.7160852628752776,,1.8064189210872565,1.0103092342434512
0.6608809324295061,,1.7382460843462941,1.2118486451819783
1.6163356536644506,,2.5075186965811964,1.1304456075655742
1.5425846556193492,,2.4276233421750666,1.0089602944368796
1.481131921606374,,2.361972352076056,1.2292187812187811
1.690392156862745,,2.589434970166102,1.1326348039215686
2.139332298136646,,3.1213286090621706,1.0047217554044763
2.1372619047619046,,3.119477442827443,1.3267987804878048
2.134264901764902,,3.1167926388181355,1.261515047879617
2.138289653991093,,3.120396729461015,1.1621549225190033
1.6188083238600477,,2.512080616779383,1.2526388888888889
1.5383419445332194,,2.4251769965703085,1.1818619142572282
1.4747320346320343,,2.357811468949785,1.0818973974353914
1.692379702457167,,2.5930448717948713,1.25482476635514
2.114404761904762,,3.0746745861733205,1.1818619142572282
2.1032765567765566,,3.054780369309766,1.0818973974353914
2.0914097448578173,,3.0353713774597493,1.2539654670393663
2.124486301369863,,3.0950212610918495,1.182816760224539
1.6217223597998243,,2.5146949958643505,1.0864873429229747
1.538241719732468,,2.4244080973837114,1.2736051448551449
1.475044098720569,,2.357298951048951,1.2056783285808292
1.6933786036658376,,2.5939397263810013,1.0755029929639093
1.6305807453416148,,2.594029768936717,1.1089956336766682
1.640493504150126,,1.899701372019793,1.0065542793992857
1.7516570009298682,,2.659127164243624,0.9210583822015487
1.6334067497966924,,2.5047167898015354,1.1351551065567294
1.5708207282913165,,2.4274049952081986,1.0650327482988071
1.4849139728884253,,2.327290008841733,0.975350052736435
2.139332298136646,,3.1213286090621706,1.1354627329192548
2.139332298136646,,3.1213286090621706,1.0462855064372598
2.138289653991093,,3.120396729461015,0.947720187386426
2.140390163364616,,3.1222733421750664,1.180813382269904
1.4586114003643413,,2.4983305832266685,1.0917390594001632
1.310979037447345,,2.3790003819709704,1.00567177663349
1.1630318437308698,,2.2311649514008005,1.0930195141709533
1.4685172827172823,,2.509527391737307,0.999922181372549
1.3260013389638479,,2.3957067311773192,0.9150964169316571
1.183784348411829,,2.2534045778125957,1.1302997569806081
1.4788274867989153,,2.521211018009277,1.0660585450089126
1.3260013389638479,,2.3957067311773192,0.9750238962978044
1.1820064916181936,,2.251802206302761,6.802627450980391
1.4885960317460316,,2.5325425328025952,6.7283333333333335
1.3411842918985772,,2.4128603123631587,6.673420289855072
1.191447416495202,,2.262272727272727,9.613999999999999
1.6403880334793086,,2.709959963603276,2.935269841269841
1.5072272727272726,,2.6042183163555714,2.6762594235033257
1.3656113338907179,,2.458946379338056,2.288421362472114
1.0957692056227524,,1.5610704679935448,2.552542568542569
1.0164709386998543,,1.4843886825817858,2.299420262664165
0.8720166196559923,,1.1469673707379233,1.9687810028317547
1.2371457238413759,,1.6419038013268783,2.552542568542569
1.1831014703303857,,1.5758450928381962,2.299420262664165
1.042627318480977,,1.2498237681970885,1.9687810028317547
1.1315657102845804,,2.1772314507198227,2.569873614854747
1.0311412673177378,,1.5007803522952754,2.3117572590011615
0.9021397849462364,,1.3644491053442351,1.961522652218782
1.272942228503204,,2.2580647840531562,2.650522872476361
1.1932204475969181,,1.5872954479976953,2.355786233374469
1.072171143831254,,1.4640752396455055,1.8462038727019312
0.9232120713211381,,1.41370831915594,3.651974025974026
0.8419365079365079,,1.3292935064935063,3.4084796380090494
0.7739636108526895,,1.257820066112749,3.0049039070173524
0.9393023586246093,,2.010994941724504,3.2610454545454544
0.8592928923152016,,1.9269876456876456,3.048265734265734
0.7937349129219042,,1.8574837738019556,2.697250060863506
0.8524687945144109,,1.3462247408951422,3.2692467532467533
0.7974929971988796,,1.289425753556788,3.048265734265734
0.7284399054183226,,1.2131322449928588,2.697250060863506
1.4474409250879838,,1.4894900584795323,3.261878787878788
1.3474105437941053,,1.3506660852758856,3.048030839587242
1.2853567177154634,,1.246987436130748,2.7102039070173523
1.452492183722804,,1.4865514164198372,3.3513540413075296
1.3639098288085534,,1.4092567633170041,3.135035060177917
1.2981085819495264,,1.2844372294372295,2.5697132677551524
1.4774409250879839,,1.7894900584795324,2.0980992336152218
1.3924179258685263,,1.7148910123004728,1.808129795075925
1.3218241187017816,,1.4501621323660157,1.5898179581200895
0.9024670371581125,,1.9423944073944075,2.3795096614227083
0.8123171258350179,,1.8530781148604798,2.186519887955182
0.7365228107892208,,1.775111894757903,1.9515809736711376
0.8808901409325138,,1.9204067641503921,2.2848273694390717
0.7938183030768883,,1.8340042335632958,2.0195885868517447
0.7260436930091185,,1.7659584344794428,1.7819635926132853
0.8473107135830921,,1.309043513957307,2.6057832517920128
0.7454043307463831,,1.0245165675291403,2.3769740367337713
0.6783606079495806,,0.9538872894174097,2.181262125527313
0.8110403127604521,,1.851909344406997,2.1551119832548404
0.7365228107892208,,1.775111894757903,1.9083884711779446
17.007441860465114,,4.874408634843418,1.6997005270092227
13.514802259887006,,4.777008120419884,2.48302299381291
13.402416666666664,,4.718133536624102,2.3159514963880286
17.209375,,4.943838919700989,2.11938117953581
17.735,,5.295376623376623,
16.068333333333335,,5.247757575757576,
14.957222222222223,,5.187151515151515,
16.735,,5.2707460815047025,
8.854279379157429,,4.687534405892615,
8.196491228070174,,4.556248771309012,
7.752368421052632,,4.441283422459892,
9.734838709677419,,4.807248803827751,
10.504999999999999,,3.7760909090909087,
9.729090909090909,,3.4498735177865614,
9.225666666666665,,3.21146127946128,
11.791666666666666,,4.266646464646465,
9.536097560975609,,4.741105834464043,
8.673699059561129,,4.611233766233766,
8.172417582417584,,4.508291313949209,
10.091981566820277,,4.827410094150332,
6.42749074074074,,2.5466965452847807,
2.7472107279693483,,2.2575986277873072,
11.4304,,4.924040199151761,
13.604736842105263,,3.5980091783216777,
13.03125,,3.2836730296730297,
9.276753623188407,,3.005726386673755,
17.735,,5.295376623376623,
17.735,,5.295376623376623,
16.735,,5.2707460815047025,
19.401666666666664,,5.321831649831649,
8.26111111111111,,3.7981482506132536,
7.029809523809524,,3.6329872495446267,
5.25843137254902,,3.0118568261007286,
8.297094017094015,,3.8073137077975785,
7.073549783549782,,3.647024482109228,
5.457446808510638,,3.0548479100807864,
8.335955555555554,,3.8168385946754073,
7.073549783549782,,3.647024482109228,
5.3005840634125985,,3.029832275309054,
8.155833333333334,,3.8089191650853884,
6.99472881956753,,3.6470317686107157,
5.259111111111112,,3.0279651240778,
8.379743589743589,,3.8759966914805615,
7.220178571428571,,3.719307359307359,
5.424503657262277,,3.0996084905660375,
3.0111649831649836,,1.9344769651778766,
2.6624700854700856,,1.7899383116883114,
1.8878839600470037,,1.3801198412698412,
3.646074074074074,,2.033681510632422,
3.331323232323233,,1.8716428571428572,
2.4895826086956516,,1.5044162367917464,
3.577186147186147,,2.1283864131511185,
2.630447863247863,,1.7827472089314191,
2.0873094839942667,,1.492608187134503,
4.2120952380952374,,2.2275909586056644,
3.289395127748069,,1.8601352813852814,
2.668702341137124,,1.5976555727554178,
2.6826610305958125,,1.8387412547596171,
2.2754950343773874,,1.625373040752351,
2.006493212669683,,1.4686795088357587,
3.2710271184497186,,2.034880267000417,
2.867616121776107,,1.8222926306066412,
2.6031555555555554,,1.6676725467514941,
2.4384486506746628,,1.708836847946726,
2.199976184805906,,1.5854306686281607,
1.8851230471258522,,1.3936078106290872,
16.147777777777776,,2.955072250639386,
9.414393939393937,,2.55912077294686,
8.701670682730924,,2.270992203515139,
15.406960784313725,,2.673694460129243,
8.999990783410137,,2.408361244019139,
8.364957264957265,,2.1497893772893772,
16.447777777777777,,3.115072250639386,
9.931797202797203,,2.778010989010989,
9.000620209059234,,2.415204678362573,
2.891901960784314,,1.7879708222811668,
2.5540460886730103,,1.6050069217353389,
2.279877309441539,,1.4416776360894006,
2.8222471599114276,,1.7437402846195948,
2.485863251155624,,1.564335072738773,
2.2630238791423,,1.4322842059900882,
2.0311831983805666,,1.4674432992614812,
1.5538984417714599,,1.2027755652148333,
1.34466063122285,,1.0635456287778269,
2.5324010670279886,,1.5960942657638593,
2.279877309441539,,1.4416776360894006,
