,"('Salads', 'Hot Drinks')","('Chiken Snacks', 'Cold Drinks')","('Chiken Snacks', 'Hot Drinks')"
0,2.6251396513724705,2.4214306921149023,2.4086096757412863
1,2.535281943862589,2.3628108952802944,2.3706310589688178
2,2.470696716589862,2.31178550089784,2.34016469606343
3,2.8220001265902908,2.4776776556776547,2.4829331778889903
4,2.2051138554216867,2.7701421240408584,1.66695759608378
5,2.032768525592055,2.768559845559845,1.60956837944664
6,1.745917366946779,2.7662592320629127,1.498954682494818
7,1.6999138554216868,2.769346009081858,1.509240313366497
8,1.5516256684491978,2.4234206154206155,1.4406404797601198
9,1.3538095238095242,2.3598670047900816,1.3400078369905957
10,1.6999138554216868,2.3075427908588297,1.509240313366497
11,1.5516256684491978,2.4790014329806,1.4406404797601198
12,1.3538095238095242,2.714599761526232,1.3400078369905957
13,1.7209638554216866,2.6913978898684783,1.5179883653145492
14,1.5661429098285082,2.669398354876616,1.4474721227621483
15,1.3595816326530612,2.739184630413546,1.3441948098115892
16,1.9189133986928104,2.4256652843319513,1.591081764115298
17,1.7426983100932683,2.3596516816516813,1.519389287001658
18,1.4572748508386806,2.307472329472329,1.2200802222100395
19,2.6604678525582246,2.4797682453416154,1.8036287813310288
20,2.4809195402298845,2.395851597494849,1.7491302768269978
21,2.2148476190476187,1.745246139225469,1.6610698924731182
22,2.1453619702052835,2.5221605477584657,1.6417057044079515
23,2.0239834181270018,2.3982297760924514,1.5851043028010243
24,1.8391607305936069,2.3351158035863917,1.5062505376344084
25,2.1552678525582247,2.253035593855377,1.6459114986137455
26,2.0239834181270018,2.7701421240408584,1.5851043028010243
27,1.8391607305936069,2.7701421240408584,1.5062505376344084
28,2.162639473037154,2.769346009081858,1.6496002646280503
29,2.035408320493066,2.770948380591693,1.5911858131757015
30,1.853990476190476,2.3901609249646056,1.514062908768429
31,2.371328812226645,2.3044979704915916,1.7271252423761676
32,2.2198333333333333,2.186423350041771,1.6699508228090316
33,1.9362351851851851,2.3972965181849446,1.3843230866540164
34,1.4884279908811575,2.3157546549835706,1.242593965799142
35,1.3193543599257886,2.2028431952662717,1.1575281431449225
36,1.1845339656729899,2.404678166343916,1.0856573349523295
37,1.7056435297282757,2.3157546549835706,1.3246424065475828
38,1.5964972170686456,2.2014590643274854,1.2714330825671032
39,1.4593826744429157,2.411570652710576,1.202378465570516
40,1.570108860158132,2.326993433587371,1.4546580922286956
41,1.4066373626373627,2.208875223613596,1.376024103332949
42,1.2591070175438597,2.513935168510419,1.296355813684697
43,1.8010612411105131,2.44299818736272,1.5454065329771365
44,1.6703641456582634,2.3373123447590656,1.4805509321638357
45,1.5585454895981212,1.4954622725340956,1.421104401991499
46,1.4813333333333334,1.4326853739029102,1.4111686371100165
47,1.328082340195016,1.1102452732675825,1.3319256089532587
48,1.193075928825825,1.562616118687942,1.2586487973377811
49,1.7321904761904758,1.5063717093066369,1.509875319616699
50,1.629324576219861,1.1974603174603171,1.4587782680639825
51,1.5138423645320196,2.106614533292794,1.39468360298549
52,1.6283718580270303,1.4444141718886003,2.7581311666792194
53,1.5698695420208544,1.3258097062815104,2.7122038939519464
54,1.5252230377003515,2.17376837944664,2.6761181796662328
55,1.7170599976406749,1.5144774436090225,2.838751866368048
56,1.532796217031511,1.4083058660357346,1.8351856610128716
57,1.4642419354838707,1.383079361327655,1.7619642857142856
58,1.342069995222169,1.3065342336572676,1.6143466927337893
59,1.257512869167518,1.2409551141284607,1.6347094705366807
60,1.183575268817204,1.9803441466297145,1.5514642857142855
61,1.0936538461538459,1.904256015889032,1.421134132347316
62,1.257512869167518,1.8403890241066585,1.6347094705366807
63,1.183575268817204,1.3232600625047577,1.5514642857142855
64,1.0936538461538459,1.2726344699747298,1.421134132347316
65,1.2710935143288082,1.200007461901872,1.6453229159148322
66,1.1935990783410138,1.4140299180661438,1.5595604395604394
67,1.1000725900116144,1.2864422663917705,1.4259587685481123
68,1.3956697475374136,1.1898518159559273,1.7365777777777776
69,1.319355229450106,1.4037389079222826,1.6502570485440415
70,1.115830398415144,1.3386923558897244,1.3163304554161863
71,1.6120812004935714,1.2223334794402727,2.213059354226021
72,1.5348240117623615,1.7140299180661436,2.14919925455212
73,1.4316154022538208,1.6497760467823492,2.020739973262032
74,1.3303308787432495,1.3924497929606623,2.0075006687800117
75,1.2647538480470262,1.9145488323819408,1.94554090232234
76,1.1913450643314178,1.8326595569734745,1.8330801492151116
77,1.3367978526295785,1.7592972060069674,2.012583163749831
78,1.2647538480470262,1.8937917827717812,1.94554090232234
79,1.1913450643314178,1.814580583507736,1.8330801492151116
80,1.3429481775055545,1.7512214797913948,2.0170555737940368
81,1.273998586111262,1.2838941319393762,1.9527230259192283
82,1.2022173742309872,1.0061630750902273,1.8421339126559717
83,1.474426050058422,0.939456721829935,2.1136940673705378
84,1.4001470151470148,1.8316288416570448,2.048564935064935
85,1.2099238384984272,1.7592972060069674,1.7256844493116392
86,1.0858024060202802,2.7626940993788818,1.3444789145094822
87,1.006941011064246,2.692770442219441,1.2375716717739191
88,0.940107463071984,2.6338958584236583,1.1499550375469336
89,1.137335569285586,2.832124384236453,1.5368141841216398
90,1.078206317186695,3.236595070422536,1.4791131737502037
91,1.0138895420369105,3.234638888888889,1.3948075153518242
92,1.205120161156768,3.2318044217687074,1.5588275489785468
93,1.1280113360113355,3.2356101398601402,1.4568461487361744
94,1.0560159976742671,2.764993113292597,1.3621427835051547
95,1.2607961815649311,2.6888063036459564,1.758598716026602
96,1.1922235392321825,2.627979337304542,1.6896979966444072
97,1.1341525346342176,2.833894196106705,1.627773929342733
98,1.1631636500754146,3.18937012987013,1.4998625541125539
99,1.0880733931336342,3.1692368421052635,1.4027780697563306
100,1.0198509688856283,3.1495476190476186,1.3133224958120937
101,1.2256192809764237,3.209892156862745,1.7219018915866742
102,1.1683271162445,2.7677512267429973,1.6663650262780696
103,1.1070316822901407,2.6886924736337487,1.600155245375742
104,2.218448051948052,2.6282135627530367,2.4319922779922782
105,2.1209609164420478,2.8348389292196012,2.390881970578173
106,2.051776497695852,2.694426406926407,2.3581805896805896
107,2.3730991778006167,2.132664252626822,2.511009925281588
108,2.102205834278792,2.8889042575071984,1.7033099210870355
109,1.9458537225826384,2.7550446428571425,1.642311759504863
110,1.6874993469174502,2.6864453363137573,1.5260970064418342
111,1.5301949647135742,2.5962387084733107,1.5291510683567542
112,1.4098325024234868,3.236595070422536,1.4572568144499178
113,1.2589814897745932,3.236595070422536,1.3537047650625236
114,1.5301949647135742,3.2356101398601402,1.5291510683567542
115,1.4098325024234868,3.237593971631205,1.4572568144499178
116,1.2589814897745932,2.5853170188830252,1.3537047650625236
117,1.5530753994961828,2.4424905175184826,1.538633050338736
118,1.4253866896156056,2.2894371472929342,1.4645913092234366
119,1.2682887700534755,2.5944824760673497,1.358108711601646
120,1.7881439812767213,2.456527750083084,1.6186101267548043
121,1.6469894728431314,2.3090992926851106,1.5432172638955248
122,1.3520420332355816,2.604007362945178,1.2395570865648924
123,2.484607023411371,2.456527750083084,1.840057823129252
124,2.311584749938408,2.3074125965012606,1.7809799407703213
125,2.0811029565431194,2.6129939586645468,1.687509574078191
126,1.9018563579277863,2.4706670493920813,1.6613476190476189
127,1.804164787603192,2.3163327172689225,1.6015526377736509
128,1.6714230589758974,2.7510700854700856,1.5197863519918724
129,1.9125961538461536,2.623069673438996,1.6658989703989704
130,1.804164787603192,2.4783634202183866,1.6015526377736509
131,1.6714230589758974,1.6008025585731294,1.5197863519918724
132,1.9230165648412643,1.5193399159663863,1.6698705925265458
133,1.8184568956184173,1.1777956521739132,1.6080491089024531
134,1.687118999323867,1.7421790767917529,1.528097385113171
135,2.1697687728937725,1.681858597285068,1.7546536050156738
136,2.0344964440116278,1.3485089477891887,1.6933468406593406
137,1.7573631988559797,2.2143339967565967,1.4034099878062298
138,1.3023674571042991,1.5332538069311208,1.259319866880108
139,1.1739381207028263,1.393657894736842,1.1714420449349794
140,1.0720768817204305,2.3557105149752204,1.0972696702976077
141,1.4987924703062,1.6914560152491187,1.3413683076285483
142,1.4154796226791109,1.560872180451128,1.2853469843571603
143,1.3178569944418472,1.437909533639511,1.2138704361081725
144,1.4330447866721854,1.3487154334038054,1.4722041004003028
145,1.302705018558677,1.2742131044833662,1.3905422685554825
146,1.194318018018018,2.032447602762126,1.308475
147,1.6328159537202402,1.9445641245173677,1.5629525411487435
148,1.5361712819185644,1.8724547886570357,1.4949775733179989
149,1.4605318840579709,1.3633043013182398,1.4330807012697782
150,1.3581026272577996,1.3050158709341897,1.4272615384615384
151,1.239872415249058,1.2259193879406645,1.3453284016492844
152,1.1362800390837149,1.7255910174880764,1.2697574784051469
153,1.5838637998074134,1.5693020594965676,1.5259682209682208
154,1.5034593717707971,1.4701287401810876,1.472181060760008
155,1.4259785205146984,1.7208280058434855,1.405675202655401
156,3.3151190476190484,1.6262910685805425,2.787026355996944
157,3.252663003663004,1.5063278388278392,2.7369073083778965
158,3.2053989703989703,2.025591017488076,2.6979258268964146
159,3.545941432166552,1.9332141142738104,2.8741995335029684
160,2.0496124588200058,1.6731345029239766,1.883300466853408
161,1.8894311336149705,1.9804145020513,1.8045822784810128
162,1.6117158067158066,1.8823932853717025,1.6487085966775503
163,1.74889817310572,1.7985289230061532,1.6588868207979708
164,1.58555143436685,1.9557076411960133,1.5713008931996275
165,1.3456736781127026,1.861551016188113,1.4372347037495925
166,1.74889817310572,1.7881593137254903,1.6588868207979708
167,1.58555143436685,1.3440718807304881,1.5713008931996275
168,1.3456736781127026,1.0516609062980031,1.4372347037495925
169,1.7634154144850307,0.9771966834649346,1.6704872800402208
170,1.5961648797450014,1.8811722841507013,1.5800489451476794
171,1.3444622416534182,1.7985289230061532,1.4423249979534742
172,1.8579639249639248,2.4438708414872794,1.7714470588235294
173,1.6724357329138553,2.380731789344951,1.6798809523809524
174,1.4127341743131216,2.326547928262214,1.3399796018814458
175,2.897341575091575,2.5052627990657155,2.261276749566224
176,2.7533314054366684,2.8389334544628664,2.1904475412430267
177,2.437064935064935,2.8371316526610637,2.054082040833016
178,2.589725650033027,2.834517273576097,2.0313187663729457
179,2.4614137456316847,2.8380265072471937,1.9651632603065723
180,2.1800689511291917,2.4456640488089825,1.8489794767304517
181,2.596627289377289,2.3769881339653622,2.036863103510786
182,2.4614137456316847,2.3211102491617908,1.9651632603065723
183,2.1800689511291917,2.506534450881301,1.8489794767304517
184,2.596505988548281,2.782191176470588,2.041715457744869
185,2.4656764474905404,2.7584819277108434,1.972879270962216
186,2.191481601731602,2.7358837052062204,1.858657637649992
187,2.698436147186147,2.8071463046757157,2.14856334841629
188,2.562992207792208,2.448210738112888,2.077568393876257
189,2.2432002250622936,2.376934855467113,1.7488058175301238
190,1.5511541608228143,2.3213283102270443,1.3644534412955465
191,1.3491990837586814,2.5074058346387083,1.2539379011792804
192,1.1889458754928923,2.43593365495425,1.1634360657133127
193,1.883979113384484,1.7737213528921576,1.556788710907704
194,1.7621044891640865,2.554358058049333,1.495479403155565
195,1.5896855637281342,2.422706889605157,1.408141368743616
196,1.5742778270116975,2.3558912787454287,1.5798695730884431
197,1.3830934362934364,2.2692059369202218,1.473965335197463
198,1.2112151414476997,2.8389334544628664,1.3762335553997196
199,1.926293956043956,2.8389334544628664,1.779640740136498
200,1.7838116123642436,2.8380265072471937,1.7067033756867709
201,1.6543251588491463,2.8398527410964385,1.6416878311327892
202,1.4749462694168576,2.4203383874467463,1.519010066238982
203,1.2984531325750837,2.3293659673659666,1.4184879832810868
204,1.1401071563365552,2.204825454336324,1.3261658427593912
205,1.8528160173160173,2.428251921281333,1.7410494037131017
206,1.7420506935506932,2.3417029637029634,1.682074939802826
207,1.609010115218774,2.2225881115739607,1.6128557052860164
208,1.0935992495876214,2.4364532199826314,2.310671807747489
209,1.0600979233276748,2.3417029637029634,2.2672531675641427
210,1.0328780957414678,2.22102555053642,2.232922149744753
211,1.1459765685623806,2.4441094461094464,2.3898349797234064
212,1.0476517732258943,2.35403235023304,1.6637445717911599
213,1.0074145127748069,2.2290067901234565,1.6052323886639677
214,0.9288497390873476,2.5596895624486677,1.4972580001697648
215,0.912542658976857,2.4836271088402584,1.477131096613855
216,0.8609797301661113,2.370126167185416,1.4080811691517725
217,0.7890070817446903,1.5148779454463663,1.3149099758536555
218,0.912542658976857,1.4491643139469226,1.477131096613855
219,0.8609797301661113,1.1223182801917946,1.4080811691517725
220,0.7890070817446903,1.582031791600213,1.3149099758536555
221,0.9202438784890524,1.5228506493506493,1.4871549061376648
222,0.8670811794414736,1.2094060150375938,1.4157823886639676
223,0.7928359926966738,2.1268947431878464,1.3197416879795396
224,0.9835942082111436,1.4616747757073842,1.5734277504105092
225,0.9329463511840272,1.3382676002952505,1.5014316939890713
226,0.8438583757617245,2.1940485893416932,1.2065015223480695
227,1.1200518341307817,1.5314629629629628,1.7459424606845513
228,1.0793095149836431,1.4207637600494745,1.6854475568004978
229,1.0166151245267314,1.3970456444140655,1.5964575315455267
230,0.9812312887915298,1.3181923169666463,1.5545230494341868
231,0.936824057553712,1.2508105080497445,1.4944907885510297
232,0.8801716277250258,1.9944620655279657,1.4191943736507902
233,0.984942719881744,1.91601379004662,1.5593289855072463
234,0.936824057553712,1.8503747730530342,1.4944907885510297
235,0.8801716277250258,1.335673922062118,1.4191943736507902
236,0.9882060675843058,1.2833472918131232,1.5636827559954318
237,0.9422808302808304,1.2090247481718197,1.501448343079922
238,0.8872472579771266,1.432318286552157,1.4278648541999892
239,1.0554545454545454,1.30213895173454,1.6550380952380952
240,1.0116090236624216,1.203075986530862,1.592762789182144
241,0.9333392731122088,1.4225996745541338,1.3083847738938217
242,0.8454612054612054,1.3548974958723172,1.212560454002389
243,0.7838009049773756,1.2358325211176089,1.132170259408111
244,0.7297323230447323,1.7323182865521574,1.0638071046942017
245,0.8926804567981037,1.6657358184360331,1.2644473237558342
246,0.8503695324283559,1.4058679927667268,1.2086533632879608
247,0.7990747803585856,1.9256595505617982,1.1414345238095238
248,0.8729294978179359,1.841775280380593,1.4266346998623494
249,0.8146798388687782,1.7667604513682449,1.351942010148552
250,0.7562515262515263,1.904580394234254,1.2760320887048997
251,0.9248011555719466,1.823344368684794,1.4865523388465636
252,0.8753300187999727,1.7585382840339736,1.4191728161283854
253,0.8297641276694163,1.2936839497582562,1.3585286822121927
254,0.8414677220825011,1.0140487686021666,1.3861917486307729
255,0.7829396381897588,0.9457726601516075,1.31036694853325
256,0.727219177705711,1.8406313773835676,1.2409395478374836
257,0.8990307472925851,1.7667604513682449,1.4500517892993243
258,0.8580170375705638,2.7903234265734262,1.3963598563346682
259,0.8087752043142554,2.7144705362129957,1.3312339922912988
260,1.6249721790890266,2.6516644741717927,2.5058357932473205
261,1.5763120763493006,2.8668688811188807,2.452594575448725
262,1.5383334595768317,3.3408207070707063,2.4114842680346205
263,1.6975200334944858,3.338559286898839,2.597642572944297
264,1.3505809651635992,3.335290957015409,1.8246059335873708
265,1.281783408680769,3.3396814954051792,1.7500977418267607
266,1.1408794693678417,2.7923223920863314,1.6105639675224928
267,1.1346096929337772,2.70936013986014,1.5817213182027552
268,1.056499127744314,2.6440366502866497,1.4994558813616448
269,0.9357769052652772,2.868586601307189,1.3853985910270672
270,1.1346096929337772,3.2919444444444435,1.5817213182027552
271,1.056499127744314,3.2711257309941515,1.4994558813616448
272,0.9357769052652772,3.2506378340365685,1.3853985910270672
273,1.1458663774257558,3.31297152194211,1.5940583145397516
274,1.0650213949507914,2.7954963235294112,1.5086832786219189
275,0.9408191521122552,2.709486743938183,1.3910092328080943
276,1.2436040996565445,2.6446940803235246,1.7037981873627193
277,1.1652799106519616,2.8696759259259257,1.6171399373573287
278,1.0194755389537995,2.7485102800425376,1.2955286738351253
279,1.7326052200272095,2.168888535031847,2.0004434661723822
280,1.6714923488598596,2.930375939849624,1.9251708525392737
281,1.548984074542498,2.785444514501892,1.8105472222222219
282,1.5112503160838329,2.7118576438387407,1.7516707388996546
283,1.4537923757922593,2.615736973116495,1.6834483645009959
284,1.3499627185400098,3.3408207070707063,1.5923926767676766
285,1.5166339477973876,3.3408207070707063,1.7575588507877664
286,1.4537923757922593,3.3396814954051792,1.6834483645009959
287,1.3499627185400098,3.341977311280746,1.5923926767676766
288,1.5213821699762278,2.623844224989265,1.762909517503455
289,1.4613493214102968,2.4734332077658645,1.6917513002396718
290,1.3594257555030471,2.3116353270105803,1.6025236928104576
291,1.6248322395611552,2.6341544290708985,1.8789142712788036
292,1.5631424649929062,2.488987394957983,1.8045047175047173
293,1.4308574894246695,2.333070223893753,1.4993551587301586
294,1.0292640796508898,2.6448942249892657,1.2995631108562145
295,0.9303667711598744,2.488987394957983,1.202622136033901
296,0.8488243343444555,2.331141118516372,1.121704037800687
297,1.2253225866704955,2.655033168271934,1.4023544861475898
298,1.1719082731361592,2.504680572938395,1.339793853205618
299,1.0957643590446,2.340809830781628,1.2624565280657718
300,1.0610713266385683,2.8141856300562185,1.5164859241881712
301,0.96384006890031,2.6778862663568543,1.4241171057075313
302,0.8781819109872654,2.521074809541651,1.3357175185925183
303,1.2608424936866234,1.6243186357734942,1.626713196915444
304,1.1996607927978225,1.5389948051948052,1.5521060062995546
305,1.1458812148949449,1.1918548998696532,1.4864844093104963
306,1.0046365018090844,1.7656951539921175,1.4650905982905982
307,0.914748409000944,1.7015134865134864,1.374793564128376
308,0.8307591830611634,1.3624119164907342,1.2923005565862709
309,1.2300583339814888,2.2390134525700813,1.5870669552669552
310,1.178335365522683,1.553921473915326,1.5268311816832352
311,1.1213789428815002,1.4081763285024151,1.4570216450216449
312,9.4415,2.380389970788705,3.966103896103896
313,9.325510204081633,1.711764109325085,3.920176623376624
314,9.245517241379307,1.5753906142167011,3.884090909090909
315,13.901505376344087,1.4544001510411049,4.922989544568492
316,3.8981403508771932,1.362331556478597,2.1350420531849097
317,3.4318484848484845,1.2856374229691876,1.9753016890516888
318,2.7704229323308267,2.0491267529416195,1.7302172464684795
319,3.1427575757575754,1.9583006123997808,1.93456586270872
320,2.7514444444444437,1.8840325203252035,1.7648016890516889
321,2.2510073479152433,1.37787318896232,1.5370046860820064
322,3.1427575757575754,1.3175010573218615,1.93456586270872
323,2.7514444444444437,1.2363498777437396,1.7648016890516889
324,2.2510073479152433,1.747685366636773,1.5370046860820064
325,3.170095238095238,1.5880808763481735,1.9451793080868711
326,2.769435897435897,1.4858286933192593,1.7728978428978426
327,2.2366517857142862,1.7436512186666984,1.5330254901960785
328,3.295809523809524,1.6456882076774368,1.9904660894660893
329,2.848993006993007,1.5223234065089484,1.790635593220339
330,2.1580618466898955,2.047685366636773,1.4871440191728162
331,3.2373524720893143,1.9523338554037155,2.342090909090909
332,2.7894545035174723,1.6890831656606309,2.1948167465957225
333,13.944409095761714,1.9933734247265091,1.9779403289557564
334,2.4692121212121214,1.8929379084967315,2.1365322236449
335,2.1504663612249817,1.8070873830646128,1.9911583943659417
336,13.450389538376234,1.968282797449464,1.7902805049088355
337,2.481969696969697,1.8716722455689907,2.141614718614719
338,2.1504663612249817,1.7965520066847556,1.9911583943659417
339,13.450389538376234,1.3553559186005386,1.7902805049088355
340,2.4619873150105707,1.060656333696286,2.1383411309187705
341,2.1448089017900336,0.9843293141246476,1.99206525776146
342,13.468062113003096,1.8915699194406441,1.7993342683496958
343,2.601688311688312,1.8070873830646128,2.189011544011544
344,2.2707954274827338,2.3182314380107805,2.0455286971093423
345,13.348487394957981,2.2520442140892745,1.7378278150273032
346,2.505240137221269,2.195588275391956,1.6764351471313497
347,2.0832589285714285,2.3834567901234567,1.4739666666666664
348,1.7817801857585138,2.750326219512196,1.3157744719509423
349,3.5994609164420486,2.748856927710844,1.7798074644691844
350,3.3304017857142854,2.7467181952662725,1.642545977011494
351,2.873051948051948,2.749587121212121,1.4782498308221352
352,2.674702123273552,2.3220460208492253,1.7696787878787876
353,2.2801709491687383,2.2504621848739497,1.5885478991596638
354,1.9674117647058824,2.1929957264957265,1.410982142857143
355,3.8084683570397857,2.386183212267958,1.9065126436781608
356,3.5112597402597405,2.7010701871657754,1.7372178876362092
357,3.265774647887324,2.68026510989011,1.5865285235841111
358,2.47678587494377,2.660375,1.682369106699752
359,2.135147993311037,2.722904069767442,1.505102258852259
360,1.8538795342588448,2.3241345755693583,1.3516239350601262
361,3.658489171647066,2.249679994560044,1.812567098363261
362,3.43425513616818,2.1922444155280854,1.6909260136415305
363,3.192530882910193,2.3868960722622554,1.5367377933252615
364,,2.36666596915446,2.5235
365,,1.673592833092833,2.4915702247191014
366,,2.436815894797027,2.465505102040816
367,,2.304242886380141,2.8373451607078364
368,,2.236825211176088,1.6303429072178168
369,,2.148848599742351,1.5222958117151666
370,,2.750326219512196,1.3504777006108273
371,,2.750326219512196,1.5029215997117638
372,,2.749587121212121,1.3835998611317764
373,,2.7510743865030682,1.2173089991679862
374,,2.3414169429471627,1.5029215997117638
375,,2.2590370062753777,1.3835998611317764
376,,2.140489664427349,1.2173089991679862
377,,2.3499219934522126,1.5102560944852828
378,,2.2721829859787346,1.389441674267761
379,,2.15883419298754,1.2147793522267205
380,,2.3587479892593413,1.539926696832579
381,,2.2721829859787346,1.39928144584327
382,,2.1575428289843117,1.2131468334919986
383,,2.3672173100009237,1.738076069410815
384,,2.2855480851920795,1.6386446886446884
385,,2.1661354265238972,1.490084499519282
386,,2.494184295669487,1.6071169467787114
387,,2.4270075757575755,1.5035870445344128
388,,2.3187685845219312,1.3600723093526832
389,,1.4676777261410294,1.6106547619047618
390,,1.4060790835181078,1.5035870445344128
391,,1.0864011041309731,1.3600723093526832
392,,1.512735790657158,1.6088133447137494
393,,1.4538154471544713,1.5046432062561097
394,,1.1461762509335325,1.3668821583821582
395,,2.080818757974881,1.6421953781512606
396,,1.4197506065363208,1.5416216216216216
397,,1.3028472318707682,1.3543341927499613
398,,2.1258768224910103,1.3541432486973284
399,,1.4633876517695683,1.2071013336508691
400,,1.3585981476216842,1.0876803965881752
401,,1.357794864801344,1.4121920887461683
402,,1.2846999263622976,1.3115628721124075
403,,1.2215986622073578,1.1880270040037482
404,,1.9565803681612504,1.3900107009095772
405,,1.8835091882820243,1.2593039541759057
406,,1.8219427680032734,1.1243913043478262
407,,1.3020143536574276,1.4729166838155603
408,,1.252480376294126,1.3481203619909503
409,,1.1831042380256125,1.2319918389483608
410,,1.316657101865136,1.3276833296980028
411,,1.1921453311656185,1.1963488675958192
412,,1.093732981101402,1.0789014885823396
413,,1.30992834423487,1.4037052129871277
414,,1.247488894650419,1.3129354060573573
415,,1.1288042944971075,1.192251814257647
416,,1.616657101865136,1.8067903374942211
417,,1.5557148246961492,1.7870833333333331
418,,1.296458591620116,1.7703079496261314
419,,1.8842155251702688,1.960206455102777
420,,1.8073896063910813,1.2793259970983548
421,,1.738246084346294,1.207969904240766
422,,1.865141963833024,1.092077698337497
423,,1.7905529143164114,1.2073519829656902
424,,1.7307729544960582,1.126690869549967
425,,1.2556039488966315,1.0103092342434512
426,,0.982603788720227,1.2073519829656902
427,,0.918923423113028,1.126690869549967
428,,1.8064189210872563,1.0103092342434512
429,,1.738246084346294,1.2118486451819783
430,,2.5075186965811964,1.1304456075655742
431,,2.4276233421750666,1.0089602944368796
432,,2.361972352076056,1.2292187812187811
433,,2.589434970166102,1.1326348039215686
434,,3.1213286090621706,1.0047217554044765
435,,3.1194774428274434,1.3267987804878048
436,,3.1167926388181355,1.2615150478796169
437,,3.1203967294610147,1.162154922519003
438,,2.512080616779383,1.2526388888888889
439,,2.4251769965703085,1.1818619142572282
440,,2.357811468949785,1.0818973974353914
441,,2.5930448717948718,1.25482476635514
442,,3.0746745861733205,1.1818619142572282
443,,3.0547803693097664,1.0818973974353914
444,,3.0353713774597493,1.2539654670393665
445,,3.095021261091849,1.182816760224539
446,,2.5146949958643505,1.0864873429229749
447,,2.4244080973837114,1.2736051448551449
448,,2.3572989510489513,1.2056783285808292
449,,2.5939397263810013,1.0755029929639093
450,,2.594029768936717,1.1089956336766682
451,,1.899701372019793,1.0065542793992857
452,,2.659127164243624,0.9210583822015488
453,,2.5047167898015354,1.1351551065567294
454,,2.427404995208198,1.0650327482988071
455,,2.327290008841733,0.975350052736435
456,,3.1213286090621706,1.1354627329192548
457,,3.1213286090621706,1.0462855064372598
458,,3.1203967294610147,0.9477201873864258
459,,3.1222733421750664,1.180813382269904
460,,2.4983305832266685,1.0917390594001632
461,,2.3790003819709704,1.00567177663349
462,,2.2311649514008005,1.093019514170953
463,,2.509527391737307,0.9999221813725491
464,,2.3957067311773192,0.9150964169316572
465,,2.253404577812596,1.130299756980608
466,,2.521211018009277,1.0660585450089126
467,,2.3957067311773192,0.9750238962978044
468,,2.2518022063027607,6.802627450980392
469,,2.5325425328025952,6.7283333333333335
470,,2.4128603123631587,6.6734202898550725
471,,2.262272727272727,9.614
472,,2.709959963603276,2.9352698412698413
473,,2.6042183163555714,2.6762594235033257
474,,2.458946379338056,2.288421362472114
475,,1.5610704679935448,2.552542568542569
476,,1.4843886825817858,2.299420262664165
477,,1.146967370737923,1.9687810028317547
478,,1.6419038013268783,2.552542568542569
479,,1.5758450928381962,2.299420262664165
480,,1.2498237681970883,1.9687810028317547
481,,2.1772314507198227,2.569873614854747
482,,1.5007803522952754,2.311757259001161
483,,1.3644491053442351,1.961522652218782
484,,2.258064784053156,2.650522872476361
485,,1.5872954479976953,2.3557862333744692
486,,1.4640752396455057,1.8462038727019312
487,,1.4137083191559399,3.6519740259740265
488,,1.3292935064935063,3.4084796380090494
489,,1.257820066112749,3.0049039070173524
490,,2.0109949417245043,3.2610454545454544
491,,1.9269876456876456,3.0482657342657338
492,,1.857483773801956,2.6972500608635057
493,,1.3462247408951422,3.2692467532467533
494,,1.2894257535567881,3.0482657342657338
495,,1.2131322449928588,2.6972500608635057
496,,1.4894900584795323,3.2618787878787883
497,,1.3506660852758856,3.0480308395872413
498,,1.246987436130748,2.7102039070173523
499,,1.4865514164198372,3.3513540413075296
500,,1.409256763317004,3.1350350601779167
501,,1.2844372294372297,2.5697132677551524
502,,1.7894900584795324,2.0980992336152218
503,,1.7148910123004728,1.808129795075925
504,,1.4501621323660157,1.5898179581200895
505,,1.9423944073944075,2.3795096614227083
506,,1.85307811486048,2.186519887955182
507,,1.7751118947579032,1.9515809736711376
508,,1.920406764150392,2.284827369439072
509,,1.834004233563296,2.0195885868517447
510,,1.7659584344794428,1.7819635926132853
511,,1.3090435139573071,2.6057832517920128
512,,1.0245165675291403,2.3769740367337717
513,,0.9538872894174096,2.1812621255273132
514,,1.851909344406997,2.1551119832548404
515,,1.7751118947579032,1.9083884711779449
516,,4.874408634843418,1.6997005270092227
517,,4.777008120419883,2.48302299381291
518,,4.7181335366241015,2.315951496388029
519,,4.943838919700989,2.11938117953581
520,,5.295376623376622,
521,,5.247757575757576,
522,,5.187151515151514,
523,,5.270746081504703,
524,,4.687534405892615,
525,,4.556248771309011,
526,,4.441283422459891,
527,,4.8072488038277505,
528,,3.7760909090909087,
529,,3.4498735177865614,
530,,3.2114612794612794,
531,,4.266646464646465,
532,,4.741105834464043,
533,,4.611233766233767,
534,,4.508291313949209,
535,,4.827410094150332,
536,,2.5466965452847807,
537,,2.2575986277873072,
538,,4.9240401991517615,
539,,3.5980091783216777,
540,,3.2836730296730297,
541,,3.005726386673755,
542,,5.295376623376622,
543,,5.295376623376622,
544,,5.270746081504703,
545,,5.3218316498316485,
546,,3.7981482506132536,
547,,3.6329872495446263,
548,,3.0118568261007286,
549,,3.8073137077975785,
550,,3.6470244821092277,
551,,3.0548479100807864,
552,,3.8168385946754073,
553,,3.6470244821092277,
554,,3.0298322753090536,
555,,3.808919165085389,
556,,3.647031768610716,
557,,3.0279651240778,
558,,3.8759966914805615,
559,,3.7193073593073587,
560,,3.099608490566037,
561,,1.9344769651778768,
562,,1.7899383116883114,
563,,1.3801198412698412,
564,,2.0336815106324218,
565,,1.8716428571428567,
566,,1.5044162367917464,
567,,2.1283864131511185,
568,,1.7827472089314191,
569,,1.4926081871345032,
570,,2.2275909586056644,
571,,1.8601352813852812,
572,,1.5976555727554178,
573,,1.8387412547596167,
574,,1.6253730407523508,
575,,1.4686795088357587,
576,,2.034880267000417,
577,,1.8222926306066407,
578,,1.667672546751494,
579,,1.7088368479467257,
580,,1.5854306686281607,
581,,1.3936078106290872,
582,,2.955072250639386,
583,,2.55912077294686,
584,,2.270992203515139,
585,,2.673694460129243,
586,,2.4083612440191393,
587,,2.149789377289377,
588,,3.115072250639386,
589,,2.778010989010989,
590,,2.4152046783625734,
591,,1.7879708222811668,
592,,1.6050069217353389,
593,,1.4416776360894006,
594,,1.7437402846195948,
595,,1.5643350727387733,
596,,1.4322842059900882,
597,,1.4674432992614812,
598,,1.2027755652148333,
599,,1.0635456287778269,
600,,1.5960942657638593,
601,,1.4416776360894006,
