,"('Cold Sandwiches', 'Chocolates & Candy', 'Hot Drinks')","('Cold Sandwiches', 'Fruit & Nuts', 'Hot Drinks')","('Cold Sandwiches', 'Biscotti & Cookies', 'Hot Drinks')","('Cold Sandwiches', 'Yogurt & Custard', 'Hot Drinks')","('Warm Sandwiches', 'Biscotti & Cookies', 'Hot Drinks')","('Warm Sandwiches', 'Yogurt & Custard', 'Hot Drinks')"
0,1.0021276714385414,1.2444823721282532,1.0090093690756332,0.8217041677005299,1.031399321511572,0.8969782800398741
1,1.0009283331424292,1.2423084590847748,1.007711829925745,0.8207626092589715,1.0298198008144042,0.8958664021164021
2,1.0021276714385414,1.2444823721282532,1.0090093690756332,0.8217041677005299,1.031399321511572,0.8969782800398741
3,1.0021276714385414,1.2444823721282532,1.0090093690756332,0.8217041677005299,1.031399321511572,0.8969782800398741
4,1.0021276714385414,1.2444823721282532,1.0090093690756332,0.8217041677005299,1.031399321511572,0.8969782800398741
5,0.6909190732958522,0.8099311903244487,0.7018505316731073,0.6091335325932709,0.7103509207244458,0.637760663626181
6,0.6435348342088656,0.7011092370895313,0.6272472223301743,0.5750343750050385,0.6483470322031729,0.6077091757091909
7,0.8428975949822911,0.9445672049324286,0.8288332448965899,0.6912045493122257,0.8525709973166369,0.7428027009171968
8,0.7070877376107676,0.8364476204092686,0.7194539599578537,0.6229808149086794,0.7287320727280551,0.6542495970163299
9,0.897674684310081,1.0428854321296777,0.8909471204250857,0.7368586490357679,0.913834127979384,0.7953168049603843
10,0.8210080119296491,0.9162057933488904,0.8122553983816653,0.6723994253753003,0.8225766350637107,0.7072753840758491
11,0.8137178271101927,0.9167010107971724,0.8102962850797497,0.6659575815935149,0.8163457262689655,0.6971506809741812
12,0.8463217036094891,0.9483435889719706,0.8319903673835126,0.6941449389218989,0.8553056014222086,0.7454196118704591
13,0.8463217036094891,0.9483435889719706,0.8319903673835126,0.6941449389218989,0.8553056014222086,0.7454196118704591
14,0.9642094164306362,1.173936171636239,0.9684610266689176,0.7910519144202924,0.988581696081696,0.8577087238677484
15,0.7587101325613513,0.8144480224348162,0.744338612781176,0.619117515255162,0.7523983503246905,0.6446069299819487
16,0.841963081749558,0.95184545757848,0.8345157495371448,0.6901643753174556,0.8482266662728383,0.7310899532710281
17,0.841963081749558,0.95184545757848,0.8345157495371448,0.6901643753174556,0.8482266662728383,0.7310899532710281
18,1.3722799549082465,1.2519360355553746,0.99202068289451,1.0431348260551223,1.0717671812676377,1.0766823749189645
19,1.3697704360435872,1.2496033457226847,0.9907571764462704,1.0416864193025506,1.0702332766870808,1.0748984182260508
20,1.3722799549082465,1.2519360355553746,0.99202068289451,1.0431348260551223,1.0717671812676377,1.0766823749189645
21,1.3722799549082465,1.2519360355553746,0.99202068289451,1.0431348260551223,1.0717671812676377,1.0766823749189645
22,1.3722799549082465,1.2519360355553746,0.99202068289451,1.0431348260551223,1.0717671812676377,1.0766823749189645
23,0.8594486438913682,0.8125462257041205,0.6946307920614109,0.7183277157016653,0.7220423951848229,0.7298392686566765
24,0.7449809804232866,0.7042560272432951,0.6423721013624722,0.6249030135930486,0.6766473479472813,0.6563206985893343
25,1.0513274498988785,0.9426758901758902,0.8247840067034856,0.833138161085599,0.8789756484581939,0.8662233661752744
26,0.8875877638996633,0.8396756918892335,0.711494641893323,0.7388708060108445,0.7416764679085525,0.7513787745385843
27,1.1557554271708683,1.0436847627014834,0.8824290188022985,0.9045896211994016,0.9437413374913376,0.9372431342907532
28,1.0174403345634209,0.9132218291188391,0.8037279591637391,0.8083251660529926,0.8377091270861379,0.8231160417596587
29,1.0164365316688198,0.913188420422446,0.7974540005612415,0.8093428207008709,0.8268023737714625,0.8170569398078968
30,1.055275716347145,0.9466241566241566,0.8282549689244479,0.8353948710570371,0.8820095350557952,0.8682764937114272
31,1.055275716347145,0.9466241566241566,0.8282549689244479,0.8353948710570371,0.8820095350557952,0.8682764937114272
32,1.2953428472838409,1.178700967566514,0.95270454570898,0.99555879917155,1.0223862574697244,1.024769597635631
33,0.9095695317547171,0.8090691058430471,0.7387086348917684,0.7299038266636528,0.7629738544908823,0.7415286083007039
34,1.0560828231592043,0.9498172814617484,0.8254322518500933,0.8362150759043927,0.8663473973933463,0.855220898997218
35,1.0560828231592043,0.9498172814617484,0.8254322518500933,0.8362150759043927,0.8663473973933463,0.855220898997218
36,1.3383032998296154,1.2481233448261313,1.079382474924215,1.0567066004712184,1.1783348709050598,1.0838211180375827
37,1.3356977292995167,1.2457906549934414,1.0778485703436582,1.0552581937186465,1.176433480923418,1.0820371613446695
38,1.3383032998296154,1.2481233448261313,1.079382474924215,1.0567066004712184,1.1783348709050598,1.0838211180375827
39,1.3383032998296154,1.2481233448261313,1.079382474924215,1.0567066004712184,1.1783348709050598,1.0838211180375827
40,1.3383032998296154,1.2481233448261313,1.079382474924215,1.0567066004712184,1.1783348709050598,1.0838211180375827
41,0.8481808860995464,0.8108100233100233,0.7290619474877903,0.7244567612592823,0.7590038267712291,0.7343558577083389
42,0.7370369178237137,0.7022263154998428,0.6637350276737551,0.6298991891634497,0.7028716248149052,0.6596353624480151
43,1.0085692236339667,0.9415096624965046,0.8913751701814342,0.8480396713968993,0.9548791486291486,0.8776847091481238
44,0.8770673961765914,0.8378767150282553,0.7477327362319149,0.7448447164638576,0.7809729505959013,0.7555326722603609
45,1.115546907492872,1.0417798354306689,0.9554718525131202,0.9191124707246268,1.0284740501352994,0.9475024737167592
46,0.9711818730828444,0.9110160914518712,0.8653080213818085,0.8242335204486065,0.9035191978889032,0.8368400927259114
47,0.9694051731304266,0.9110725474065728,0.859190762500035,0.8254865234840073,0.8913561196836457,0.8312830274817616
48,1.0125174900822334,0.9452860465360464,0.8946683151824281,0.850319474778307,0.9577159373717888,0.8797633648474692
49,1.0125174900822334,0.9452860465360464,0.8946683151824281,0.850319474778307,0.9577159373717888,0.8797633648474692
50,1.258523703346392,1.1755172068827529,1.0347752506725358,1.0095928714899358,1.1195136349705277,1.03342484819229
51,0.8605563880963464,0.8072312661341768,0.793606012893755,0.7463623738682701,0.8201721555200937,0.7565729157938835
52,1.011342294975926,0.9477958823105648,0.8903225538384899,0.8517836580334573,0.9370358827106584,0.8681500911764456
53,1.011342294975926,0.9477958823105648,0.8903225538384899,0.8517836580334573,0.9370358827106584,0.8681500911764456
54,0.8952733502821418,1.0170054302422722,1.0381292554854364,1.049893801803316,1.152025077319195,1.2472151565222218
55,0.8940425549336993,1.0153782279080783,1.0365020531512428,1.0481645233298515,1.149994264994265,1.2450412434787437
56,0.8952733502821418,1.0170054302422722,1.0381292554854364,1.049893801803316,1.152025077319195,1.2472151565222218
57,0.8952733502821418,1.0170054302422722,1.0381292554854364,1.049893801803316,1.152025077319195,1.2472151565222218
58,0.8952733502821418,1.0170054302422722,1.0381292554854364,1.049893801803316,1.152025077319195,1.2472151565222218
59,0.6416485366485366,0.7076424717469685,0.7199731399350912,0.7196160756863547,0.7536147198466843,0.7697035099727321
60,0.6022724376834312,0.6491270057982584,0.6516437047760308,0.6654911219901664,0.6966014362804328,0.7235219197575521
61,0.7440995946043154,0.8264877517245403,0.8487912145022324,0.8481697486215518,0.9190368346223212,0.9553185209831718
62,0.6575248472190997,0.7267171312160542,0.7393741468396482,0.7397399834204355,0.7766858788068611,0.7958646705551631
63,0.7959958846348935,0.8913423970791258,0.9137885923600207,0.9161362600414332,0.9956117630752942,1.0466792259191218
64,0.7162653688693559,0.7972956110581885,0.8187223594089229,0.8120995709061419,0.8620022175536882,0.8778747101452997
65,0.7081315685586013,0.7903848458144722,0.8138628823421404,0.8030525276100496,0.8501346120585396,0.8599388974445269
66,0.7468880814887546,0.8297141117773971,0.8514857410866759,0.8514309600563763,0.9214774492388256,0.95816812569401
67,0.7468880814887546,0.8297141117773971,0.8514857410866759,0.8514309600563763,0.9214774492388256,0.95816812569401
68,0.8584090912218484,0.9712121488086156,0.9933207294314736,0.999832309934952,1.0900012618427886,1.162818849039678
69,0.6555995514147687,0.724204315241912,0.7446690204193548,0.7352009038660908,0.7747809695178116,0.779005134151451
70,0.7381856846451078,0.8233983626635742,0.8457082187498344,0.8405776855881076,0.8981258993622356,0.9209865573023466
71,0.7381856846451078,0.8233983626635742,0.8457082187498344,0.8405776855881076,0.8981258993622356,0.9209865573023466
72,1.0447219367392742,0.942140624365688,1.0917124659510922,1.0406615614279784,1.224821221619764,1.304716117216117
73,1.0429926582658096,0.9407707613519896,1.0899285092581787,1.0389844853234214,1.2225700183904518,1.3026155812172762
74,1.0447219367392742,0.942140624365688,1.0917124659510922,1.0406615614279784,1.224821221619764,1.304716117216117
75,1.0447219367392742,0.942140624365688,1.0917124659510922,1.0406615614279784,1.224821221619764,1.304716117216117
76,1.0447219367392742,0.942140624365688,1.0917124659510922,1.0406615614279784,1.224821221619764,1.304716117216117
77,0.7206682900432901,0.6582649327604296,0.7425842795731178,0.7111412346470676,0.7799072200635543,0.7732285424588871
78,0.6671672198517684,0.6203224299980566,0.6723438198138288,0.6643682162978679,0.7208808109090721,0.7332447807493088
79,0.8437553089851358,0.7710052865275944,0.8908948975955946,0.8439567798655925,0.9700184746795916,0.9773362786510744
80,0.740484637913768,0.6760917242890985,0.7628605873287967,0.7310910230870866,0.8044074652193384,0.8008522727272727
81,0.9116291495049108,0.8287136752205119,0.9593528368794324,0.9100054797523152,1.0526775275114937,1.0764306478405314
82,0.8125034626668662,0.7319794367459794,0.8586193311240765,0.8026653994420764,0.9070238097860572,0.8850001121263241
83,0.8039917313392758,0.7215558427059082,0.8529586743881702,0.7921747403441649,0.8937025841021691,0.8639992190621479
84,0.8473730323397012,0.7736193670365524,0.8937743679750648,0.8469384348821313,0.9726026967390732,0.9799992024039992
85,0.8473730323397012,0.7736193670365524,0.8937743679750648,0.8469384348821313,0.9726026967390732,0.9799992024039992
86,0.9955223695317544,0.8983801256499465,1.0436247975785349,0.9905318947123214,1.155634174819378,1.2046218817074523
87,0.7364727448436191,0.6642733187786088,0.7812136223447941,0.7267453491717211,0.8144102026247335,0.7808385878519827
88,0.8396704297296559,0.7581923903881912,0.8870341923417012,0.8318652045641909,0.9459620488210124,0.9324618409468952
89,0.8396704297296559,0.7581923903881912,0.8870341923417012,0.8318652045641909,0.9459620488210124,0.9324618409468952
90,1.2919310867355136,0.9778483589159888,1.1260797662162119,0.9605799435930882,1.2679403713601134,1.0391758728199585
91,1.2899002744105836,0.9763999521634164,1.1241152627613955,0.959468065669616,1.2654308524954545,1.0378429072012785
92,1.2919310867355136,0.9778483589159888,1.1260797662162119,0.9605799435930882,1.2679403713601134,1.0391758728199585
93,1.2919310867355136,0.9778483589159888,1.1260797662162119,0.9605799435930882,1.2679403713601134,1.0391758728199585
94,1.2919310867355136,0.9778483589159888,1.1260797662162119,0.9605799435930882,1.2679403713601134,1.0391758728199585
95,0.8250582738231839,0.6833212097659077,0.7597442579757893,0.6710314902216594,0.7969639378950738,0.6984635955831608
96,0.7114996044134211,0.633134110074847,0.6883381859654101,0.6106717245267012,0.7373045619490867,0.6467856864360878
97,1.0040130146368476,0.8039405476610121,0.8990495274793838,0.8203595274781716,0.9823151996485908,0.8727621916071402
98,0.8508134920634919,0.7013708881320504,0.7816522972963393,0.6863924533282445,0.8233187175495612,0.7164657108225075
99,1.098794085266315,0.8632221124176475,0.975387509472996,0.8696613146428461,1.073813899011906,0.929292818809481
100,0.9761616902616902,0.7702727207294463,0.8665468819106588,0.7964298023841407,0.9152492273827614,0.8307376812929226
101,0.9773232293975328,0.7620914782672982,0.8599545094244134,0.7924907423757187,0.9004265469119268,0.8218683396314975
102,1.0074599253957053,0.8066541930664733,0.902631647631136,0.8224077407028555,0.9854188611531484,0.8746580657039901
103,1.0074599253957053,0.8066541930664733,0.902631647631136,0.8224077407028555,0.9854188611531484,0.8746580657039901
104,1.2246873088232393,0.9350707742933436,1.0712213787823963,0.928179395523932,1.1895593315901494,0.9966970976485056
105,0.8774597149035532,0.7014886157938883,0.7825515299094845,0.7378632925151781,0.8153641214256967,0.7627213330675056
106,1.0108683605292819,0.7959344598054274,0.8967138590798567,0.8174951358759462,0.9570207253998232,0.8580185384116836
107,1.0108683605292819,0.7959344598054274,0.8967138590798567,0.8174951358759462,0.9570207253998232,0.8580185384116836
108,1.050678649300801,1.0773566622787771,0.9022561555765888,0.9932451198610528,1.0323457813003674,1.06337310447135
109,1.049051446966607,1.0756273838053123,0.9010253602281464,0.9918368059527389,1.0308555449180452,1.061643825997885
110,1.050678649300801,1.0773566622787771,0.9022561555765888,0.9932451198610528,1.0323457813003674,1.06337310447135
111,1.050678649300801,1.0773566622787771,0.9022561555765888,0.9932451198610528,1.0323457813003674,1.06337310447135
112,1.050678649300801,1.0773566622787771,0.9022561555765888,0.9932451198610528,1.0323457813003674,1.06337310447135
113,0.7224932902056075,0.7368561853257413,0.6476855422375041,0.6979583907117893,0.6890279227700794,0.7203890985140985
114,0.6682633542868648,0.6657950840518864,0.6137833464896469,0.6206432417135744,0.6591786746897247,0.6577543129432443
115,0.8540034738238799,0.8683024251573036,0.7399968638126532,0.8105992383797745,0.8197628307034456,0.8598269680733241
116,0.7419491193304825,0.7572955849185412,0.664198207862906,0.7167874849022509,0.709888525165311,0.7414680827195942
117,0.9205680681557376,0.9391920173103564,0.7953987298009172,0.8736799081183068,0.8891674080079878,0.9282476419641263
118,0.8237967476906096,0.8399717310468077,0.7141375536946207,0.7839669732441471,0.7661234961680351,0.8126298544747258
119,0.815494844788323,0.8345795043163465,0.7051829349275129,0.7821683477714011,0.7514550146723998,0.8043476080976081
120,0.8575971457163406,0.8716553991827815,0.7434678260336156,0.8127916220702064,0.8227967173010468,0.8618481992486072
121,0.8575971457163406,0.8716553991827815,0.7434678260336156,0.8127916220702064,0.8227967173010468,0.8618481992486072
122,1.0027255795935397,1.0277618011355372,0.8625877959532748,0.95134397595833,0.9743520199051762,1.0116378207075991
123,0.7491107056857831,0.7615555359577502,0.6506703050762647,0.7121702717188095,0.6870088168005549,0.7329304029304029
124,0.8502757324914062,0.8676459985254121,0.7361115885034129,0.8099003097829787,0.7981922818457471,0.8447491184283917
125,0.8502757324914062,0.8676459985254121,0.7361115885034129,0.8099003097829787,0.7981922818457471,0.8447491184283917
126,1.2919310867355136,1.253081512899832,1.08841821235684,0.7577212618635115,1.2152588086516658,0.8184628906814698
127,1.2899002744105836,1.2508303096705198,1.0863874000319098,0.7570209817514667,1.212653238121567,0.8176016409784524
128,1.2919310867355136,1.253081512899832,1.08841821235684,0.7577212618635115,1.2152588086516658,0.8184628906814698
129,1.2919310867355136,1.253081512899832,1.08841821235684,0.7577212618635115,1.2152588086516658,0.8184628906814698
130,1.2919310867355136,1.253081512899832,1.08841821235684,0.7577212618635115,1.2152588086516658,0.8184628906814698
131,0.8250582738231839,0.8099450915305155,0.7401957257272715,0.566148432684031,0.772919972105591,0.6043938412874895
132,0.7114996044134211,0.6961163367149282,0.665862525550761,0.5472327066188064,0.7123813595184602,0.5735462462062667
133,1.0040130146368476,0.9700548849564437,0.8473809070113661,0.6455350661336576,0.9241517331000249,0.6987283112545718
134,0.8508134920634919,0.8357367275998255,0.7630207579157758,0.5788425451663399,0.7997032662780211,0.6175504831313462
135,1.098794085266315,1.0632849813983245,0.9280553051945474,0.6847821351890859,1.0175966587638978,0.7408359988135269
136,0.9761616902616902,0.9376403624074866,0.815559850777242,0.6212509742797154,0.8585584933172812,0.6783770999439201
137,0.9773232293975328,0.9391283364713616,0.8099113843672666,0.6132312368677257,0.8444924489653541,0.6717005663613307
138,1.0074599253957053,0.9728266474021192,0.8510835627788417,0.6479170178292006,0.9273305005180744,0.7013452222078341
139,1.0074599253957053,0.9728266474021192,0.8510835627788417,0.6479170178292006,0.9273305005180744,0.7013452222078341
140,1.2246873088232393,1.1865774249173455,1.0305185518835844,0.730071727000165,1.1362312995146422,0.7900431185642051
141,0.8774597149035532,0.8392970412031603,0.7279648650511047,0.5728729140470147,0.7569588657071983,0.6279618576748105
142,1.0108683605292819,0.973730482718751,0.8467599176183453,0.6385657970904308,0.9006512931512932,0.6956737089016588
143,1.0108683605292819,0.973730482718751,0.8467599176183453,0.6385657970904308,0.9006512931512932,0.6956737089016588
144,1.0948922508222168,1.3034717985614634,0.9008926431686259,0.8443611815443052,1.030860779815366,0.996571302886174
145,1.0931629723487524,1.3010531163262675,0.8996618478201835,0.8433517837023281,1.0293705434330434,0.9952737637362858
146,1.0948922508222168,1.3034717985614634,0.9008926431686259,0.8443611815443052,1.030860779815366,0.996571302886174
147,1.0948922508222168,1.3034717985614634,0.9008926431686259,0.8443611815443052,1.030860779815366,0.996571302886174
148,1.0948922508222168,1.3034717985614634,0.9008926431686259,0.8443611815443052,1.030860779815366,0.996571302886174
149,0.7421619681095488,0.8343278168859566,0.6466663820255187,0.6169682102729399,0.6879309504137828,0.6953818475203396
150,0.6730380275001441,0.7234914174066618,0.6126760248791584,0.5772116876895655,0.6579830173173015,0.6210361974894842
151,0.8864761639975441,0.9883319574963924,0.7389958628116523,0.71511035620534,0.8186861262803439,0.8292357148307158
152,0.7622834172238554,0.8621613872286419,0.6631412147967806,0.6316153206860929,0.7087492615852891,0.713012653863427
153,0.9569342526340742,1.0911132984662395,0.7942594662208954,0.7602831931892992,0.8879358809143917,0.8874238416320467
154,0.8600039974662214,0.9542888831357222,0.7130997356033757,0.6860730565639463,0.7650056781488086,0.8035404784340955
155,0.8540291993321718,0.9535469897761132,0.7041451168362679,0.6794830999464279,0.7503371966531733,0.8013326271414073
156,0.8901076817631876,0.9921083415359344,0.7424486658216303,0.7170116742805163,0.8216997449447501,0.8312888423668686
157,0.8901076817631876,0.9921083415359344,0.7424486658216303,0.7170116742805163,0.8216997449447501,0.8312888423668686
158,1.0453210547842564,1.2281353567067852,0.8613058761501776,0.8129676418614679,0.9729595725396868,0.9582479148438096
159,0.7825969184479823,0.8476812147362994,0.6497838431232116,0.630503910843068,0.6860594737459488,0.7363411600476818
160,0.8868383371512363,0.9926003127911178,0.7350448080468309,0.707019730594292,0.7970420633042242,0.8278337803537473
161,0.8868383371512363,0.9926003127911178,0.7350448080468309,0.707019730594292,0.7970420633042242,0.8278337803537473
162,1.0457000481219765,1.3383032998296154,1.1045324732866029,0.8521580416239303,1.2483122145374737,1.025387279859637
163,1.0441205274248089,1.3356977292995167,1.1026310833049608,0.8511486437819533,1.2458935323022775,1.024089740709749
164,1.0457000481219765,1.3383032998296154,1.1045324732866029,0.8521580416239303,1.2483122145374737,1.025387279859637
165,1.0457000481219765,1.3383032998296154,1.1045324732866029,0.8521580416239303,1.2483122145374737,1.025387279859637
166,1.0457000481219765,1.3383032998296154,1.1045324732866029,0.8521580416239303,1.2483122145374737,1.025387279859637
167,0.7162426027609023,0.8481808860995464,0.7473941852993943,0.6215117598763643,0.7853000169527148,0.7050252744022228
168,0.6596567240012027,0.7370369178237137,0.6789518114653349,0.5808705266094991,0.7276642570312113,0.6286990840946906
169,0.8601824567195299,1.0085692236339667,0.8854335795800711,0.7250267025597394,0.9695042450467416,0.8594843514767615
170,0.7349131651742785,0.8770673961765914,0.7686367168185351,0.6359429766806145,0.8110700747075757,0.7224930096520342
171,0.9232711673732302,1.115546907492872,0.9591246796309456,0.7696034419816645,1.0587175049059596,0.9172678391652644
172,0.8301811586834041,0.9711818730828444,0.8530561528866073,0.6974067038350734,0.9026380345345372,0.8348718230239971
173,0.8225003106919843,0.9694051731304266,0.8460669425241618,0.6911404273603377,0.8876040174820662,0.8329152505957264
174,0.8633902291661069,1.0125174900822334,0.8889241356743226,0.7269563382208135,0.9725063406425676,0.8615630071761068
175,0.8633902291661069,1.0125174900822334,0.8889241356743226,0.7269563382208135,0.9725063406425676,0.8615630071761068
176,1.0007123345693978,1.258523703346392,1.0514535677288743,0.8215065399696447,1.171539021774871,0.9875658334160778
177,0.7586748632430798,0.8605563880963464,0.7716336369815752,0.6426106209909027,0.8050168770009832,0.7682510076366813
178,0.8558753578506936,1.011342294975926,0.8823810865198917,0.7178727654469662,0.9436465421333842,0.8588025972875161
179,0.8558753578506936,1.011342294975926,0.8823810865198917,0.7178727654469662,0.9436465421333842,0.8588025972875161
180,0.8957680761459692,0.9736568904513884,1.0283598957120728,0.9647330578152968,1.1092940295609854,1.047910551786008
181,0.8949068264429517,0.9722485765430744,1.0269515818037591,0.9635639858165868,1.1075647510875208,1.0463766472054516
182,0.8957680761459692,0.9736568904513884,1.0283598957120728,0.9647330578152968,1.1092940295609854,1.047910551786008
183,0.8957680761459692,0.9736568904513884,1.0283598957120728,0.9647330578152968,1.1092940295609854,1.047910551786008
184,0.8957680761459692,0.9736568904513884,1.0283598957120728,0.9647330578152968,1.1092940295609854,1.047910551786008
185,0.6318594060965245,0.6842119389223832,0.7111619480006307,0.6593128980980473,0.7370270366893451,0.7118465043067377
186,0.6051600568490835,0.6412697519791571,0.6487008527511098,0.6317814445655355,0.6837745410922581,0.6642280196465603
187,0.7632384207039783,0.7983966488613201,0.8467389597875684,0.7868558869927611,0.9013936444799194,0.8642972673517643
188,0.6463309118986044,0.7025371448890939,0.7292482049873891,0.6776905235635735,0.7578656446415688,0.7307624126177038
189,0.8089256557347057,0.8582026869056865,0.908981125733804,0.8458655448334252,0.9707050395997764,0.9263434673079124
190,0.7343625806144547,0.7633020597145549,0.8234929140019128,0.7394180115515331,0.8561257023620552,0.8257256541134742
191,0.7250329733195865,0.7542482361366902,0.8179682114892826,0.7265022527640044,0.8452115527750728,0.8158184073698725
192,0.7659013444569029,0.8012912956745972,0.8500782489445269,0.7894067915422373,0.904281279885464,0.8671468720626024
193,0.7659013444569029,0.8012912956745972,0.8500782489445269,0.7894067915422373,0.904281279885464,0.8671468720626024
194,0.8625415834724409,0.930015410341716,0.985760690722514,0.9168606736065018,1.0557594267959745,1.0015074842239022
195,0.6792113035652255,0.6934746262201189,0.7539039142255429,0.6698689996629628,0.7769250034073872,0.7537401632602636
196,0.7544743885762193,0.7893707829187662,0.847226988292562,0.7674751181348792,0.8871124656112043,0.8531958955831135
197,0.7544743885762193,0.7893707829187662,0.847226988292562,0.7674751181348792,0.8871124656112043,0.8531958955831135
198,1.084493757758844,0.9801603270674996,1.2114951354337629,0.9922063001518108,1.3383357317285889,1.0513366573224934
199,1.082914237061676,0.9786700906851769,1.209464323108833,0.9910663630448924,1.33573016119849,1.0498464209401708
200,1.084493757758844,0.9801603270674996,1.2114951354337629,0.9922063001518108,1.3383357317285889,1.0513366573224934
201,1.084493757758844,0.9801603270674996,1.2114951354337629,0.9922063001518108,1.3383357317285889,1.0513366573224934
202,1.084493757758844,0.9801603270674996,1.2114951354337629,0.9922063001518108,1.3383357317285889,1.0513366573224934
203,0.7289683217594374,0.6864409308900984,0.7924833074266179,0.6640319154875579,0.8252075538049374,0.7083736362584004
204,0.6820453205798033,0.6439998937843766,0.7103069699952053,0.6396569414031402,0.7568258039629047,0.6663734468591344
205,0.8877983458176503,0.7980231984843634,0.9704578300882892,0.8010791202150972,1.0472286561769475,0.8663511693828326
206,0.7490206386292835,0.7052868779090584,0.8153083396151222,0.6833691526931092,0.8519908479773676,0.7275245671893246
207,0.9538653716185358,0.8598853615520282,1.0511322282714703,0.8634714861576563,1.1406735818408211,0.928398820587213
208,0.8452140160743259,0.7614229448670384,0.9386367738541652,0.7461102138161432,0.9816354163942044,0.8223706921480302
209,0.834359456107606,0.7518806279889224,0.9329883074441896,0.7316658289100799,0.9675693720422772,0.8111085790004554
210,0.8907885130525348,0.8010133657192479,0.9741604858557648,0.8035125892462247,1.0504074235949976,0.8690140931357574
211,0.8907885130525348,0.8010133657192479,0.9741604858557648,0.8035125892462247,1.0504074235949976,0.8690140931357574
212,1.034026159026159,0.934503538789253,1.1535954749605075,0.9389569005843555,1.2593082225915653,1.0032252895605194
213,0.7689466870275661,0.6896087289185368,0.8510417881280278,0.6731242174702281,0.8800357887841214,0.7497428494468968
214,0.8746325206759806,0.7883764496357487,0.9698368406952684,0.7765870476492037,1.0237282162282162,0.8510505178568198
215,0.8746325206759806,0.7883764496357487,0.9698368406952684,0.7765870476492037,1.0237282162282162,0.8510505178568198
216,1.0730445685464969,0.9804010838482314,1.1298584032521692,0.8476303299097417,1.2119345548256093,1.056539937528682
217,1.0714173662123032,0.9789108474659092,1.1280744465592558,0.8468227554179566,1.2096833515962973,1.055530539686705
218,1.0730445685464969,0.9804010838482314,1.1298584032521692,0.8476303299097417,1.2119345548256093,1.056539937528682
219,1.0730445685464969,0.9804010838482314,1.1298584032521692,0.8476303299097417,1.2119345548256093,1.056539937528682
220,1.0730445685464969,0.9804010838482314,1.1298584032521692,0.8476303299097417,1.2119345548256093,1.056539937528682
221,0.7225787356927819,0.6859279791941093,0.7588304046314883,0.6074077019389521,0.7822519288322671,0.6812737081758821
222,0.6783812018239415,0.6433539114142562,0.6792927345461143,0.575389994713925,0.7163709886142192,0.6239665090836805
223,0.8639757213896041,0.7984919567792087,0.9055530542533109,0.7341107086129209,0.9617056757802396,0.9303529835897896
224,0.7435874613003096,0.7048194916673864,0.7801497098998683,0.620643862756114,0.806250175070028,0.6955460594146595
225,0.9335363247863246,0.8602521422637252,0.9811315998242134,0.7738140999770199,1.043861867896395,0.9748619909227708
226,0.8163582604645659,0.7608702406910449,0.8792259353549676,0.7054588793559381,0.9094576172533164,0.9054574447504948
227,0.8044113161222993,0.7512746847230952,0.874803943963519,0.698067090383098,0.8981529644378076,0.9004272126756646
228,0.8669658886244886,0.8013866035924858,0.9091760381394528,0.7358946930581958,0.9647963206714368,0.9322488576866396
229,0.8669658886244886,0.8013866035924858,0.9091760381394528,0.7358946930581958,0.9647963206714368,0.9322488576866396
230,1.0183679165594055,0.934648218670775,1.0770211072357558,0.8194490158648597,1.1468531716696333,1.0268351418984918
231,0.7365535394091046,0.6889547675327231,0.7972325195601696,0.6553452641508107,0.8182487044317175,0.851168702434867
232,0.8477642979384781,0.7880940743882573,0.9075929169319876,0.7245457896937942,0.9457521984614776,0.925348201356266
233,0.8477642979384781,0.7880940743882573,0.9075929169319876,0.7245457896937942,0.9457521984614776,0.925348201356266
234,0.8331463024670843,0.9056551136436836,0.8343631210779764,0.8465911215143168,1.0232673428434471,0.972184647546166
235,0.8322659673326055,0.9045432357202116,0.8334426614829787,0.8456051294022537,1.0220982708447377,0.9709211410979264
236,0.8331463024670843,0.9056551136436836,0.8343631210779764,0.8465911215143168,1.0232673428434471,0.972184647546166
237,0.8331463024670843,0.9056551136436836,0.8343631210779764,0.8465911215143168,1.0232673428434471,0.972184647546166
238,0.8331463024670843,0.9056551136436836,0.8343631210779764,0.8465911215143168,1.0232673428434471,0.972184647546166
239,0.5960364705646414,0.6392160884189186,0.6105037031387701,0.6158210993661442,0.6927972591082844,0.6833273264869111
240,0.5739958437616851,0.6097883226819051,0.5746080919111182,0.5805698613986657,0.6278703525090019,0.6196380331513233
241,0.6978291322066014,0.7517124736124755,0.7154189199262472,0.716576040610181,0.8738500663855046,0.8170753405165182
242,0.6108845938149812,0.6556993451611736,0.6236097388886078,0.6306168809811207,0.7082628448698175,0.7001484943931429
243,0.7437842821807276,0.8039487790680165,0.7572600149068937,0.7617938415250812,0.9261239593480096,0.871221663556569
244,0.6618260925234876,0.7144208713646053,0.6948533731689176,0.6850542078861448,0.8558910348370595,0.7894969416965861
245,0.6513434963889511,0.7038954668693729,0.6886485424046228,0.6775463901147915,0.8523698573771573,0.785533370904658
246,0.7000247371220008,0.7542204126287899,0.7178423307506321,0.7184724596391262,0.8765846704910762,0.8190965716918015
247,0.7000247371220008,0.7542204126287899,0.7178423307506321,0.7184724596391262,0.8765846704910762,0.8190965716918015
248,0.7979236601605022,0.8660249835634451,0.8062918269421383,0.8143483737175224,0.9893763439949879,0.9359534378746304
249,0.605630850011556,0.6518755851194874,0.6447032450076805,0.6290153367128042,0.7964189641166427,0.7254855841062738
250,0.6837882949553601,0.7385757476307974,0.712304460024164,0.7065418295368509,0.8758601109141103,0.8130406352639589
251,0.6837882949553601,0.7385757476307974,0.712304460024164,0.7065418295368509,0.8758601109141103,0.8130406352639589
252,0.94517657826088,0.9131478733212836,0.8782930371808879,,1.0308083958644727,1.0186825709523921
253,0.9440075062621701,0.912184482184482,0.8773929751076416,,1.0296684587575544,1.0174517756039496
254,0.94517657826088,0.9131478733212836,0.8782930371808879,,1.0308083958644727,1.0186825709523921
255,0.94517657826088,0.9131478733212836,0.8782930371808879,,1.0308083958644727,1.0186825709523921
256,0.94517657826088,0.9131478733212836,0.8782930371808879,,1.0308083958644727,1.0186825709523921
257,0.6571938518997342,0.6208207419138687,0.6297488780424227,,0.6956806201165896,0.712074613155815
258,0.6300233325085104,0.6001353194677542,0.6020965763056488,,0.6468704058162881,0.6810306655887862
259,0.7761596596077632,0.7416895949154013,0.7448349148181387,,0.8822376258155084,0.8226706105257295
260,0.6748674072147924,0.6385286862315099,0.6443305983564458,,0.7113231954426359,0.7309308314937454
261,0.8329758297258296,0.7977725917791281,0.7910668321301236,,0.9338784409539128,0.8888863600830064
262,0.7352691312912203,0.6895700034538358,0.7174296881283219,,0.8593140118374096,0.8005523473390758
263,0.7234545267713584,0.6757358357935089,0.7086652129396468,,0.8524802726295264,0.7904562686274659
264,0.7789648830476207,0.7437930778179963,0.7475563038454153,,0.8852715124131096,0.8276958419044944
265,0.7789648830476207,0.7437930778179963,0.7475563038454153,,0.8852715124131096,0.8276958419044944
266,0.9009346221048348,0.8653158178760362,0.8452498456852172,,0.9955196748006624,0.9704991195867628
267,0.6681642191315472,0.6228615128089118,0.6617903302386786,,0.7992775900319216,0.7274548076903532
268,0.7612993417412981,0.7176490741650124,0.7374524998638381,,0.8799774633123901,0.823827404023625
269,0.7612993417412981,0.7176490741650124,0.7374524998638381,,0.8799774633123901,0.823827404023625
270,1.0069480545766505,0.9044902539230688,0.9360800194637404,,1.1577322538925223,1.244694031224708
271,1.0056150889579702,0.9034808560810916,0.9350212388868876,,1.156362390878824,1.2426632188997782
272,1.0069480545766505,0.9044902539230688,0.9360800194637404,,1.1577322538925223,1.244694031224708
273,1.0069480545766505,0.9044902539230688,0.9360800194637404,,1.1577322538925223,1.244694031224708
274,1.0069480545766505,0.9044902539230688,0.9360800194637404,,1.1577322538925223,1.244694031224708
275,0.6964298477364679,0.6292534761855215,0.6512231514804546,,0.7320534431612529,0.8192548723919573
276,0.6498020080047303,0.6028030090815005,0.6173188762876551,,0.6708535952754957,0.7247204928329714
277,0.8402033634113154,0.7485874240668401,0.7906627167310541,,0.9934027084027084,0.9774291819291818
278,0.7141210396588015,0.6459312242513571,0.6668896686874004,,0.7491253526664656,0.8444846753382341
279,0.8973784739406687,0.8007877492877493,0.8403297040681634,,1.04987792675444,1.0670412898234245
280,0.8061972798727305,0.7050383564116589,0.7572389995930403,,0.9653552722691751,0.945311135560682
281,0.7976997755786791,0.6933291432456042,0.7475422246193163,,0.9582495437199268,0.9430191263979528
282,0.8428946806638028,0.7507542795940795,0.7931648292488824,,0.9962394971453488,0.981056332775422
283,0.8428946806638028,0.7507542795940795,0.7931648292488824,,0.9962394971453488,0.981056332775422
284,0.9656630753952424,0.8629013864303894,0.8992831752350944,,1.118207103354162,1.1815142824256584
285,0.738843453959352,0.6420450599045623,0.6976956392844332,,0.9000794213114357,0.8487528779917987
286,0.8313845431689089,0.7305067646274542,0.7797607057696038,,0.988847246963706,0.9796564426128288
287,0.8313845431689089,0.7305067646274542,0.7797607057696038,,0.988847246963706,0.9796564426128288
288,0.9474170732377866,0.929191833846065,0.9127262489511261,,1.0420313994397563,1.2729688897531897
289,0.9463051953143145,0.9280227618473549,0.911614371027654,,1.0405829926871841,1.2709380774282597
290,0.9474170732377866,0.929191833846065,0.9127262489511261,,1.0420313994397563,1.2729688897531897
291,0.9474170732377866,0.929191833846065,0.9127262489511261,,1.0420313994397563,1.2729688897531897
292,0.9474170732377866,0.929191833846065,0.9127262489511261,,1.0420313994397563,1.2729688897531897
293,0.6580158281983502,0.6535436861792182,0.6460662931839402,,0.7121834713566123,0.8294671169300267
294,0.6301273177292658,0.6195152730702116,0.6131374864265289,,0.6533829492727978,0.7331219911088797
295,0.7825394101048809,0.7727191219675359,0.7638220524082174,,0.8751166937424976,1.0074325677495295
296,0.6753356163859259,0.6702382165736814,0.6624138133371078,,0.7299695089224499,0.8545277540023258
297,0.8380859327008395,0.825978032568991,0.8147872670807453,,0.9327583792889674,1.0966193085691325
298,0.7427902988726109,0.7367685889248737,0.7270279737034503,,0.8436585476444519,0.9770054274412888
299,0.7312194047937774,0.7267742673992673,0.717514093286515,,0.8372901645876386,0.9750793015847868
300,0.7853145617699494,0.7752942109365851,0.7660798964107788,,0.8775573083590019,1.0111258336737854
301,0.7853145617699494,0.7752942109365851,0.7660798964107788,,0.8775573083590019,1.0111258336737854
302,0.9044152734497284,0.8894088170966373,0.8747097062481677,,1.0017997468971658,1.2104809453056324
303,0.6770082375055285,0.6733370552918863,0.6651053779553779,,0.7759567049007874,0.8810425827509952
304,0.7681708435853704,0.7609754142459659,0.7510974293178933,,0.8688607456270501,1.010860078008752
305,0.7681708435853704,0.7609754142459659,0.7510974293178933,,0.8688607456270501,1.010860078008752
306,1.0069480545766505,0.9867179643743509,0.9596884250955688,,1.1200427997896352,1.3518656115986143
307,1.0056150889579702,0.9852695576217788,0.9584890867994564,,1.1184632790924671,1.3493560927339552
308,1.0069480545766505,0.9867179643743509,0.9596884250955688,,1.1200427997896352,1.3518656115986143
309,1.0069480545766505,0.9867179643743509,0.9596884250955688,,1.1200427997896352,1.3518656115986143
310,1.0069480545766505,0.9867179643743509,0.9596884250955688,,1.1200427997896352,1.3518656115986143
311,0.6964298477364679,0.6867723612059079,0.6662349940665246,,0.7388667129516185,0.8490641496557401
312,0.6498020080047303,0.6403402781322183,0.6319618438327989,,0.6769235976474234,0.7960581576164633
313,0.8402033634113154,0.8196255740405717,0.799876119744409,,0.9427047584954434,1.0372457675152027
314,0.7141210396588015,0.7047310220152451,0.6834535769710972,,0.7574837527191423,0.8767661427239841
315,0.8973784739406687,0.8767418553206211,0.8541118245050829,,1.003511567716345,1.13810253096354
316,0.8061972798727305,0.7817485676231807,0.7599328551328249,,0.9088351740391046,0.9865498182552268
317,0.7976997755786791,0.7731667668709609,0.74953510712752,,0.9016927026212826,0.9709386405816084
318,0.8428946806638028,0.8219234339222379,0.8022476917380569,,0.9452889805549248,1.0429010281448678
319,0.8428946806638028,0.8219234339222379,0.8022476917380569,,0.9452889805549248,1.0429010281448678
320,0.9656630753952424,0.944768235120584,0.9183589914366096,,1.0767976704146918,1.2682163003851976
321,0.738843453959352,0.7136697695912263,0.6947250311590617,,0.8379773901508699,0.8799287062781787
322,0.8313845431689089,0.8082285317819972,0.7855560954369976,,0.9354458508968873,1.0258114245334424
323,0.8313845431689089,0.8082285317819972,0.7855560954369976,,0.9354458508968873,1.0258114245334424
324,0.9407720883352808,1.0358141030465573,0.981605333207682,,1.1172934102140404,1.3580883647438349
325,0.9396030163365706,1.0342801984660008,0.9803077940577941,,1.1155641317405758,1.3556696825086387
326,0.9407720883352808,1.0358141030465573,0.981605333207682,,1.1172934102140404,1.3580883647438349
327,0.9407720883352808,1.0358141030465573,0.981605333207682,,1.1172934102140404,1.3580883647438349
328,0.9407720883352808,1.0358141030465573,0.981605333207682,,1.1172934102140404,1.3580883647438349
329,0.6580864868251648,0.7088249827261817,0.6770418859367647,,0.7471786534833358,0.8448795444771577
330,0.6238519422934056,0.6646747857092684,0.6431871427296475,,0.6860664367679304,0.7996706855205136
331,0.7855177202441648,0.8420922453794973,0.8058702496421835,,0.9201678059740912,1.0425043124747742
332,0.6745328512747765,0.728695392103062,0.6953400113484186,,0.767106389573108,0.8729731134550412
333,0.8383686103396822,0.9072519621300108,0.8649550600131994,,0.9870405188832628,1.1433174178762415
334,0.7514213334215981,0.7994439943763547,0.7641479773181898,,0.8854411787511038,0.9815497583843812
335,0.7414482364285179,0.7887349757612139,0.7527058448797579,,0.8773971831552606,0.9641757261620276
336,0.7882331787542259,0.8449868921927745,0.8086310027079476,,0.9232714674786489,1.0476612761611492
337,0.7882331787542259,0.8449868921927745,0.8086310027079476,,0.9232714674786489,1.0476612761611492
338,0.9015081437549792,0.9861099086099084,0.935893646771886,,1.0689138396954383,1.2716708280012068
339,0.6888248801432075,0.7239143723529075,0.6946773642267084,,0.8093480832434321,0.8741291594316225
340,0.7749645946698022,0.8286632767416205,0.7911986371509037,,0.9135826551187466,1.0231549944543366
341,0.7749645946698022,0.8286632767416205,0.7911986371509037,,0.9135826551187466,1.0231549944543366
342,0.9375075111673498,1.0730445685464969,0.8432591178514109,,0.8909314338380482,1.242120084475406
343,0.9364226690305848,1.0714173662123032,0.8423787827169322,,0.8898195559145762,1.2406298480930833
344,0.9375075111673498,1.0730445685464969,0.8432591178514109,,0.8909314338380482,1.242120084475406
345,0.9375075111673498,1.0730445685464969,0.8432591178514109,,0.8909314338380482,1.242120084475406
346,0.9375075111673498,1.0730445685464969,0.8432591178514109,,0.8909314338380482,1.242120084475406
347,0.6505523866272535,0.7225787356927819,0.6048325307495631,,0.6399467152946169,0.7836957572753426
348,0.6206416149171552,0.6783812018239415,0.5864812214669832,,0.6096509081355994,0.7189572956767224
349,0.7825598781279365,0.8639757213896041,0.6987650210094429,,0.7417164472979817,1.0514735867996736
350,0.6670859960145674,0.7435874613003096,0.6203715086698396,,0.6557005058668274,0.8034502447882174
351,0.8349202515425634,0.9335363247863246,0.74790633349632,,0.7929625544565414,1.1171393627058173
352,0.7438394917641008,0.8163582604645659,0.664164239991326,,0.7135631112983029,1.020390634670673
353,0.7328473038990974,0.8044113161222993,0.6532722476409727,,0.7044227221510316,1.0134337315711672
354,0.7850450150125908,0.8669658886244886,0.7014864100367194,,0.7447503338955829,1.05477029329439
355,0.7850450150125908,0.8669658886244886,0.7014864100367194,,0.7447503338955829,1.05477029329439
356,0.8972332478209507,1.0183679165594055,0.8059001670843776,,0.8540471236502217,1.1960931587032309
357,0.6811494391647345,0.7365535394091046,0.6050919085919774,,0.6533125528706462,0.9449086122658352
358,0.7682651963322454,0.8477642979384781,0.6864223446984025,,0.7351292730236262,1.047407048490082
359,0.7682651963322454,0.8477642979384781,0.6864223446984025,,0.7351292730236262,1.047407048490082
360,,,0.9323461920653427,,1.0251855897820463,1.2027155584646614
361,,,0.931013226446663,,1.0234016330891331,1.2007510550098448
362,,,0.9323461920653427,,1.0251855897820463,1.2027155584646614
363,,,0.9323461920653427,,1.0251855897820463,1.2027155584646614
364,,,0.9323461920653427,,1.0251855897820463,1.2027155584646614
365,,,0.6524835758571584,,0.7112628718716096,0.8027945260819068
366,,,0.6198473403818799,,0.6520914912395163,0.7249685765006194
367,,,0.7551308218343918,,0.8204536730699671,0.960072674170868
368,,,0.6708670870539138,,0.7317148284899244,0.8266420516539542
369,,,0.8147631660544142,,0.8897883928027146,1.0422807403785666
370,,,0.7142635450066126,,0.7863567367405246,0.9250157961820058
371,,,0.7030884124894657,,0.7789000513504846,0.9197934957097756
372,,,0.7579336858633122,,0.8236324404880168,0.9636578367353588
373,,,0.7579336858633122,,0.8236324404880168,0.9636578367353588
374,,,0.8865523123915152,,0.975287462432234,1.1443396075053622
375,,,0.6444103922190058,,0.7081873267886004,0.8339169309372797
376,,,0.7412851357621659,,0.8150467805287082,0.9579449555165528
377,,,0.7412851357621659,,0.8150467805287082,0.9579449555165528
378,,,0.8416356358071223,,0.8894464323530467,1.8078053833621783
379,,,0.8407553006726437,,0.8883345544295747,1.8049903959810876
380,,,0.8416356358071223,,0.8894464323530467,1.8078053833621783
381,,,0.8416356358071223,,0.8894464323530467,1.8078053833621783
382,,,0.8416356358071223,,0.8894464323530467,1.8078053833621783
383,,,0.6036484822509366,,0.6388497429383202,0.9994697879550558
384,,,0.5851862201719821,,0.6084552507631761,0.9887490688859358
385,,,0.6976036887290511,,0.74063974287488,1.172500476939974
386,,,0.6191399815762435,,0.6545612422868055,1.041827308246203
387,,,0.74657086341085,,0.7917310273629453,1.3499048558120248
388,,,0.6629568021743736,,0.7124452932790764,1.1381478666782774
389,,,0.6520648098240203,,0.7033049041318052,1.1114040192872694
390,,,0.7003023615380931,,0.7436533615392863,1.1878157238181393
391,,,0.7003023615380931,,0.7436533615392863,1.1878157238181393
392,,,0.8043822557304007,,0.8526546762847323,1.616795752533319
393,,,0.6040727483799921,,0.6523632098160399,0.9725550385175176
394,,,0.6851785017211398,,0.7339790544821033,1.1875171261487052
395,,,0.6851785017211398,,0.7339790544821033,1.1875171261487052
396,,,0.967652615366232,,1.0992060891541575,2.0294277102863245
397,,,0.9663891089179921,,1.097529013049601,2.0230624776260964
398,,,0.967652615366232,,1.0992060891541575,2.0294277102863245
399,,,0.967652615366232,,1.0992060891541575,2.0294277102863245
400,,,0.967652615366232,,1.0992060891541575,2.0294277102863245
401,,,0.6675181958010289,,0.7359411860881114,1.1123728123728125
402,,,0.6342248470727486,,0.6767285030019179,0.9898126695751914
403,,,0.7959091835161446,,0.9080358557131544,1.3533467824804457
404,,,0.6854229274498853,,0.7553295604973949,1.1625054020220245
405,,,0.8535529902196567,,0.9728462927847475,1.5561562968515743
406,,,0.7541516157146688,,0.8733728807993515,1.282277002044456
407,,,0.7426450156245686,,0.8650985057524166,1.2722834849057985
408,,,0.7985568565068236,,0.9110379513089802,1.3624344174344174
409,,,0.7985568565068236,,0.9110379513089802,1.3624344174344174
410,,,0.9228473272701906,,1.0521584564687818,1.8447436655821752
411,,,0.6862207028372977,,0.7993754324578579,1.0905213112524466
412,,,0.7807692062398027,,0.9008618505677328,1.3540475181070322
413,,,0.7807692062398027,,0.9008618505677328,1.3540475181070322
414,,,0.8929489109420935,,1.0570658386680791,2.0415712565591497
415,,,0.8919629188300305,,1.0558023322198389,2.035206023898921
416,,,0.8929489109420935,,1.0570658386680791,2.0415712565591497
417,,,0.8929489109420935,,1.0570658386680791,2.0415712565591497
418,,,0.8929489109420935,,1.0570658386680791,2.0415712565591497
419,,,0.6354136910946608,,0.7076719842346889,1.1230360065466447
420,,,0.6036152056527345,,0.6512159028921913,1.0005691672318155
421,,,0.7546815545565546,,0.8989398210719317,1.3705633255633256
422,,,0.650440170261549,,0.7241692292855609,1.17309231187901
423,,,0.8023052223396735,,0.9536178312877344,1.5725337758294613
424,,,0.7248069086630665,,0.873805261076927,1.3056762611725496
425,,,0.7158706884426848,,0.8673162222948668,1.2967899080565206
426,,,0.7572398776804147,,0.9018274564774762,1.38001114724519
427,,,0.7572398776804147,,0.9018274564774762,1.38001114724519
428,,,0.8585171448109591,,1.0195158749233593,1.8596420608377129
429,,,0.6675800661959239,,0.8106040056855274,1.1144081410668871
430,,,0.7459108087679516,,0.896030405256698,1.3761235505361007
431,,,0.7459108087679516,,0.896030405256698,1.3761235505361007
432,,,1.027584287303438,,1.2676098322062888,3.1462173705207763
433,,,1.0262513216847582,,1.265825875513375,3.136801786105192
434,,,1.027584287303438,,1.2676098322062888,3.1462173705207763
435,,,1.027584287303438,,1.2676098322062888,3.1462173705207763
436,,,1.027584287303438,,1.2676098322062888,3.1462173705207763
437,,,0.6969280203016028,,0.7874533480620859,1.2425479153238301
438,,,0.6581248523436023,,0.7145914912395163,1.2005915527915054
439,,,0.8503689170724871,,1.0628779154942094,1.6389707199637205
440,,,0.7153115314983584,,0.8079053046804007,1.3107538695393506
441,,,0.9100012612925096,,1.132212635226957,1.9838901519936003
442,,,0.8095016402447078,,1.028780979164767,1.479830799693883
443,,,0.7983265077275608,,1.0213242937747269,1.4269080112183898
444,,,0.8531717811014073,,1.0660566829122593,1.657491369861288
445,,,0.8531717811014073,,1.0660566829122593,1.657491369861288
446,,,0.9817904076296106,,1.2177117048564765,2.5791626147604405
447,,,0.7396484874571011,,0.9506115692128431,1.2114595218555362
448,,,0.8365232310002613,,1.0574710229529505,1.585611877167404
449,,,0.8365232310002613,,1.0574710229529505,1.585611877167404
450,,,0.9478926855405432,,1.1352819422098712,3.613925109977741
451,,,0.9466933472444308,,1.1337024215127032,3.60515318015318
452,,,0.9478926855405432,,1.1352819422098712,3.613925109977741
453,,,0.9478926855405432,,1.1352819422098712,3.613925109977741
454,,,0.9478926855405432,,1.1352819422098712,3.613925109977741
455,,,0.6634473495275631,,0.746738334239725,1.2570307185824428
456,,,0.6261053240740742,,0.6782446350317032,1.2306310297683536
457,,,0.7907994438322112,,0.9474098940425972,1.7264452475482712
458,,,0.6800798417697514,,0.7656567314425771,1.3303500212037511
459,,,0.8443813406871307,,1.0115858435626106,2.122933405129233
460,,,0.7571572909010995,,0.919010156687066,1.4941685892875392
461,,,0.7476073096978179,,0.9128385816692268,1.4361121093174114
462,,,0.7935044954060911,,0.9505005389337948,1.742729370016604
463,,,0.7935044954060911,,0.9505005389337948,1.742729370016604
464,,,0.9084536403439776,,1.0905059835042634,2.813053497428497
465,,,0.6938283019207022,,0.8465492504232269,1.2123194318506822
466,,,0.7808808781879697,,0.9448444057238196,1.6194591263205396
467,,,0.7808808781879697,,0.9448444057238196,1.6194591263205396
468,,,,,1.2635818741963722,1.7901378023077197
469,,,,,1.2617979175034586,1.7863499235198408
470,,,,,1.2635818741963722,1.7901378023077197
471,,,,,1.2635818741963722,1.7901378023077197
472,,,,,1.2635818741963722,1.7901378023077197
473,,,,,0.8134514057763781,1.0268664909969258
474,,,,,0.7371384590529702,0.9632375905867164
475,,,,,1.0134676499307171,1.3098438470274862
476,,,,,0.8357919228799155,1.0666087664167023
477,,,,,1.0965462686390253,1.4598080808080809
478,,,,,0.9954471454471454,1.2415065598889126
479,,,,,0.9896845364646562,1.2235742001823722
480,,,,,1.0188267059537808,1.3180833834234955
481,,,,,1.0188267059537808,1.3180833834234955
482,,,,,1.2040336841807429,1.6570846819589082
483,,,,,0.9084011078527208,1.0905168066033044
484,,,,,1.0227471263653671,1.2978381142538502
485,,,,,1.0227471263653671,1.2978381142538502
486,,,,,1.2880825884106282,1.988604873387482
487,,,,,1.2863533099371636,1.9826007326007329
488,,,,,1.2880825884106282,1.988604873387482
489,,,,,1.2880825884106282,1.988604873387482
490,,,,,1.2880825884106282,1.988604873387482
491,,,,,0.8240728603603603,1.1003640979414815
492,,,,,0.7724822327382376,1.0099404761904762
493,,,,,1.0317142247867743,1.3447194033465992
494,,,,,0.8471161887694146,1.1496509422525685
495,,,,,1.116097574488635,1.539489301870376
496,,,,,1.0072883567254387,1.2635555046571996
497,,,,,0.9963032515846676,1.2472493469961825
498,,,,,1.0378931456431146,1.3541239135650631
499,,,,,1.0378931456431146,1.3541239135650631
500,,,,,1.2240861285518532,1.8075401480240192
501,,,,,0.9176095135199002,1.0765256212817056
502,,,,,1.0357582715102136,1.3349271938368126
503,,,,,1.0357582715102136,1.3349271938368126
504,,,,,1.4254773420705913,
505,,,,,1.4233034290271132,
506,,,,,1.4254773420705913,
507,,,,,1.4254773420705913,
508,,,,,1.4254773420705913,
509,,,,,0.8591799282009042,
510,,,,,0.7902815734989647,
511,,,,,1.1470195892655404,
512,,,,,0.8838858958291159,
513,,,,,1.2376067807709157,
514,,,,,1.1140226394376669,
515,,,,,1.1026375231194507,
516,,,,,1.1526709839982814,
517,,,,,1.1526709839982814,
518,,,,,1.355081881533101,
519,,,,,1.0182277851148327,
520,,,,,1.1465746191823605,
521,,,,,1.1465746191823605,
522,,,,,1.3044455413542184,
523,,,,,1.3021128515215286,
524,,,,,1.3044455413542184,
525,,,,,1.3044455413542184,
526,,,,,1.3044455413542184,
527,,,,,0.8430295876390952,
528,,,,,0.7744189232177413,
529,,,,,1.0335395624383932,
530,,,,,0.8687305164031384,
531,,,,,1.1237792696147797,
532,,,,,0.9933048937572196,
533,,,,,0.9839441878308008,
534,,,,,1.038134947296936,
535,,,,,1.038134947296936,
536,,,,,1.2366939003277797,
537,,,,,0.8948915007756472,
538,,,,,1.0289623972518709,
539,,,,,1.0289623972518709,
540,,,,,1.403264943625113,
541,,,,,1.4006593730950143,
542,,,,,1.403264943625113,
543,,,,,1.403264943625113,
544,,,,,1.403264943625113,
545,,,,,0.8756144770660899,
546,,,,,0.8038815551568771,
547,,,,,1.110118492940636,
548,,,,,0.9027292768959436,
549,,,,,1.2066392284581329,
550,,,,,1.0663224189491145,
551,,,,,1.0555770812626972,
552,,,,,1.1150723753945184,
553,,,,,1.1150723753945184,
554,,,,,1.328781851346626,
555,,,,,0.9624015253115336,
556,,,,,1.1042901542901542,
557,,,,,1.1042901542901542,
558,,,,,1.4507902760322116,
559,,,,,1.4478609831029186,
560,,,,,1.4507902760322116,
561,,,,,1.4507902760322116,
562,,,,,1.4507902760322116,
563,,,,,0.8970667842896765,
564,,,,,0.8262189042256987,
565,,,,,1.1047428828720711,
566,,,,,0.9267335864496108,
567,,,,,1.2154369211626774,
568,,,,,1.0614994129467814,
569,,,,,1.048469228627123,
570,,,,,1.1111303842595728,
571,,,,,1.1111303842595728,
572,,,,,1.3610338648890048,
573,,,,,0.9467957174662612,
574,,,,,1.1019470369977376,
575,,,,,1.1019470369977376,
576,,,,,1.1526959382072728,
577,,,,,1.1510188621027158,
578,,,,,1.1526959382072728,
579,,,,,1.1526959382072728,
580,,,,,1.1526959382072728,
581,,,,,0.7666756940675673,
582,,,,,0.7372156740502063,
583,,,,,0.8930381820372334,
584,,,,,0.7899269026431003,
585,,,,,0.9774439891369592,
586,,,,,0.8603777305323487,
587,,,,,0.8459826249281189,
588,,,,,0.8992171028935734,
589,,,,,0.8992171028935734,
590,,,,,1.0854061161164907,
591,,,,,0.7701714067761048,
592,,,,,0.8903334736996725,
593,,,,,0.8903334736996725,
594,,,,,1.3733321042273932,
595,,,,,1.3702813994093834,
596,,,,,1.3733321042273932,
597,,,,,1.3733321042273932,
598,,,,,1.3733321042273932,
599,,,,,0.8645580285254196,
600,,,,,0.7932096084429748,
601,,,,,1.0092399516478698,
602,,,,,0.8951340291733588,
603,,,,,1.1249083104429298,
604,,,,,0.96747801800989,
605,,,,,0.955203792485317,
606,,,,,1.0158672744895163,
607,,,,,1.0158672744895163,
608,,,,,1.2791408306765588,
609,,,,,0.8490058865705609,
610,,,,,1.0088065381046214,
611,,,,,1.0088065381046214,
612,,,,,1.1491940471861215,
613,,,,,1.1475169710815645,
614,,,,,1.1491940471861215,
615,,,,,1.1491940471861215,
616,,,,,1.1491940471861215,
617,,,,,0.7644383573931446,
618,,,,,0.7346824893303765,
619,,,,,0.8908595327997606,
620,,,,,0.7875648467096158,
621,,,,,0.9747990462677252,
622,,,,,0.8580793026570155,
623,,,,,0.8436841970527857,
624,,,,,0.8969797662191507,
625,,,,,0.8969797662191507,
626,,,,,1.082231109766478,
627,,,,,0.7683457897175391,
628,,,,,0.8879386082911086,
629,,,,,0.8879386082911086,
630,,,,,1.417454150344612,
631,,,,,1.4146391629635209,
632,,,,,1.417454150344612,
633,,,,,1.417454150344612,
634,,,,,1.417454150344612,
635,,,,,0.8783427697209995,
636,,,,,0.809681324390037,
637,,,,,1.084627443662135,
638,,,,,0.9069009798012032,
639,,,,,1.1909372070581747,
640,,,,,1.0413039868094849,
641,,,,,1.0279001179419136,
642,,,,,1.09074122785531,
643,,,,,1.09074122785531,
644,,,,,1.3308833775477171,
645,,,,,0.9308325968878606,
646,,,,,1.0804731986243965,
647,,,,,1.0804731986243965,
648,,,,,1.3179169064587724,
649,,,,,1.315952403003956,
650,,,,,1.3179169064587724,
651,,,,,1.3179169064587724,
652,,,,,1.3179169064587724,
653,,,,,0.8343959899085824,
654,,,,,0.7709304930670665,
655,,,,,1.0494927627967163,
656,,,,,0.8583402882628581,
657,,,,,1.1373845586364328,
658,,,,,1.0212265143576935,
659,,,,,1.0107806830298982,
660,,,,,1.0552712005936142,
661,,,,,1.0552712005936142,
662,,,,,1.250930881959464,
663,,,,,0.92818714175485,
664,,,,,1.0518490907689937,
665,,,,,1.0518490907689937,
666,,,,,1.6157563466516354,
667,,,,,1.6127056418336256,
668,,,,,1.6157563466516354,
669,,,,,1.6157563466516354,
670,,,,,1.6157563466516354,
671,,,,,0.940748504715896,
672,,,,,0.8557096084429748,
673,,,,,1.2516641940721125,
674,,,,,0.9713245053638352,
675,,,,,1.367332552867172,
676,,,,,1.2099022604341323,
677,,,,,1.1976280349095594,
678,,,,,1.258291516913759,
679,,,,,1.258291516913759,
680,,,,,1.5215650731008017,
681,,,,,1.0914301289948034,
682,,,,,1.2512307805288636,
683,,,,,1.2512307805288636,
684,,,,,1.4506628853532877,
685,,,,,1.448057314823189,
686,,,,,1.4506628853532877,
687,,,,,1.4506628853532877,
688,,,,,1.4506628853532877,
689,,,,,0.8893808220493614,
690,,,,,0.8085404183428299,
691,,,,,1.1198732601763144,
692,,,,,0.9173738444930976,
693,,,,,1.225790988716265,
694,,,,,1.0873310023310023,
695,,,,,1.0770691530691532,
696,,,,,1.1262707692423628,
697,,,,,1.1262707692423628,
698,,,,,1.3669763114544204,
699,,,,,0.97848825824247,
700,,,,,1.1238316132440822,
701,,,,,1.1238316132440822,
702,,,,,2.1941666666666664,
703,,,,,2.189078947368421,
704,,,,,2.1941666666666664,
705,,,,,2.1941666666666664,
706,,,,,2.1941666666666664,
707,,,,,1.1005308638794973,
708,,,,,1.0209177279943609,
709,,,,,1.3363150035618392,
710,,,,,1.1469495661142626,
711,,,,,1.548226048179056,
712,,,,,1.3202254482192228,
713,,,,,1.297807098765432,
714,,,,,1.3532363175419766,
715,,,,,1.3532363175419766,
716,,,,,1.9139171938200024,
717,,,,,1.1326742850616556,
718,,,,,1.3732730500493655,
719,,,,,1.3732730500493655,
720,,,,,2.549695454774988,
721,,,,,2.5448669499464835,
722,,,,,2.549695454774988,
723,,,,,2.549695454774988,
724,,,,,2.549695454774988,
725,,,,,1.1759129056004056,
726,,,,,1.1510446357864683,
727,,,,,1.4420665634674923,
728,,,,,1.231572683329838,
729,,,,,1.6981166452514598,
730,,,,,1.4109948482316903,
731,,,,,1.375161904001703,
732,,,,,1.4639861901375057,
733,,,,,1.4639861901375057,
734,,,,,2.155630404335648,
735,,,,,1.1893810268340932,
736,,,,,1.4745740225125532,
737,,,,,1.4745740225125532,
738,,,,,2.6817927394243184,
739,,,,,2.674600279106858,
740,,,,,2.6817927394243184,
741,,,,,2.6817927394243184,
742,,,,,2.6817927394243184,
743,,,,,1.184679834054834,
744,,,,,1.1215981313567946,
745,,,,,1.5360380305968542,
746,,,,,1.2400780203066553,
747,,,,,1.7984246725316348,
748,,,,,1.4700611298650514,
749,,,,,1.4310631169501633,
750,,,,,1.5547363053613052,
751,,,,,1.5547363053613052,
752,,,,,2.27012509368738,
753,,,,,1.2467938179166915,
754,,,,,1.5428401371477551,
755,,,,,1.5428401371477551,
756,,,,,2.386440753497085,
757,,,,,2.3782486631016044,
758,,,,,2.386440753497085,
759,,,,,2.386440753497085,
760,,,,,2.386440753497085,
761,,,,,1.196845228173097,
762,,,,,1.13129603533193,
763,,,,,1.5009734156820622,
764,,,,,1.2557063492063492,
765,,,,,1.7502326331170177,
766,,,,,1.3997390109890109,
767,,,,,1.3710956354434616,
768,,,,,1.5147808300758612,
769,,,,,1.5147808300758612,
770,,,,,2.114423122482824,
771,,,,,1.175757518474386,
772,,,,,1.4850743845764194,
773,,,,,1.4850743845764194,
774,,,,,2.6558671923710766,
775,,,,,2.6457344180873594,
776,,,,,2.6558671923710766,
777,,,,,2.6558671923710766,
778,,,,,2.6558671923710766,
779,,,,,1.2503613970409682,
780,,,,,1.1829676120032009,
781,,,,,1.6091088516746412,
782,,,,,1.3141288090993974,
783,,,,,1.8911782539841069,
784,,,,,1.4919078759391782,
785,,,,,1.4576365944844203,
786,,,,,1.6244514157014158,
787,,,,,1.6244514157014158,
788,,,,,2.319719871907868,
789,,,,,1.247856569626547,
790,,,,,1.5863950334774135,
791,,,,,1.5863950334774135,
792,,,,,3.422863667900092,
793,,,,,3.410009057971014,
794,,,,,3.422863667900092,
795,,,,,3.422863667900092,
796,,,,,3.422863667900092,
797,,,,,1.3225663356251591,
798,,,,,1.2603828586492216,
799,,,,,1.6990918358329543,
800,,,,,1.395948886639676,
801,,,,,2.065433537051184,
802,,,,,1.5908411979907484,
803,,,,,1.5415560629846343,
804,,,,,1.7222981366459629,
805,,,,,1.7222981366459629,
806,,,,,2.7536382734912146,
807,,,,,1.298526156423517,
808,,,,,1.6939132193236162,
809,,,,,1.6939132193236162,
810,,,,,2.5933010553483333,
811,,,,,2.5887124477533963,
812,,,,,2.5933010553483333,
813,,,,,2.5933010553483333,
814,,,,,2.5933010553483333,
815,,,,,1.1378121825704952,
816,,,,,1.1398613404842377,
817,,,,,1.3880812395808524,
818,,,,,1.1963703298220698,
819,,,,,1.6637677861598348,
820,,,,,1.3220234915547415,
821,,,,,1.2772624472738892,
822,,,,,1.4100008662508658,
823,,,,,1.4100008662508658,
824,,,,,2.1541825821237586,
825,,,,,1.0896831999327743,
826,,,,,1.3949527158599029,
827,,,,,1.3949527158599029,
828,,,,,3.693687343358396,
829,,,,,3.679677681522647,
830,,,,,3.693687343358396,
831,,,,,3.693687343358396,
832,,,,,3.693687343358396,
833,,,,,1.3018128382013998,
834,,,,,1.232612415646303,
835,,,,,1.6347450521950064,
836,,,,,1.3770108777355408,
837,,,,,2.0211928104575163,
838,,,,,1.5381544449730846,
839,,,,,1.4875167326546002,
840,,,,,1.6597643015323496,
841,,,,,1.6597643015323496,
842,,,,,2.8142488115032034,
843,,,,,1.2343972544445845,
844,,,,,1.6416311533994457,
845,,,,,1.6416311533994457,
846,,,,,2.5691231056384685,
847,,,,,2.5645344980435314,
848,,,,,2.5691231056384685,
849,,,,,2.5691231056384685,
850,,,,,2.5691231056384685,
851,,,,,1.1290371737954863,
852,,,,,1.1285491232896676,
853,,,,,1.3797534581018382,
854,,,,,1.1865855940099366,
855,,,,,1.6513608382690157,
856,,,,,1.3127642322954822,
857,,,,,1.2680031880146296,
858,,,,,1.401225857475857,
859,,,,,1.401225857475857,
860,,,,,2.135314657595457,
861,,,,,1.0837094842816395,
862,,,,,1.3848883036215776,
863,,,,,1.3848883036215776,
864,,,,,3.2916129495276367,
865,,,,,3.27977621483376,
866,,,,,3.2916129495276367,
867,,,,,3.2916129495276367,
868,,,,,3.2916129495276367,
869,,,,,1.2721316988333793,
870,,,,,1.2069424401636786,
871,,,,,1.645691445182724,
872,,,,,1.3406110240455382,
873,,,,,1.9910783918923451,
874,,,,,1.5358258975561931,
875,,,,,1.485988612836439,
876,,,,,1.6672178057269418,
877,,,,,1.6672178057269418,
878,,,,,2.646893980446612,
879,,,,,1.2606024866086785,
880,,,,,1.6336536386181633,
881,,,,,1.6336536386181633,
882,,,,,2.54104627510806,
883,,,,,2.5350421343213103,
884,,,,,2.54104627510806,
885,,,,,2.54104627510806,
886,,,,,2.54104627510806,
887,,,,,1.1616862603627311,
888,,,,,1.1067641091059766,
889,,,,,1.4503204674042156,
890,,,,,1.2153454203318754,
891,,,,,1.7011578377477932,
892,,,,,1.4031929293426402,
893,,,,,1.367359767380386,
894,,,,,1.4696467811630425,
895,,,,,1.4696467811630425,
896,,,,,2.1523090539950998,
897,,,,,1.186722408026756,
898,,,,,1.469477162711205,
899,,,,,1.469477162711205,
900,,,,,3.860354010025063,
901,,,,,3.8463443481893136,
902,,,,,3.860354010025063,
903,,,,,3.860354010025063,
904,,,,,3.860354010025063,
905,,,,,1.3643128382013998,
906,,,,,1.2848999973456494,
907,,,,,1.8014117188616732,
908,,,,,1.4395108777355408,
909,,,,,2.1878594771241833,
910,,,,,1.7048211116397514,
911,,,,,1.654183399321267,
912,,,,,1.8264309681990163,
913,,,,,1.8264309681990163,
914,,,,,2.9809154781698703,
915,,,,,1.4010639211112512,
916,,,,,1.8082978200661124,
917,,,,,1.8082978200661124,
918,,,,,3.4067023958533387,
919,,,,,3.396569621569621,
920,,,,,3.4067023958533387,
921,,,,,3.4067023958533387,
922,,,,,3.4067023958533387,
923,,,,,1.2672370865849123,
924,,,,,1.1874196046135406,
925,,,,,1.605214999884811,
926,,,,,1.3325353535353537,
927,,,,,1.9349605898804985,
928,,,,,1.5507236227824464,
929,,,,,1.5077163956555577,
930,,,,,1.6289529914529917,
931,,,,,1.6289529914529917,
932,,,,,2.631023871153293,
933,,,,,1.2834022984912894,
934,,,,,1.6336495268676312,
935,,,,,1.6336495268676312,
